2026-08-01T15:18:57.251Z CLI info [main]    Server listening on port: 5400
2026-08-01T15:18:57.489Z CLI info    Config : {"userName":"[REDACTED]","accessKey":"[REDACTED]","projectName":"BrowserStack Samples","buildName":"browserstack build","buildIdentifier":"#${BUILD_NUMBER}","framework":"testng","platforms":[{"os":"OS X","osVersion":"Big Sur","browserName":"Chrome","browserVersion":"latest"},{"os":"Windows","osVersion":"10","browserName":"Edge","browserVersion":"latest"},{"deviceName":"Samsung Galaxy S22 Ultra","browserName":"chrome","osVersion":"12.0"}],"parallelsPerPlatform":1,"source":"testng:sample-master:v1.1","browserstackLocal":true,"debug":false,"networkLogs":false,"consoleLogs":"errors","testObservability":true}
2026-08-01T15:18:57.494Z CLI info    Should start debug utility: undefined
2026-08-01T15:18:57.494Z CLI info [testhub:module]   [19122a7d-1e0a-4edf-b880-205e189b9400]  Starting testhub from 24971:0
2026-08-01T15:18:58.159Z CLI info   [19122a7d-1e0a-4edf-b880-205e189b9400]  [PRODUCTION] Making POST request to https://sdk.browserstack.com
2026-08-01T15:18:58.160Z CLI info   [19122a7d-1e0a-4edf-b880-205e189b9400]  [PRODUCTION] Making GET request to https://hub.browserstack.com
2026-08-01T15:18:58.312Z CLI info   [19122a7d-1e0a-4edf-b880-205e189b9400]  [PRODUCTION] Making GET request to https://hub-aps.browserstack.com
2026-08-01T15:18:58.312Z CLI info   [19122a7d-1e0a-4edf-b880-205e189b9400]  [PRODUCTION] Making GET request to https://hub-euw.browserstack.com
2026-08-01T15:18:58.313Z CLI info   [19122a7d-1e0a-4edf-b880-205e189b9400]  [PRODUCTION] Making GET request to https://hub-apse.browserstack.com
2026-08-01T15:18:59.547Z CLI info [testhub:module]   [19122a7d-1e0a-4edf-b880-205e189b9400]  startBuild: response=phexxgzopg9edlkcjl3yrruzdu3rafl8mxrx4hu9
2026-08-01T15:18:59.548Z CLI info  [phexxgzopg9edlkcjl3yrruzdu3rafl8mxrx4hu9]  [19122a7d-1e0a-4edf-b880-205e189b9400]  [PRODUCTION] Making POST request to https://api.browserstack.com
2026-08-01T15:19:18.054Z CLI info [testhub:request-queue-handler]  [phexxgzopg9edlkcjl3yrruzdu3rafl8mxrx4hu9]  [19122a7d-1e0a-4edf-b880-205e189b9400]  Added the event {
  event_type: 'HookRunStarted',
  hook_run: {
    type: 'hook',
    hook_type: 'BEFORE_METHOD',
    framework: 'TestNG',
    uuid: 'f316b671-1a80-4f9c-a94b-cf839e30644d',
    name: 'setUp',
    result: 'pending',
    test_run_id: '6ca0dc19-76c8-46c3-a210-fb65d7b021ad',
    body: { lang: 'java', code: null },
    scope: 'Cross-Platform.com.browserstack.BStackDemoTest',
    custom_metadata: {},
    tags: [],
    scopes: [ 'Cross-Platform', 'com.browserstack.BStackDemoTest' ],
    file_name: 'testng-browserstack-master/src/test/java/com/browserstack/BStackDemoTest.java',
    vc_filepath: '',
    location: 'testng-browserstack-master/src/test/java/com/browserstack/BStackDemoTest.java',
    started_at: '2026-08-01T15:19:18.032Z'
  },
  logs: []
} to 24971:0
2026-08-01T15:19:18.056Z CLI info [testhub:request-queue-handler]  [phexxgzopg9edlkcjl3yrruzdu3rafl8mxrx4hu9]  [19122a7d-1e0a-4edf-b880-205e189b9400]  Added the event {
  event_type: 'HookRunStarted',
  hook_run: {
    type: 'hook',
    hook_type: 'BEFORE_METHOD',
    framework: 'TestNG',
    uuid: '477eedf4-63f2-48e5-95e3-f913550edbbc',
    name: 'setUp',
    result: 'pending',
    test_run_id: '2bb5ad79-72f7-4f38-8e6e-9d6d1d22700b',
    body: { lang: 'java', code: null },
    scope: 'Cross-Platform.com.browserstack.BStackDemoTest',
    custom_metadata: {},
    tags: [],
    scopes: [ 'Cross-Platform', 'com.browserstack.BStackDemoTest' ],
    file_name: 'testng-browserstack-master/src/test/java/com/browserstack/BStackDemoTest.java',
    vc_filepath: '',
    location: 'testng-browserstack-master/src/test/java/com/browserstack/BStackDemoTest.java',
    started_at: '2026-08-01T15:19:18.032Z'
  },
  logs: []
} to 24971:0
2026-08-01T15:19:18.056Z CLI info [testhub:request-queue-handler]  [phexxgzopg9edlkcjl3yrruzdu3rafl8mxrx4hu9]  [19122a7d-1e0a-4edf-b880-205e189b9400]  Added the event {
  event_type: 'HookRunStarted',
  hook_run: {
    type: 'hook',
    hook_type: 'BEFORE_METHOD',
    framework: 'TestNG',
    uuid: '60391923-ad5e-4f22-bd10-beca53c6e89f',
    name: 'setUp',
    result: 'pending',
    test_run_id: 'c4aff8aa-8074-40e4-b600-45e2043aa31a',
    body: { lang: 'java', code: null },
    scope: 'Cross-Platform.com.browserstack.BStackDemoTest',
    custom_metadata: {},
    tags: [],
    scopes: [ 'Cross-Platform', 'com.browserstack.BStackDemoTest' ],
    file_name: 'testng-browserstack-master/src/test/java/com/browserstack/BStackDemoTest.java',
    vc_filepath: '',
    location: 'testng-browserstack-master/src/test/java/com/browserstack/BStackDemoTest.java',
    started_at: '2026-08-01T15:19:18.032Z'
  },
  logs: []
} to 24971:0
2026-08-01T15:19:18.240Z CLI info [testhub:request-queue-handler]  [phexxgzopg9edlkcjl3yrruzdu3rafl8mxrx4hu9]  [19122a7d-1e0a-4edf-b880-205e189b9400]  Added the event {
  event_type: 'LogCreated',
  logs: [
    {
      testFrameworkName: 'TestNG',
      testFrameworkVersion: '7.4.0',
      testFrameworkState: 'LOG',
      timestamp: '2026-08-01T15:19:18.230Z',
      uuid: 'f316b671-1a80-4f9c-a94b-cf839e30644d',
      kind: 'TEST_LOG',
      message: 'SLF4J: Failed to load class "org.slf4j.impl.StaticLoggerBinder".',
      level: 'ERROR',
      test_run_uuid: 'f316b671-1a80-4f9c-a94b-cf839e30644d'
    }
  ]
} to 24971:0
2026-08-01T15:19:18.252Z CLI info [testhub:request-queue-handler]  [phexxgzopg9edlkcjl3yrruzdu3rafl8mxrx4hu9]  [19122a7d-1e0a-4edf-b880-205e189b9400]  Added the event {
  event_type: 'LogCreated',
  logs: [
    {
      testFrameworkName: 'TestNG',
      testFrameworkVersion: '7.4.0',
      testFrameworkState: 'LOG',
      timestamp: '2026-08-01T15:19:18.248Z',
      uuid: 'f316b671-1a80-4f9c-a94b-cf839e30644d',
      kind: 'TEST_LOG',
      message: 'SLF4J: Defaulting to no-operation (NOP) logger implementation',
      level: 'ERROR',
      test_run_uuid: 'f316b671-1a80-4f9c-a94b-cf839e30644d'
    }
  ]
} to 24971:0
2026-08-01T15:19:18.262Z CLI info [testhub:request-queue-handler]  [phexxgzopg9edlkcjl3yrruzdu3rafl8mxrx4hu9]  [19122a7d-1e0a-4edf-b880-205e189b9400]  Added the event {
  event_type: 'LogCreated',
  logs: [
    {
      testFrameworkName: 'TestNG',
      testFrameworkVersion: '7.4.0',
      testFrameworkState: 'LOG',
      timestamp: '2026-08-01T15:19:18.259Z',
      uuid: 'f316b671-1a80-4f9c-a94b-cf839e30644d',
      kind: 'TEST_LOG',
      message: 'SLF4J: See http://www.slf4j.org/codes.html#StaticLoggerBinder for further details.',
      level: 'ERROR',
      test_run_uuid: 'f316b671-1a80-4f9c-a94b-cf839e30644d'
    }
  ]
} to 24971:0
2026-08-01T15:19:18.381Z CLI info [sdk:service]  [phexxgzopg9edlkcjl3yrruzdu3rafl8mxrx4hu9]  [19122a7d-1e0a-4edf-b880-205e189b9400]  Driver initialized as primary driver: platformIndex=1
2026-08-01T15:19:18.385Z CLI info [sdk:service]  [phexxgzopg9edlkcjl3yrruzdu3rafl8mxrx4hu9]  [19122a7d-1e0a-4edf-b880-205e189b9400]  Driver initialized as primary driver: platformIndex=0
2026-08-01T15:19:18.387Z CLI info [sdk:service]  [phexxgzopg9edlkcjl3yrruzdu3rafl8mxrx4hu9]  [19122a7d-1e0a-4edf-b880-205e189b9400]  Driver initialized as primary driver: platformIndex=2
2026-08-01T15:19:19.558Z CLI info [testhub:request-queue-handler]  [phexxgzopg9edlkcjl3yrruzdu3rafl8mxrx4hu9]  [19122a7d-1e0a-4edf-b880-205e189b9400]  Processing batch event [
  {
    event_type: 'HookRunStarted',
    hook_run: {
      type: 'hook',
      hook_type: 'BEFORE_METHOD',
      framework: 'TestNG',
      uuid: 'f316b671-1a80-4f9c-a94b-cf839e30644d',
      name: 'setUp',
      result: 'pending',
      test_run_id: '6ca0dc19-76c8-46c3-a210-fb65d7b021ad',
      body: { lang: 'java', code: null },
      scope: 'Cross-Platform.com.browserstack.BStackDemoTest',
      custom_metadata: {},
      tags: [],
      scopes: [ 'Cross-Platform', 'com.browserstack.BStackDemoTest' ],
      file_name: 'testng-browserstack-master/src/test/java/com/browserstack/BStackDemoTest.java',
      vc_filepath: '',
      location: 'testng-browserstack-master/src/test/java/com/browserstack/BStackDemoTest.java',
      started_at: '2026-08-01T15:19:18.032Z'
    },
    logs: []
  },
  {
    event_type: 'HookRunStarted',
    hook_run: {
      type: 'hook',
      hook_type: 'BEFORE_METHOD',
      framework: 'TestNG',
      uuid: '477eedf4-63f2-48e5-95e3-f913550edbbc',
      name: 'setUp',
      result: 'pending',
      test_run_id: '2bb5ad79-72f7-4f38-8e6e-9d6d1d22700b',
      body: { lang: 'java', code: null },
      scope: 'Cross-Platform.com.browserstack.BStackDemoTest',
      custom_metadata: {},
      tags: [],
      scopes: [ 'Cross-Platform', 'com.browserstack.BStackDemoTest' ],
      file_name: 'testng-browserstack-master/src/test/java/com/browserstack/BStackDemoTest.java',
      vc_filepath: '',
      location: 'testng-browserstack-master/src/test/java/com/browserstack/BStackDemoTest.java',
      started_at: '2026-08-01T15:19:18.032Z'
    },
    logs: []
  },
  {
    event_type: 'HookRunStarted',
    hook_run: {
      type: 'hook',
      hook_type: 'BEFORE_METHOD',
      framework: 'TestNG',
      uuid: '60391923-ad5e-4f22-bd10-beca53c6e89f',
      name: 'setUp',
      result: 'pending',
      test_run_id: 'c4aff8aa-8074-40e4-b600-45e2043aa31a',
      body: { lang: 'java', code: null },
      scope: 'Cross-Platform.com.browserstack.BStackDemoTest',
      custom_metadata: {},
      tags: [],
      scopes: [ 'Cross-Platform', 'com.browserstack.BStackDemoTest' ],
      file_name: 'testng-browserstack-master/src/test/java/com/browserstack/BStackDemoTest.java',
      vc_filepath: '',
      location: 'testng-browserstack-master/src/test/java/com/browserstack/BStackDemoTest.java',
      started_at: '2026-08-01T15:19:18.032Z'
    },
    logs: []
  },
  {
    event_type: 'LogCreated',
    logs: [
      {
        testFrameworkName: 'TestNG',
        testFrameworkVersion: '7.4.0',
        testFrameworkState: 'LOG',
        timestamp: '2026-08-01T15:19:18.230Z',
        uuid: 'f316b671-1a80-4f9c-a94b-cf839e30644d',
        kind: 'TEST_LOG',
        message: 'SLF4J: Failed to load class "org.slf4j.impl.StaticLoggerBinder".',
        level: 'ERROR',
        test_run_uuid: 'f316b671-1a80-4f9c-a94b-cf839e30644d'
      }
    ]
  },
  {
    event_type: 'LogCreated',
    logs: [
      {
        testFrameworkName: 'TestNG',
        testFrameworkVersion: '7.4.0',
        testFrameworkState: 'LOG',
        timestamp: '2026-08-01T15:19:18.248Z',
        uuid: 'f316b671-1a80-4f9c-a94b-cf839e30644d',
        kind: 'TEST_LOG',
        message: 'SLF4J: Defaulting to no-operation (NOP) logger implementation',
        level: 'ERROR',
        test_run_uuid: 'f316b671-1a80-4f9c-a94b-cf839e30644d'
      }
    ]
  },
  {
    event_type: 'LogCreated',
    logs: [
      {
        testFrameworkName: 'TestNG',
        testFrameworkVersion: '7.4.0',
        testFrameworkState: 'LOG',
        timestamp: '2026-08-01T15:19:18.259Z',
        uuid: 'f316b671-1a80-4f9c-a94b-cf839e30644d',
        kind: 'TEST_LOG',
        message: 'SLF4J: See http://www.slf4j.org/codes.html#StaticLoggerBinder for further details.',
        level: 'ERROR',
        test_run_uuid: 'f316b671-1a80-4f9c-a94b-cf839e30644d'
      }
    ]
  }
] to 24971:0
2026-08-01T15:19:19.562Z CLI info  [phexxgzopg9edlkcjl3yrruzdu3rafl8mxrx4hu9]  [19122a7d-1e0a-4edf-b880-205e189b9400]  [PRODUCTION] Making POST request to https://collector-observability.browserstack.com
2026-08-01T15:19:24.876Z CLI info [testhub:request-queue-handler]  [phexxgzopg9edlkcjl3yrruzdu3rafl8mxrx4hu9]  [19122a7d-1e0a-4edf-b880-205e189b9400]  Added the event {
  event_type: 'HookRunFinished',
  hook_run: {
    type: 'hook',
    hook_type: 'BEFORE_METHOD',
    framework: 'TestNG',
    uuid: '60391923-ad5e-4f22-bd10-beca53c6e89f',
    name: 'setUp',
    result: 'passed',
    test_run_id: 'c4aff8aa-8074-40e4-b600-45e2043aa31a',
    body: { lang: 'java', code: null },
    scope: 'Cross-Platform.com.browserstack.BStackDemoTest',
    custom_metadata: {},
    tags: [],
    scopes: [ 'Cross-Platform', 'com.browserstack.BStackDemoTest' ],
    file_name: 'testng-browserstack-master/src/test/java/com/browserstack/BStackDemoTest.java',
    vc_filepath: '',
    location: 'testng-browserstack-master/src/test/java/com/browserstack/BStackDemoTest.java',
    started_at: '2026-08-01T15:19:18.032Z',
    finished_at: '2026-08-01T15:19:24.873Z'
  },
  logs: []
} to 24971:0
2026-08-01T15:19:24.908Z CLI info [testhub:request-queue-handler]  [phexxgzopg9edlkcjl3yrruzdu3rafl8mxrx4hu9]  [19122a7d-1e0a-4edf-b880-205e189b9400]  Added the event {
  event_type: 'CBTSessionCreated',
  test_run: {
    uuid: 'c4aff8aa-8074-40e4-b600-45e2043aa31a',
    integrations: { browserstack: [Object] }
  }
} to 24971:0
2026-08-01T15:19:24.914Z CLI info [testhub:request-queue-handler]  [phexxgzopg9edlkcjl3yrruzdu3rafl8mxrx4hu9]  [19122a7d-1e0a-4edf-b880-205e189b9400]  Added the event {
  event_type: 'TestRunStarted',
  test_run: {
    type: 'test',
    framework: 'TestNG',
    uuid: 'c4aff8aa-8074-40e4-b600-45e2043aa31a',
    name: 'addProductToCart',
    body: {
      lang: 'java',
      code: 'public void com.browserstack.BStackDemoTest.addProductToCart() throws java.lang.Exception'
    },
    identifier: 'addProductToCart',
    scope: 'Cross-Platform.com.browserstack.BStackDemoTest',
    scopes: [ 'Cross-Platform', 'com.browserstack.BStackDemoTest' ],
    file_name: 'src/test/java/com/browserstack/BStackDemoTest.java',
    vc_filepath: '',
    location: 'src/test/java/com/browserstack/BStackDemoTest.java',
    meta: {},
    result: 'pending',
    duration_in_ms: null,
    started_at: '2026-08-01T15:19:24.883Z',
    failure: undefined,
    failure_type: undefined,
    failure_reason: undefined,
    retry_of: null,
    custom_metadata: {},
    tags: [],
    customRerunParam: { rerun_name: 'BStackDemo-0' },
    hooks: [],
    product_map: {
      observability: true,
      accessibility: false,
      percy: false,
      automate: true,
      app_automate: false,
      lts: false
    },
    integrations: { browserstack: [Object] }
  },
  logs: []
} to 24971:0
2026-08-01T15:19:25.562Z CLI info [testhub:request-queue-handler]  [phexxgzopg9edlkcjl3yrruzdu3rafl8mxrx4hu9]  [19122a7d-1e0a-4edf-b880-205e189b9400]  Processing batch event [
  {
    event_type: 'HookRunFinished',
    hook_run: {
      type: 'hook',
      hook_type: 'BEFORE_METHOD',
      framework: 'TestNG',
      uuid: '60391923-ad5e-4f22-bd10-beca53c6e89f',
      name: 'setUp',
      result: 'passed',
      test_run_id: 'c4aff8aa-8074-40e4-b600-45e2043aa31a',
      body: { lang: 'java', code: null },
      scope: 'Cross-Platform.com.browserstack.BStackDemoTest',
      custom_metadata: {},
      tags: [],
      scopes: [ 'Cross-Platform', 'com.browserstack.BStackDemoTest' ],
      file_name: 'testng-browserstack-master/src/test/java/com/browserstack/BStackDemoTest.java',
      vc_filepath: '',
      location: 'testng-browserstack-master/src/test/java/com/browserstack/BStackDemoTest.java',
      started_at: '2026-08-01T15:19:18.032Z',
      finished_at: '2026-08-01T15:19:24.873Z'
    },
    logs: []
  },
  {
    event_type: 'CBTSessionCreated',
    test_run: {
      uuid: 'c4aff8aa-8074-40e4-b600-45e2043aa31a',
      integrations: {
        browserstack: {
          product: 'automate',
          session_id: 'c6513e677463fa1baa723a2923b10f4bc192ef49',
          capabilities: {
            acceptInsecureCerts: false,
            browserName: 'chrome',
            browserVersion: '138.0.7204.50',
            chrome: {
              chromedriverVersion: '138.0.7204.49 (d2b48fd5f7813ed477a2d68fa232b8178fa4fb1e-refs/branch-heads/7204@{#1814})',
              userDataDir: '/var/folders/yj/h3bj394n2tn74bp3vdngj35c0000jy/T/.org.chromium.Chromium.c58nWX'
            },
            'fedcm:accounts': true,
            'goog:chromeOptions': { debuggerAddress: 'localhost:62114' },
            javascriptEnabled: true,
            networkConnectionEnabled: false,
            optimalHubUrl: 'hub-aps.browserstack.com',
            pageLoadStrategy: 'normal',
            platform: 'MAC',
            platformName: 'MAC',
            proxy: {
              proxyType: 'UNSPECIFIED',
              autodetect: false,
              ftpProxy: null,
              httpProxy: null,
              noProxy: null,
              sslProxy: null,
              socksProxy: null,
              socksVersion: null,
              socksUsername: null,
              socksPassword: null,
              proxyAutoconfigUrl: null
            },
            setWindowRect: true,
            strictFileInteractability: false,
            timeouts: { implicit: 0, pageLoad: 300000, script: 30000 },
            unhandledPromptBehavior: 'dismiss and notify',
            'webauthn:extension:credBlob': true,
            'webauthn:extension:largeBlob': true,
            'webauthn:extension:minPinLength': true,
            'webauthn:extension:prf': true,
            'webauthn:virtualAuthenticators': true,
            'webdriver.remote.sessionid': 'c6513e677463fa1baa723a2923b10f4bc192ef49'
          },
          platform: 'OS X',
          platform_version: 'Big Sur',
          browser: 'Chrome',
          browser_version: '138.0.7204.50'
        }
      }
    }
  },
  {
    event_type: 'TestRunStarted',
    test_run: {
      type: 'test',
      framework: 'TestNG',
      uuid: 'c4aff8aa-8074-40e4-b600-45e2043aa31a',
      name: 'addProductToCart',
      body: {
        lang: 'java',
        code: 'public void com.browserstack.BStackDemoTest.addProductToCart() throws java.lang.Exception'
      },
      identifier: 'addProductToCart',
      scope: 'Cross-Platform.com.browserstack.BStackDemoTest',
      scopes: [ 'Cross-Platform', 'com.browserstack.BStackDemoTest' ],
      file_name: 'src/test/java/com/browserstack/BStackDemoTest.java',
      vc_filepath: '',
      location: 'src/test/java/com/browserstack/BStackDemoTest.java',
      meta: {},
      result: 'pending',
      duration_in_ms: null,
      started_at: '2026-08-01T15:19:24.883Z',
      failure: undefined,
      failure_type: undefined,
      failure_reason: undefined,
      retry_of: null,
      custom_metadata: {},
      tags: [],
      customRerunParam: { rerun_name: 'BStackDemo-0' },
      hooks: [],
      product_map: {
        observability: true,
        accessibility: false,
        percy: false,
        automate: true,
        app_automate: false,
        lts: false
      },
      integrations: {
        browserstack: {
          product: 'automate',
          session_id: 'c6513e677463fa1baa723a2923b10f4bc192ef49',
          capabilities: {
            acceptInsecureCerts: false,
            browserName: 'chrome',
            browserVersion: '138.0.7204.50',
            chrome: {
              chromedriverVersion: '138.0.7204.49 (d2b48fd5f7813ed477a2d68fa232b8178fa4fb1e-refs/branch-heads/7204@{#1814})',
              userDataDir: '/var/folders/yj/h3bj394n2tn74bp3vdngj35c0000jy/T/.org.chromium.Chromium.c58nWX'
            },
            'fedcm:accounts': true,
            'goog:chromeOptions': { debuggerAddress: 'localhost:62114' },
            javascriptEnabled: true,
            networkConnectionEnabled: false,
            optimalHubUrl: 'hub-aps.browserstack.com',
            pageLoadStrategy: 'normal',
            platform: 'MAC',
            platformName: 'MAC',
            proxy: {
              proxyType: 'UNSPECIFIED',
              autodetect: false,
              ftpProxy: null,
              httpProxy: null,
              noProxy: null,
              sslProxy: null,
              socksProxy: null,
              socksVersion: null,
              socksUsername: null,
              socksPassword: null,
              proxyAutoconfigUrl: null
            },
            setWindowRect: true,
            strictFileInteractability: false,
            timeouts: { implicit: 0, pageLoad: 300000, script: 30000 },
            unhandledPromptBehavior: 'dismiss and notify',
            'webauthn:extension:credBlob': true,
            'webauthn:extension:largeBlob': true,
            'webauthn:extension:minPinLength': true,
            'webauthn:extension:prf': true,
            'webauthn:virtualAuthenticators': true,
            'webdriver.remote.sessionid': 'c6513e677463fa1baa723a2923b10f4bc192ef49'
          },
          platform: 'OS X',
          platform_version: 'Big Sur',
          browser: 'Chrome',
          browser_version: '138.0.7204.50'
        }
      }
    },
    logs: []
  }
] to 24971:0
2026-08-01T15:19:25.565Z CLI info  [phexxgzopg9edlkcjl3yrruzdu3rafl8mxrx4hu9]  [19122a7d-1e0a-4edf-b880-205e189b9400]  [PRODUCTION] Making POST request to https://collector-observability.browserstack.com
2026-08-01T15:19:26.687Z CLI info [testhub:request-queue-handler]  [phexxgzopg9edlkcjl3yrruzdu3rafl8mxrx4hu9]  [19122a7d-1e0a-4edf-b880-205e189b9400]  Added the event {
  event_type: 'HookRunFinished',
  hook_run: {
    type: 'hook',
    hook_type: 'BEFORE_METHOD',
    framework: 'TestNG',
    uuid: '477eedf4-63f2-48e5-95e3-f913550edbbc',
    name: 'setUp',
    result: 'passed',
    test_run_id: '2bb5ad79-72f7-4f38-8e6e-9d6d1d22700b',
    body: { lang: 'java', code: null },
    scope: 'Cross-Platform.com.browserstack.BStackDemoTest',
    custom_metadata: {},
    tags: [],
    scopes: [ 'Cross-Platform', 'com.browserstack.BStackDemoTest' ],
    file_name: 'testng-browserstack-master/src/test/java/com/browserstack/BStackDemoTest.java',
    vc_filepath: '',
    location: 'testng-browserstack-master/src/test/java/com/browserstack/BStackDemoTest.java',
    started_at: '2026-08-01T15:19:18.032Z',
    finished_at: '2026-08-01T15:19:26.683Z'
  },
  logs: []
} to 24971:0
2026-08-01T15:19:26.700Z CLI info [testhub:request-queue-handler]  [phexxgzopg9edlkcjl3yrruzdu3rafl8mxrx4hu9]  [19122a7d-1e0a-4edf-b880-205e189b9400]  Added the event {
  event_type: 'CBTSessionCreated',
  test_run: {
    uuid: '2bb5ad79-72f7-4f38-8e6e-9d6d1d22700b',
    integrations: { browserstack: [Object] }
  }
} to 24971:0
2026-08-01T15:19:26.706Z CLI info [testhub:request-queue-handler]  [phexxgzopg9edlkcjl3yrruzdu3rafl8mxrx4hu9]  [19122a7d-1e0a-4edf-b880-205e189b9400]  Added the event {
  event_type: 'TestRunStarted',
  test_run: {
    type: 'test',
    framework: 'TestNG',
    uuid: '2bb5ad79-72f7-4f38-8e6e-9d6d1d22700b',
    name: 'addProductToCart',
    body: {
      lang: 'java',
      code: 'public void com.browserstack.BStackDemoTest.addProductToCart() throws java.lang.Exception'
    },
    identifier: 'addProductToCart',
    scope: 'Cross-Platform.com.browserstack.BStackDemoTest',
    scopes: [ 'Cross-Platform', 'com.browserstack.BStackDemoTest' ],
    file_name: 'src/test/java/com/browserstack/BStackDemoTest.java',
    vc_filepath: '',
    location: 'src/test/java/com/browserstack/BStackDemoTest.java',
    meta: {},
    result: 'pending',
    duration_in_ms: null,
    started_at: '2026-08-01T15:19:26.694Z',
    failure: undefined,
    failure_type: undefined,
    failure_reason: undefined,
    retry_of: null,
    custom_metadata: {},
    tags: [],
    customRerunParam: { rerun_name: 'BStackDemo-1' },
    hooks: [],
    product_map: {
      observability: true,
      accessibility: false,
      percy: false,
      automate: true,
      app_automate: false,
      lts: false
    },
    integrations: { browserstack: [Object] }
  },
  logs: []
} to 24971:0
2026-08-01T15:19:27.563Z CLI info [testhub:request-queue-handler]  [phexxgzopg9edlkcjl3yrruzdu3rafl8mxrx4hu9]  [19122a7d-1e0a-4edf-b880-205e189b9400]  Processing batch event [
  {
    event_type: 'HookRunFinished',
    hook_run: {
      type: 'hook',
      hook_type: 'BEFORE_METHOD',
      framework: 'TestNG',
      uuid: '477eedf4-63f2-48e5-95e3-f913550edbbc',
      name: 'setUp',
      result: 'passed',
      test_run_id: '2bb5ad79-72f7-4f38-8e6e-9d6d1d22700b',
      body: { lang: 'java', code: null },
      scope: 'Cross-Platform.com.browserstack.BStackDemoTest',
      custom_metadata: {},
      tags: [],
      scopes: [ 'Cross-Platform', 'com.browserstack.BStackDemoTest' ],
      file_name: 'testng-browserstack-master/src/test/java/com/browserstack/BStackDemoTest.java',
      vc_filepath: '',
      location: 'testng-browserstack-master/src/test/java/com/browserstack/BStackDemoTest.java',
      started_at: '2026-08-01T15:19:18.032Z',
      finished_at: '2026-08-01T15:19:26.683Z'
    },
    logs: []
  },
  {
    event_type: 'CBTSessionCreated',
    test_run: {
      uuid: '2bb5ad79-72f7-4f38-8e6e-9d6d1d22700b',
      integrations: {
        browserstack: {
          product: 'automate',
          session_id: '5f4b0c63fff0b1959c09104387d8e598abed0e26',
          capabilities: {
            acceptInsecureCerts: false,
            browserName: 'MicrosoftEdge',
            browserVersion: '150.0.4078.48',
            'fedcm:accounts': true,
            'goog:processID': 9548,
            javascriptEnabled: true,
            'ms:edgeOptions': { debuggerAddress: 'localhost:2366' },
            msedge: {
              msedgedriverVersion: '150.0.4078.48 (6362dfa84aa4f30c18c60ac12387d02753f37dc6)',
              userDataDir: 'C:\\Windows\\proxy\\scoped_dir2000_1733805389'
            },
            networkConnectionEnabled: false,
            optimalHubUrl: 'hub-aps.browserstack.com',
            pageLoadStrategy: 'normal',
            platform: 'WINDOWS',
            platformName: 'WINDOWS',
            proxy: {
              proxyType: 'UNSPECIFIED',
              autodetect: false,
              ftpProxy: null,
              httpProxy: null,
              noProxy: null,
              sslProxy: null,
              socksProxy: null,
              socksVersion: null,
              socksUsername: null,
              socksPassword: null,
              proxyAutoconfigUrl: null
            },
            setWindowRect: true,
            strictFileInteractability: false,
            timeouts: { implicit: 0, pageLoad: 300000, script: 30000 },
            unhandledPromptBehavior: 'dismiss and notify',
            'webauthn:extension:credBlob': true,
            'webauthn:extension:largeBlob': true,
            'webauthn:extension:minPinLength': true,
            'webauthn:extension:prf': true,
            'webauthn:virtualAuthenticators': true,
            'webdriver.remote.sessionid': '5f4b0c63fff0b1959c09104387d8e598abed0e26'
          },
          platform: 'Windows',
          platform_version: '10',
          browser: 'Edge',
          browser_version: '150.0.4078.48'
        }
      }
    }
  },
  {
    event_type: 'TestRunStarted',
    test_run: {
      type: 'test',
      framework: 'TestNG',
      uuid: '2bb5ad79-72f7-4f38-8e6e-9d6d1d22700b',
      name: 'addProductToCart',
      body: {
        lang: 'java',
        code: 'public void com.browserstack.BStackDemoTest.addProductToCart() throws java.lang.Exception'
      },
      identifier: 'addProductToCart',
      scope: 'Cross-Platform.com.browserstack.BStackDemoTest',
      scopes: [ 'Cross-Platform', 'com.browserstack.BStackDemoTest' ],
      file_name: 'src/test/java/com/browserstack/BStackDemoTest.java',
      vc_filepath: '',
      location: 'src/test/java/com/browserstack/BStackDemoTest.java',
      meta: {},
      result: 'pending',
      duration_in_ms: null,
      started_at: '2026-08-01T15:19:26.694Z',
      failure: undefined,
      failure_type: undefined,
      failure_reason: undefined,
      retry_of: null,
      custom_metadata: {},
      tags: [],
      customRerunParam: { rerun_name: 'BStackDemo-1' },
      hooks: [],
      product_map: {
        observability: true,
        accessibility: false,
        percy: false,
        automate: true,
        app_automate: false,
        lts: false
      },
      integrations: {
        browserstack: {
          product: 'automate',
          session_id: '5f4b0c63fff0b1959c09104387d8e598abed0e26',
          capabilities: {
            acceptInsecureCerts: false,
            browserName: 'MicrosoftEdge',
            browserVersion: '150.0.4078.48',
            'fedcm:accounts': true,
            'goog:processID': 9548,
            javascriptEnabled: true,
            'ms:edgeOptions': { debuggerAddress: 'localhost:2366' },
            msedge: {
              msedgedriverVersion: '150.0.4078.48 (6362dfa84aa4f30c18c60ac12387d02753f37dc6)',
              userDataDir: 'C:\\Windows\\proxy\\scoped_dir2000_1733805389'
            },
            networkConnectionEnabled: false,
            optimalHubUrl: 'hub-aps.browserstack.com',
            pageLoadStrategy: 'normal',
            platform: 'WINDOWS',
            platformName: 'WINDOWS',
            proxy: {
              proxyType: 'UNSPECIFIED',
              autodetect: false,
              ftpProxy: null,
              httpProxy: null,
              noProxy: null,
              sslProxy: null,
              socksProxy: null,
              socksVersion: null,
              socksUsername: null,
              socksPassword: null,
              proxyAutoconfigUrl: null
            },
            setWindowRect: true,
            strictFileInteractability: false,
            timeouts: { implicit: 0, pageLoad: 300000, script: 30000 },
            unhandledPromptBehavior: 'dismiss and notify',
            'webauthn:extension:credBlob': true,
            'webauthn:extension:largeBlob': true,
            'webauthn:extension:minPinLength': true,
            'webauthn:extension:prf': true,
            'webauthn:virtualAuthenticators': true,
            'webdriver.remote.sessionid': '5f4b0c63fff0b1959c09104387d8e598abed0e26'
          },
          platform: 'Windows',
          platform_version: '10',
          browser: 'Edge',
          browser_version: '150.0.4078.48'
        }
      }
    },
    logs: []
  }
] to 24971:0
2026-08-01T15:19:27.565Z CLI info  [phexxgzopg9edlkcjl3yrruzdu3rafl8mxrx4hu9]  [19122a7d-1e0a-4edf-b880-205e189b9400]  [PRODUCTION] Making POST request to https://collector-observability.browserstack.com
2026-08-01T15:19:35.588Z CLI warn [TEST REPORTING AND ANALYTICS:java:testng]  [phexxgzopg9edlkcjl3yrruzdu3rafl8mxrx4hu9]  [19122a7d-1e0a-4edf-b880-205e189b9400]  TestRunFinished: event={"test_hook_last_started":"BEFORE_METHOD","test_failure_type":null,"test_rerun_name":"BStackDemo-0","test_result_at":"2026-08-01T20:49:34.958423","test_scope":"Cross-Platform.com.browserstack.BStackDemoTest","test_framework_name":"TestNG","test_tags":"","cbt_session_created":true,"test_started_at":"2026-08-01T20:49:24.883518","platform_index":0,"test_failure":null,"test_framework_version":"7.4.0","test_logs":[],"test_scopes":["Cross-Platform","com.browserstack.BStackDemoTest"],"test_code":"public void com.browserstack.BStackDemoTest.addProductToCart() throws java.lang.Exception","test_id":"BStackDemo-0@0","test_uuid":"c4aff8aa-8074-40e4-b600-45e2043aa31a","test_ended_at":"2026-08-01T20:49:34.959955","automate_session_name":"BStackDemo-00","hookAttachStartMs":1785597558001,"test_hook_last_finished":"BEFORE_METHOD","test_session_name":"com.browserstack.BStackDemoTest-addProductToCart","custom_metadata":{},"test_failure_reason":null,"test_location":"src/test/java/com/browserstack/BStackDemoTest.java","test_hooks_started":{"BEFORE_METHOD":[]},"test_file_path":"src/test/java/com/browserstack/BStackDemoTest.java","test_result":"passed","test_hooks_finished":{"BEFORE_METHOD":[{"hook_name":"setUp","hook_result":"passed","test_file_path":"testng-browserstack-master/src/test/java/com/browserstack/BStackDemoTest.java","event_started_at":"2026-08-01T20:49:18.032211","hook_id":"60391923-ad5e-4f22-bd10-beca53c6e89f","hook_logs":[],"logs":[],"key":"BEFORE_METHOD","custom_metadata":{},"event_ended_at":"2026-08-01T20:49:24.873102","test_location":"testng-browserstack-master/src/test/java/com/browserstack/BStackDemoTest.java"}]},"hook_id":"60391923-ad5e-4f22-bd10-beca53c6e89f","test_meta":{},"isBrowserstackAutomationSession":true,"test_name":"addProductToCart","logs":[]}
2026-08-01T15:19:35.590Z CLI info [testhub:request-queue-handler]  [phexxgzopg9edlkcjl3yrruzdu3rafl8mxrx4hu9]  [19122a7d-1e0a-4edf-b880-205e189b9400]  Added the event {
  event_type: 'TestRunFinished',
  test_run: {
    type: 'test',
    framework: 'TestNG',
    uuid: 'c4aff8aa-8074-40e4-b600-45e2043aa31a',
    name: 'addProductToCart',
    body: {
      lang: 'java',
      code: 'public void com.browserstack.BStackDemoTest.addProductToCart() throws java.lang.Exception'
    },
    identifier: 'addProductToCart',
    scope: 'Cross-Platform.com.browserstack.BStackDemoTest',
    scopes: [ 'Cross-Platform', 'com.browserstack.BStackDemoTest' ],
    file_name: 'src/test/java/com/browserstack/BStackDemoTest.java',
    vc_filepath: '',
    location: 'src/test/java/com/browserstack/BStackDemoTest.java',
    meta: {},
    result: 'passed',
    duration_in_ms: 10076,
    started_at: '2026-08-01T15:19:24.883Z',
    finished_at: '2026-08-01T15:19:34.959Z',
    failure: null,
    failure_type: null,
    failure_reason: null,
    retry_of: null,
    custom_metadata: {},
    tags: [],
    customRerunParam: { rerun_name: 'BStackDemo-0' },
    hooks: [ '60391923-ad5e-4f22-bd10-beca53c6e89f' ],
    product_map: {
      observability: true,
      accessibility: false,
      percy: false,
      automate: true,
      app_automate: false,
      lts: false
    }
  },
  logs: []
} to 24971:0
2026-08-01T15:19:35.609Z CLI info [testhub:request-queue-handler]  [phexxgzopg9edlkcjl3yrruzdu3rafl8mxrx4hu9]  [19122a7d-1e0a-4edf-b880-205e189b9400]  Added the event {
  event_type: 'CBTSessionCreated',
  test_run: {
    uuid: '0c2501cb-b6bd-4d8a-9ad9-fd905f4b3b14',
    integrations: { browserstack: [Object] }
  }
} to 24971:0
2026-08-01T15:19:35.615Z CLI info [testhub:request-queue-handler]  [phexxgzopg9edlkcjl3yrruzdu3rafl8mxrx4hu9]  [19122a7d-1e0a-4edf-b880-205e189b9400]  Added the event {
  event_type: 'HookRunStarted',
  hook_run: {
    type: 'hook',
    hook_type: 'AFTER_METHOD',
    framework: 'TestNG',
    uuid: '0c2501cb-b6bd-4d8a-9ad9-fd905f4b3b14',
    name: 'tearDown',
    result: 'pending',
    test_run_id: 'c4aff8aa-8074-40e4-b600-45e2043aa31a',
    body: { lang: 'java', code: null },
    scope: 'Cross-Platform.com.browserstack.BStackDemoTest',
    custom_metadata: {},
    tags: [],
    scopes: [ 'Cross-Platform', 'com.browserstack.BStackDemoTest' ],
    file_name: 'testng-browserstack-master/src/test/java/com/browserstack/BStackDemoTest.java',
    vc_filepath: '',
    location: 'testng-browserstack-master/src/test/java/com/browserstack/BStackDemoTest.java',
    started_at: '2026-08-01T15:19:35.602Z'
  },
  logs: []
} to 24971:0
2026-08-01T15:19:37.474Z CLI info [testhub:request-queue-handler]  [phexxgzopg9edlkcjl3yrruzdu3rafl8mxrx4hu9]  [19122a7d-1e0a-4edf-b880-205e189b9400]  Added the event {
  event_type: 'HookRunFinished',
  hook_run: {
    type: 'hook',
    hook_type: 'AFTER_METHOD',
    framework: 'TestNG',
    uuid: '0c2501cb-b6bd-4d8a-9ad9-fd905f4b3b14',
    name: 'tearDown',
    result: 'passed',
    test_run_id: 'c4aff8aa-8074-40e4-b600-45e2043aa31a',
    body: { lang: 'java', code: null },
    scope: 'Cross-Platform.com.browserstack.BStackDemoTest',
    custom_metadata: {},
    tags: [],
    scopes: [ 'Cross-Platform', 'com.browserstack.BStackDemoTest' ],
    file_name: 'testng-browserstack-master/src/test/java/com/browserstack/BStackDemoTest.java',
    vc_filepath: '',
    location: 'testng-browserstack-master/src/test/java/com/browserstack/BStackDemoTest.java',
    started_at: '2026-08-01T15:19:35.602Z',
    finished_at: '2026-08-01T15:19:37.469Z'
  },
  logs: []
} to 24971:0
2026-08-01T15:19:37.568Z CLI info [testhub:request-queue-handler]  [phexxgzopg9edlkcjl3yrruzdu3rafl8mxrx4hu9]  [19122a7d-1e0a-4edf-b880-205e189b9400]  Processing batch event [
  {
    event_type: 'TestRunFinished',
    test_run: {
      type: 'test',
      framework: 'TestNG',
      uuid: 'c4aff8aa-8074-40e4-b600-45e2043aa31a',
      name: 'addProductToCart',
      body: {
        lang: 'java',
        code: 'public void com.browserstack.BStackDemoTest.addProductToCart() throws java.lang.Exception'
      },
      identifier: 'addProductToCart',
      scope: 'Cross-Platform.com.browserstack.BStackDemoTest',
      scopes: [ 'Cross-Platform', 'com.browserstack.BStackDemoTest' ],
      file_name: 'src/test/java/com/browserstack/BStackDemoTest.java',
      vc_filepath: '',
      location: 'src/test/java/com/browserstack/BStackDemoTest.java',
      meta: {},
      result: 'passed',
      duration_in_ms: 10076,
      started_at: '2026-08-01T15:19:24.883Z',
      finished_at: '2026-08-01T15:19:34.959Z',
      failure: null,
      failure_type: null,
      failure_reason: null,
      retry_of: null,
      custom_metadata: {},
      tags: [],
      customRerunParam: { rerun_name: 'BStackDemo-0' },
      hooks: [ '60391923-ad5e-4f22-bd10-beca53c6e89f' ],
      product_map: {
        observability: true,
        accessibility: false,
        percy: false,
        automate: true,
        app_automate: false,
        lts: false
      }
    },
    logs: []
  },
  {
    event_type: 'CBTSessionCreated',
    test_run: {
      uuid: '0c2501cb-b6bd-4d8a-9ad9-fd905f4b3b14',
      integrations: {
        browserstack: {
          product: 'automate',
          session_id: 'c6513e677463fa1baa723a2923b10f4bc192ef49',
          capabilities: {
            acceptInsecureCerts: false,
            browserName: 'chrome',
            browserVersion: '138.0.7204.50',
            chrome: {
              chromedriverVersion: '138.0.7204.49 (d2b48fd5f7813ed477a2d68fa232b8178fa4fb1e-refs/branch-heads/7204@{#1814})',
              userDataDir: '/var/folders/yj/h3bj394n2tn74bp3vdngj35c0000jy/T/.org.chromium.Chromium.c58nWX'
            },
            'fedcm:accounts': true,
            'goog:chromeOptions': { debuggerAddress: 'localhost:62114' },
            javascriptEnabled: true,
            networkConnectionEnabled: false,
            optimalHubUrl: 'hub-aps.browserstack.com',
            pageLoadStrategy: 'normal',
            platform: 'MAC',
            platformName: 'MAC',
            proxy: {
              proxyType: 'UNSPECIFIED',
              autodetect: false,
              ftpProxy: null,
              httpProxy: null,
              noProxy: null,
              sslProxy: null,
              socksProxy: null,
              socksVersion: null,
              socksUsername: null,
              socksPassword: null,
              proxyAutoconfigUrl: null
            },
            setWindowRect: true,
            strictFileInteractability: false,
            timeouts: { implicit: 0, pageLoad: 300000, script: 30000 },
            unhandledPromptBehavior: 'dismiss and notify',
            'webauthn:extension:credBlob': true,
            'webauthn:extension:largeBlob': true,
            'webauthn:extension:minPinLength': true,
            'webauthn:extension:prf': true,
            'webauthn:virtualAuthenticators': true,
            'webdriver.remote.sessionid': 'c6513e677463fa1baa723a2923b10f4bc192ef49'
          },
          platform: 'OS X',
          platform_version: 'Big Sur',
          browser: 'Chrome',
          browser_version: '138.0.7204.50'
        }
      }
    }
  },
  {
    event_type: 'HookRunStarted',
    hook_run: {
      type: 'hook',
      hook_type: 'AFTER_METHOD',
      framework: 'TestNG',
      uuid: '0c2501cb-b6bd-4d8a-9ad9-fd905f4b3b14',
      name: 'tearDown',
      result: 'pending',
      test_run_id: 'c4aff8aa-8074-40e4-b600-45e2043aa31a',
      body: { lang: 'java', code: null },
      scope: 'Cross-Platform.com.browserstack.BStackDemoTest',
      custom_metadata: {},
      tags: [],
      scopes: [ 'Cross-Platform', 'com.browserstack.BStackDemoTest' ],
      file_name: 'testng-browserstack-master/src/test/java/com/browserstack/BStackDemoTest.java',
      vc_filepath: '',
      location: 'testng-browserstack-master/src/test/java/com/browserstack/BStackDemoTest.java',
      started_at: '2026-08-01T15:19:35.602Z'
    },
    logs: []
  },
  {
    event_type: 'HookRunFinished',
    hook_run: {
      type: 'hook',
      hook_type: 'AFTER_METHOD',
      framework: 'TestNG',
      uuid: '0c2501cb-b6bd-4d8a-9ad9-fd905f4b3b14',
      name: 'tearDown',
      result: 'passed',
      test_run_id: 'c4aff8aa-8074-40e4-b600-45e2043aa31a',
      body: { lang: 'java', code: null },
      scope: 'Cross-Platform.com.browserstack.BStackDemoTest',
      custom_metadata: {},
      tags: [],
      scopes: [ 'Cross-Platform', 'com.browserstack.BStackDemoTest' ],
      file_name: 'testng-browserstack-master/src/test/java/com/browserstack/BStackDemoTest.java',
      vc_filepath: '',
      location: 'testng-browserstack-master/src/test/java/com/browserstack/BStackDemoTest.java',
      started_at: '2026-08-01T15:19:35.602Z',
      finished_at: '2026-08-01T15:19:37.469Z'
    },
    logs: []
  }
] to 24971:0
2026-08-01T15:19:37.569Z CLI info  [phexxgzopg9edlkcjl3yrruzdu3rafl8mxrx4hu9]  [19122a7d-1e0a-4edf-b880-205e189b9400]  [PRODUCTION] Making POST request to https://collector-observability.browserstack.com
2026-08-01T15:19:37.574Z CLI warn [TEST REPORTING AND ANALYTICS:java:testng]  [phexxgzopg9edlkcjl3yrruzdu3rafl8mxrx4hu9]  [19122a7d-1e0a-4edf-b880-205e189b9400]  TestRunFinished: event={"test_hook_last_started":"BEFORE_METHOD","test_failure_type":null,"test_rerun_name":"BStackDemo-1","test_result_at":"2026-08-01T20:49:36.948975","test_scope":"Cross-Platform.com.browserstack.BStackDemoTest","test_framework_name":"TestNG","test_tags":"","cbt_session_created":true,"test_started_at":"2026-08-01T20:49:26.694975","platform_index":1,"test_failure":null,"test_framework_version":"7.4.0","test_logs":[],"test_scopes":["Cross-Platform","com.browserstack.BStackDemoTest"],"test_code":"public void com.browserstack.BStackDemoTest.addProductToCart() throws java.lang.Exception","test_id":"BStackDemo-1@1","test_uuid":"2bb5ad79-72f7-4f38-8e6e-9d6d1d22700b","test_ended_at":"2026-08-01T20:49:36.963656","automate_session_name":"BStackDemo-11","hookAttachStartMs":1785597558000,"test_hook_last_finished":"BEFORE_METHOD","test_session_name":"com.browserstack.BStackDemoTest-addProductToCart","custom_metadata":{},"test_failure_reason":null,"test_location":"src/test/java/com/browserstack/BStackDemoTest.java","test_hooks_started":{"BEFORE_METHOD":[]},"test_file_path":"src/test/java/com/browserstack/BStackDemoTest.java","test_result":"passed","test_hooks_finished":{"BEFORE_METHOD":[{"hook_name":"setUp","hook_result":"passed","test_file_path":"testng-browserstack-master/src/test/java/com/browserstack/BStackDemoTest.java","event_started_at":"2026-08-01T20:49:18.032194","hook_id":"477eedf4-63f2-48e5-95e3-f913550edbbc","hook_logs":[],"logs":[],"key":"BEFORE_METHOD","custom_metadata":{},"event_ended_at":"2026-08-01T20:49:26.683451","test_location":"testng-browserstack-master/src/test/java/com/browserstack/BStackDemoTest.java"}]},"hook_id":"477eedf4-63f2-48e5-95e3-f913550edbbc","test_meta":{},"isBrowserstackAutomationSession":true,"test_name":"addProductToCart","logs":[]}
2026-08-01T15:19:37.575Z CLI info [testhub:request-queue-handler]  [phexxgzopg9edlkcjl3yrruzdu3rafl8mxrx4hu9]  [19122a7d-1e0a-4edf-b880-205e189b9400]  Added the event {
  event_type: 'TestRunFinished',
  test_run: {
    type: 'test',
    framework: 'TestNG',
    uuid: '2bb5ad79-72f7-4f38-8e6e-9d6d1d22700b',
    name: 'addProductToCart',
    body: {
      lang: 'java',
      code: 'public void com.browserstack.BStackDemoTest.addProductToCart() throws java.lang.Exception'
    },
    identifier: 'addProductToCart',
    scope: 'Cross-Platform.com.browserstack.BStackDemoTest',
    scopes: [ 'Cross-Platform', 'com.browserstack.BStackDemoTest' ],
    file_name: 'src/test/java/com/browserstack/BStackDemoTest.java',
    vc_filepath: '',
    location: 'src/test/java/com/browserstack/BStackDemoTest.java',
    meta: {},
    result: 'passed',
    duration_in_ms: 10269,
    started_at: '2026-08-01T15:19:26.694Z',
    finished_at: '2026-08-01T15:19:36.963Z',
    failure: null,
    failure_type: null,
    failure_reason: null,
    retry_of: null,
    custom_metadata: {},
    tags: [],
    customRerunParam: { rerun_name: 'BStackDemo-1' },
    hooks: [ '477eedf4-63f2-48e5-95e3-f913550edbbc' ],
    product_map: {
      observability: true,
      accessibility: false,
      percy: false,
      automate: true,
      app_automate: false,
      lts: false
    }
  },
  logs: []
} to 24971:0
2026-08-01T15:19:37.590Z CLI info [testhub:request-queue-handler]  [phexxgzopg9edlkcjl3yrruzdu3rafl8mxrx4hu9]  [19122a7d-1e0a-4edf-b880-205e189b9400]  Added the event {
  event_type: 'CBTSessionCreated',
  test_run: {
    uuid: '2654fec7-bd28-4770-8167-3f9f9fec1375',
    integrations: { browserstack: [Object] }
  }
} to 24971:0
2026-08-01T15:19:37.596Z CLI info [testhub:request-queue-handler]  [phexxgzopg9edlkcjl3yrruzdu3rafl8mxrx4hu9]  [19122a7d-1e0a-4edf-b880-205e189b9400]  Added the event {
  event_type: 'HookRunStarted',
  hook_run: {
    type: 'hook',
    hook_type: 'AFTER_METHOD',
    framework: 'TestNG',
    uuid: '2654fec7-bd28-4770-8167-3f9f9fec1375',
    name: 'tearDown',
    result: 'pending',
    test_run_id: '2bb5ad79-72f7-4f38-8e6e-9d6d1d22700b',
    body: { lang: 'java', code: null },
    scope: 'Cross-Platform.com.browserstack.BStackDemoTest',
    custom_metadata: {},
    tags: [],
    scopes: [ 'Cross-Platform', 'com.browserstack.BStackDemoTest' ],
    file_name: 'testng-browserstack-master/src/test/java/com/browserstack/BStackDemoTest.java',
    vc_filepath: '',
    location: 'testng-browserstack-master/src/test/java/com/browserstack/BStackDemoTest.java',
    started_at: '2026-08-01T15:19:37.584Z'
  },
  logs: []
} to 24971:0
2026-08-01T15:19:39.165Z CLI info [testhub:request-queue-handler]  [phexxgzopg9edlkcjl3yrruzdu3rafl8mxrx4hu9]  [19122a7d-1e0a-4edf-b880-205e189b9400]  Added the event {
  event_type: 'HookRunFinished',
  hook_run: {
    type: 'hook',
    hook_type: 'AFTER_METHOD',
    framework: 'TestNG',
    uuid: '2654fec7-bd28-4770-8167-3f9f9fec1375',
    name: 'tearDown',
    result: 'passed',
    test_run_id: '2bb5ad79-72f7-4f38-8e6e-9d6d1d22700b',
    body: { lang: 'java', code: null },
    scope: 'Cross-Platform.com.browserstack.BStackDemoTest',
    custom_metadata: {},
    tags: [],
    scopes: [ 'Cross-Platform', 'com.browserstack.BStackDemoTest' ],
    file_name: 'testng-browserstack-master/src/test/java/com/browserstack/BStackDemoTest.java',
    vc_filepath: '',
    location: 'testng-browserstack-master/src/test/java/com/browserstack/BStackDemoTest.java',
    started_at: '2026-08-01T15:19:37.584Z',
    finished_at: '2026-08-01T15:19:39.160Z'
  },
  logs: []
} to 24971:0
2026-08-01T15:19:39.436Z CLI info [testhub:request-queue-handler]  [phexxgzopg9edlkcjl3yrruzdu3rafl8mxrx4hu9]  [19122a7d-1e0a-4edf-b880-205e189b9400]  Added the event {
  event_type: 'HookRunFinished',
  hook_run: {
    type: 'hook',
    hook_type: 'BEFORE_METHOD',
    framework: 'TestNG',
    uuid: 'f316b671-1a80-4f9c-a94b-cf839e30644d',
    name: 'setUp',
    result: 'passed',
    test_run_id: '6ca0dc19-76c8-46c3-a210-fb65d7b021ad',
    body: { lang: 'java', code: null },
    scope: 'Cross-Platform.com.browserstack.BStackDemoTest',
    custom_metadata: {},
    tags: [],
    scopes: [ 'Cross-Platform', 'com.browserstack.BStackDemoTest' ],
    file_name: 'testng-browserstack-master/src/test/java/com/browserstack/BStackDemoTest.java',
    vc_filepath: '',
    location: 'testng-browserstack-master/src/test/java/com/browserstack/BStackDemoTest.java',
    started_at: '2026-08-01T15:19:18.032Z',
    finished_at: '2026-08-01T15:19:39.434Z'
  },
  logs: []
} to 24971:0
2026-08-01T15:19:39.444Z CLI info [testhub:request-queue-handler]  [phexxgzopg9edlkcjl3yrruzdu3rafl8mxrx4hu9]  [19122a7d-1e0a-4edf-b880-205e189b9400]  Added the event {
  event_type: 'CBTSessionCreated',
  test_run: {
    uuid: '6ca0dc19-76c8-46c3-a210-fb65d7b021ad',
    integrations: { browserstack: [Object] }
  }
} to 24971:0
2026-08-01T15:19:39.449Z CLI info [testhub:request-queue-handler]  [phexxgzopg9edlkcjl3yrruzdu3rafl8mxrx4hu9]  [19122a7d-1e0a-4edf-b880-205e189b9400]  Added the event {
  event_type: 'TestRunStarted',
  test_run: {
    type: 'test',
    framework: 'TestNG',
    uuid: '6ca0dc19-76c8-46c3-a210-fb65d7b021ad',
    name: 'addProductToCart',
    body: {
      lang: 'java',
      code: 'public void com.browserstack.BStackDemoTest.addProductToCart() throws java.lang.Exception'
    },
    identifier: 'addProductToCart',
    scope: 'Cross-Platform.com.browserstack.BStackDemoTest',
    scopes: [ 'Cross-Platform', 'com.browserstack.BStackDemoTest' ],
    file_name: 'src/test/java/com/browserstack/BStackDemoTest.java',
    vc_filepath: '',
    location: 'src/test/java/com/browserstack/BStackDemoTest.java',
    meta: {},
    result: 'pending',
    duration_in_ms: null,
    started_at: '2026-08-01T15:19:39.440Z',
    failure: undefined,
    failure_type: undefined,
    failure_reason: undefined,
    retry_of: null,
    custom_metadata: {},
    tags: [],
    customRerunParam: { rerun_name: 'BStackDemo-2' },
    hooks: [],
    product_map: {
      observability: true,
      accessibility: false,
      percy: false,
      automate: true,
      app_automate: false,
      lts: false
    },
    integrations: { browserstack: [Object] }
  },
  logs: []
} to 24971:0
2026-08-01T15:19:39.570Z CLI info [testhub:request-queue-handler]  [phexxgzopg9edlkcjl3yrruzdu3rafl8mxrx4hu9]  [19122a7d-1e0a-4edf-b880-205e189b9400]  Processing batch event [
  {
    event_type: 'TestRunFinished',
    test_run: {
      type: 'test',
      framework: 'TestNG',
      uuid: '2bb5ad79-72f7-4f38-8e6e-9d6d1d22700b',
      name: 'addProductToCart',
      body: {
        lang: 'java',
        code: 'public void com.browserstack.BStackDemoTest.addProductToCart() throws java.lang.Exception'
      },
      identifier: 'addProductToCart',
      scope: 'Cross-Platform.com.browserstack.BStackDemoTest',
      scopes: [ 'Cross-Platform', 'com.browserstack.BStackDemoTest' ],
      file_name: 'src/test/java/com/browserstack/BStackDemoTest.java',
      vc_filepath: '',
      location: 'src/test/java/com/browserstack/BStackDemoTest.java',
      meta: {},
      result: 'passed',
      duration_in_ms: 10269,
      started_at: '2026-08-01T15:19:26.694Z',
      finished_at: '2026-08-01T15:19:36.963Z',
      failure: null,
      failure_type: null,
      failure_reason: null,
      retry_of: null,
      custom_metadata: {},
      tags: [],
      customRerunParam: { rerun_name: 'BStackDemo-1' },
      hooks: [ '477eedf4-63f2-48e5-95e3-f913550edbbc' ],
      product_map: {
        observability: true,
        accessibility: false,
        percy: false,
        automate: true,
        app_automate: false,
        lts: false
      }
    },
    logs: []
  },
  {
    event_type: 'CBTSessionCreated',
    test_run: {
      uuid: '2654fec7-bd28-4770-8167-3f9f9fec1375',
      integrations: {
        browserstack: {
          product: 'automate',
          session_id: '5f4b0c63fff0b1959c09104387d8e598abed0e26',
          capabilities: {
            acceptInsecureCerts: false,
            browserName: 'MicrosoftEdge',
            browserVersion: '150.0.4078.48',
            'fedcm:accounts': true,
            'goog:processID': 9548,
            javascriptEnabled: true,
            'ms:edgeOptions': { debuggerAddress: 'localhost:2366' },
            msedge: {
              msedgedriverVersion: '150.0.4078.48 (6362dfa84aa4f30c18c60ac12387d02753f37dc6)',
              userDataDir: 'C:\\Windows\\proxy\\scoped_dir2000_1733805389'
            },
            networkConnectionEnabled: false,
            optimalHubUrl: 'hub-aps.browserstack.com',
            pageLoadStrategy: 'normal',
            platform: 'WINDOWS',
            platformName: 'WINDOWS',
            proxy: {
              proxyType: 'UNSPECIFIED',
              autodetect: false,
              ftpProxy: null,
              httpProxy: null,
              noProxy: null,
              sslProxy: null,
              socksProxy: null,
              socksVersion: null,
              socksUsername: null,
              socksPassword: null,
              proxyAutoconfigUrl: null
            },
            setWindowRect: true,
            strictFileInteractability: false,
            timeouts: { implicit: 0, pageLoad: 300000, script: 30000 },
            unhandledPromptBehavior: 'dismiss and notify',
            'webauthn:extension:credBlob': true,
            'webauthn:extension:largeBlob': true,
            'webauthn:extension:minPinLength': true,
            'webauthn:extension:prf': true,
            'webauthn:virtualAuthenticators': true,
            'webdriver.remote.sessionid': '5f4b0c63fff0b1959c09104387d8e598abed0e26'
          },
          platform: 'Windows',
          platform_version: '10',
          browser: 'Edge',
          browser_version: '150.0.4078.48'
        }
      }
    }
  },
  {
    event_type: 'HookRunStarted',
    hook_run: {
      type: 'hook',
      hook_type: 'AFTER_METHOD',
      framework: 'TestNG',
      uuid: '2654fec7-bd28-4770-8167-3f9f9fec1375',
      name: 'tearDown',
      result: 'pending',
      test_run_id: '2bb5ad79-72f7-4f38-8e6e-9d6d1d22700b',
      body: { lang: 'java', code: null },
      scope: 'Cross-Platform.com.browserstack.BStackDemoTest',
      custom_metadata: {},
      tags: [],
      scopes: [ 'Cross-Platform', 'com.browserstack.BStackDemoTest' ],
      file_name: 'testng-browserstack-master/src/test/java/com/browserstack/BStackDemoTest.java',
      vc_filepath: '',
      location: 'testng-browserstack-master/src/test/java/com/browserstack/BStackDemoTest.java',
      started_at: '2026-08-01T15:19:37.584Z'
    },
    logs: []
  },
  {
    event_type: 'HookRunFinished',
    hook_run: {
      type: 'hook',
      hook_type: 'AFTER_METHOD',
      framework: 'TestNG',
      uuid: '2654fec7-bd28-4770-8167-3f9f9fec1375',
      name: 'tearDown',
      result: 'passed',
      test_run_id: '2bb5ad79-72f7-4f38-8e6e-9d6d1d22700b',
      body: { lang: 'java', code: null },
      scope: 'Cross-Platform.com.browserstack.BStackDemoTest',
      custom_metadata: {},
      tags: [],
      scopes: [ 'Cross-Platform', 'com.browserstack.BStackDemoTest' ],
      file_name: 'testng-browserstack-master/src/test/java/com/browserstack/BStackDemoTest.java',
      vc_filepath: '',
      location: 'testng-browserstack-master/src/test/java/com/browserstack/BStackDemoTest.java',
      started_at: '2026-08-01T15:19:37.584Z',
      finished_at: '2026-08-01T15:19:39.160Z'
    },
    logs: []
  },
  {
    event_type: 'HookRunFinished',
    hook_run: {
      type: 'hook',
      hook_type: 'BEFORE_METHOD',
      framework: 'TestNG',
      uuid: 'f316b671-1a80-4f9c-a94b-cf839e30644d',
      name: 'setUp',
      result: 'passed',
      test_run_id: '6ca0dc19-76c8-46c3-a210-fb65d7b021ad',
      body: { lang: 'java', code: null },
      scope: 'Cross-Platform.com.browserstack.BStackDemoTest',
      custom_metadata: {},
      tags: [],
      scopes: [ 'Cross-Platform', 'com.browserstack.BStackDemoTest' ],
      file_name: 'testng-browserstack-master/src/test/java/com/browserstack/BStackDemoTest.java',
      vc_filepath: '',
      location: 'testng-browserstack-master/src/test/java/com/browserstack/BStackDemoTest.java',
      started_at: '2026-08-01T15:19:18.032Z',
      finished_at: '2026-08-01T15:19:39.434Z'
    },
    logs: []
  },
  {
    event_type: 'CBTSessionCreated',
    test_run: {
      uuid: '6ca0dc19-76c8-46c3-a210-fb65d7b021ad',
      integrations: {
        browserstack: {
          product: 'automate',
          session_id: '4ad23dfbd9f857f3db3f7289e405f91ca6ecd992',
          capabilities: {
            appActivity: 'com.google.android.apps.chrome.Main',
            appPackage: 'com.android.chrome',
            browserName: 'chrome',
            chromedriverPort: 18083,
            databaseEnabled: false,
            desired: {
              'goog:chromeOptions': {
                args: [
                  'start-maximized',
                  '--proxy-bypass-list=<-loopback>',
                  'test-type',
                  '--proxy-server=http://31.6.63.65:26083',
                  '--disable-features=Translate'
                ]
              },
              platformName: 'Android',
              browserName: 'chrome',
              newCommandTimeout: 0,
              deviceName: 'android',
              systemPort: 8203,
              udid: 'R5CT3130PRE',
              chromedriverPort: 18083,
              skipServerInstallation: true
            },
            deviceApiLevel: 31,
            deviceManufacturer: 'samsung',
            deviceModel: 'SM-S908E',
            deviceName: 'R5CT3130PRE',
            deviceScreenDensity: 450,
            deviceScreenSize: '1080x2316',
            deviceUDID: 'R5CT3130PRE',
            'goog:chromeOptions': {
              args: [
                'start-maximized',
                '--proxy-bypass-list=<-loopback>',
                'test-type',
                '--proxy-server=http://31.6.63.65:26083',
                '--disable-features=Translate'
              ]
            },
            javascriptEnabled: true,
            locationContextEnabled: false,
            networkConnectionEnabled: true,
            newCommandTimeout: 0,
            optimalHubUrl: 'hub-aps.browserstack.com',
            pixelRatio: 2.8125,
            platform: 'LINUX',
            platformName: 'LINUX',
            platformVersion: '12',
            skipServerInstallation: true,
            statBarHeight: 75,
            systemPort: 8203,
            takesScreenshot: true,
            udid: 'R5CT3130PRE',
            viewportRect: { left: 0, top: 75, width: 1080, height: 2031 },
            warnings: {},
            webStorageEnabled: false
          },
          platform: 'LINUX',
          platform_version: '12',
          browser: 'chrome',
          browser_version: undefined,
          device_name: 'R5CT3130PRE'
        }
      }
    }
  },
  {
    event_type: 'TestRunStarted',
    test_run: {
      type: 'test',
      framework: 'TestNG',
      uuid: '6ca0dc19-76c8-46c3-a210-fb65d7b021ad',
      name: 'addProductToCart',
      body: {
        lang: 'java',
        code: 'public void com.browserstack.BStackDemoTest.addProductToCart() throws java.lang.Exception'
      },
      identifier: 'addProductToCart',
      scope: 'Cross-Platform.com.browserstack.BStackDemoTest',
      scopes: [ 'Cross-Platform', 'com.browserstack.BStackDemoTest' ],
      file_name: 'src/test/java/com/browserstack/BStackDemoTest.java',
      vc_filepath: '',
      location: 'src/test/java/com/browserstack/BStackDemoTest.java',
      meta: {},
      result: 'pending',
      duration_in_ms: null,
      started_at: '2026-08-01T15:19:39.440Z',
      failure: undefined,
      failure_type: undefined,
      failure_reason: undefined,
      retry_of: null,
      custom_metadata: {},
      tags: [],
      customRerunParam: { rerun_name: 'BStackDemo-2' },
      hooks: [],
      product_map: {
        observability: true,
        accessibility: false,
        percy: false,
        automate: true,
        app_automate: false,
        lts: false
      },
      integrations: {
        browserstack: {
          product: 'automate',
          session_id: '4ad23dfbd9f857f3db3f7289e405f91ca6ecd992',
          capabilities: {
            appActivity: 'com.google.android.apps.chrome.Main',
            appPackage: 'com.android.chrome',
            browserName: 'chrome',
            chromedriverPort: 18083,
            databaseEnabled: false,
            desired: {
              'goog:chromeOptions': {
                args: [
                  'start-maximized',
                  '--proxy-bypass-list=<-loopback>',
                  'test-type',
                  '--proxy-server=http://31.6.63.65:26083',
                  '--disable-features=Translate'
                ]
              },
              platformName: 'Android',
              browserName: 'chrome',
              newCommandTimeout: 0,
              deviceName: 'android',
              systemPort: 8203,
              udid: 'R5CT3130PRE',
              chromedriverPort: 18083,
              skipServerInstallation: true
            },
            deviceApiLevel: 31,
            deviceManufacturer: 'samsung',
            deviceModel: 'SM-S908E',
            deviceName: 'R5CT3130PRE',
            deviceScreenDensity: 450,
            deviceScreenSize: '1080x2316',
            deviceUDID: 'R5CT3130PRE',
            'goog:chromeOptions': {
              args: [
                'start-maximized',
                '--proxy-bypass-list=<-loopback>',
                'test-type',
                '--proxy-server=http://31.6.63.65:26083',
                '--disable-features=Translate'
              ]
            },
            javascriptEnabled: true,
            locationContextEnabled: false,
            networkConnectionEnabled: true,
            newCommandTimeout: 0,
            optimalHubUrl: 'hub-aps.browserstack.com',
            pixelRatio: 2.8125,
            platform: 'LINUX',
            platformName: 'LINUX',
            platformVersion: '12',
            skipServerInstallation: true,
            statBarHeight: 75,
            systemPort: 8203,
            takesScreenshot: true,
            udid: 'R5CT3130PRE',
            viewportRect: { left: 0, top: 75, width: 1080, height: 2031 },
            warnings: {},
            webStorageEnabled: false
          },
          platform: 'LINUX',
          platform_version: '12',
          browser: 'chrome',
          browser_version: undefined,
          device_name: 'R5CT3130PRE'
        }
      }
    },
    logs: []
  }
] to 24971:0
2026-08-01T15:19:39.570Z CLI info  [phexxgzopg9edlkcjl3yrruzdu3rafl8mxrx4hu9]  [19122a7d-1e0a-4edf-b880-205e189b9400]  [PRODUCTION] Making POST request to https://collector-observability.browserstack.com
2026-08-01T15:19:50.104Z CLI warn [TEST REPORTING AND ANALYTICS:java:testng]  [phexxgzopg9edlkcjl3yrruzdu3rafl8mxrx4hu9]  [19122a7d-1e0a-4edf-b880-205e189b9400]  TestRunFinished: event={"test_hook_last_started":"BEFORE_METHOD","test_failure_type":null,"test_rerun_name":"BStackDemo-2","test_result_at":"2026-08-01T20:49:49.501042","test_scope":"Cross-Platform.com.browserstack.BStackDemoTest","test_framework_name":"TestNG","test_tags":"","cbt_session_created":true,"test_started_at":"2026-08-01T20:49:39.440529","platform_index":2,"test_failure":null,"test_framework_version":"7.4.0","test_logs":[],"test_scopes":["Cross-Platform","com.browserstack.BStackDemoTest"],"test_code":"public void com.browserstack.BStackDemoTest.addProductToCart() throws java.lang.Exception","test_id":"BStackDemo-2@2","test_uuid":"6ca0dc19-76c8-46c3-a210-fb65d7b021ad","test_ended_at":"2026-08-01T20:49:49.501384","automate_session_name":"BStackDemo-22","hookAttachStartMs":1785597558001,"test_hook_last_finished":"BEFORE_METHOD","test_session_name":"com.browserstack.BStackDemoTest-addProductToCart","custom_metadata":{},"test_failure_reason":null,"test_location":"src/test/java/com/browserstack/BStackDemoTest.java","test_hooks_started":{"BEFORE_METHOD":[]},"test_file_path":"src/test/java/com/browserstack/BStackDemoTest.java","test_result":"passed","test_hooks_finished":{"BEFORE_METHOD":[{"hook_name":"setUp","hook_result":"passed","test_file_path":"testng-browserstack-master/src/test/java/com/browserstack/BStackDemoTest.java","event_started_at":"2026-08-01T20:49:18.032187","hook_id":"f316b671-1a80-4f9c-a94b-cf839e30644d","hook_logs":[],"logs":[],"key":"BEFORE_METHOD","custom_metadata":{},"event_ended_at":"2026-08-01T20:49:39.434028","test_location":"testng-browserstack-master/src/test/java/com/browserstack/BStackDemoTest.java"}]},"hook_id":"f316b671-1a80-4f9c-a94b-cf839e30644d","test_meta":{},"isBrowserstackAutomationSession":true,"test_name":"addProductToCart","logs":[]}
2026-08-01T15:19:50.105Z CLI info [testhub:request-queue-handler]  [phexxgzopg9edlkcjl3yrruzdu3rafl8mxrx4hu9]  [19122a7d-1e0a-4edf-b880-205e189b9400]  Added the event {
  event_type: 'TestRunFinished',
  test_run: {
    type: 'test',
    framework: 'TestNG',
    uuid: '6ca0dc19-76c8-46c3-a210-fb65d7b021ad',
    name: 'addProductToCart',
    body: {
      lang: 'java',
      code: 'public void com.browserstack.BStackDemoTest.addProductToCart() throws java.lang.Exception'
    },
    identifier: 'addProductToCart',
    scope: 'Cross-Platform.com.browserstack.BStackDemoTest',
    scopes: [ 'Cross-Platform', 'com.browserstack.BStackDemoTest' ],
    file_name: 'src/test/java/com/browserstack/BStackDemoTest.java',
    vc_filepath: '',
    location: 'src/test/java/com/browserstack/BStackDemoTest.java',
    meta: {},
    result: 'passed',
    duration_in_ms: 10061,
    started_at: '2026-08-01T15:19:39.440Z',
    finished_at: '2026-08-01T15:19:49.501Z',
    failure: null,
    failure_type: null,
    failure_reason: null,
    retry_of: null,
    custom_metadata: {},
    tags: [],
    customRerunParam: { rerun_name: 'BStackDemo-2' },
    hooks: [ 'f316b671-1a80-4f9c-a94b-cf839e30644d' ],
    product_map: {
      observability: true,
      accessibility: false,
      percy: false,
      automate: true,
      app_automate: false,
      lts: false
    }
  },
  logs: []
} to 24971:0
2026-08-01T15:19:50.122Z CLI info [testhub:request-queue-handler]  [phexxgzopg9edlkcjl3yrruzdu3rafl8mxrx4hu9]  [19122a7d-1e0a-4edf-b880-205e189b9400]  Added the event {
  event_type: 'CBTSessionCreated',
  test_run: {
    uuid: 'ba862be6-3361-4c91-bf95-ca9fa27e6fd1',
    integrations: { browserstack: [Object] }
  }
} to 24971:0
2026-08-01T15:19:50.130Z CLI info [testhub:request-queue-handler]  [phexxgzopg9edlkcjl3yrruzdu3rafl8mxrx4hu9]  [19122a7d-1e0a-4edf-b880-205e189b9400]  Added the event {
  event_type: 'HookRunStarted',
  hook_run: {
    type: 'hook',
    hook_type: 'AFTER_METHOD',
    framework: 'TestNG',
    uuid: 'ba862be6-3361-4c91-bf95-ca9fa27e6fd1',
    name: 'tearDown',
    result: 'pending',
    test_run_id: '6ca0dc19-76c8-46c3-a210-fb65d7b021ad',
    body: { lang: 'java', code: null },
    scope: 'Cross-Platform.com.browserstack.BStackDemoTest',
    custom_metadata: {},
    tags: [],
    scopes: [ 'Cross-Platform', 'com.browserstack.BStackDemoTest' ],
    file_name: 'testng-browserstack-master/src/test/java/com/browserstack/BStackDemoTest.java',
    vc_filepath: '',
    location: 'testng-browserstack-master/src/test/java/com/browserstack/BStackDemoTest.java',
    started_at: '2026-08-01T15:19:50.115Z'
  },
  logs: []
} to 24971:0
2026-08-01T15:19:51.574Z CLI info [testhub:request-queue-handler]  [phexxgzopg9edlkcjl3yrruzdu3rafl8mxrx4hu9]  [19122a7d-1e0a-4edf-b880-205e189b9400]  Processing batch event [
  {
    event_type: 'TestRunFinished',
    test_run: {
      type: 'test',
      framework: 'TestNG',
      uuid: '6ca0dc19-76c8-46c3-a210-fb65d7b021ad',
      name: 'addProductToCart',
      body: {
        lang: 'java',
        code: 'public void com.browserstack.BStackDemoTest.addProductToCart() throws java.lang.Exception'
      },
      identifier: 'addProductToCart',
      scope: 'Cross-Platform.com.browserstack.BStackDemoTest',
      scopes: [ 'Cross-Platform', 'com.browserstack.BStackDemoTest' ],
      file_name: 'src/test/java/com/browserstack/BStackDemoTest.java',
      vc_filepath: '',
      location: 'src/test/java/com/browserstack/BStackDemoTest.java',
      meta: {},
      result: 'passed',
      duration_in_ms: 10061,
      started_at: '2026-08-01T15:19:39.440Z',
      finished_at: '2026-08-01T15:19:49.501Z',
      failure: null,
      failure_type: null,
      failure_reason: null,
      retry_of: null,
      custom_metadata: {},
      tags: [],
      customRerunParam: { rerun_name: 'BStackDemo-2' },
      hooks: [ 'f316b671-1a80-4f9c-a94b-cf839e30644d' ],
      product_map: {
        observability: true,
        accessibility: false,
        percy: false,
        automate: true,
        app_automate: false,
        lts: false
      }
    },
    logs: []
  },
  {
    event_type: 'CBTSessionCreated',
    test_run: {
      uuid: 'ba862be6-3361-4c91-bf95-ca9fa27e6fd1',
      integrations: {
        browserstack: {
          product: 'automate',
          session_id: '4ad23dfbd9f857f3db3f7289e405f91ca6ecd992',
          capabilities: {
            appActivity: 'com.google.android.apps.chrome.Main',
            appPackage: 'com.android.chrome',
            browserName: 'chrome',
            chromedriverPort: 18083,
            databaseEnabled: false,
            desired: {
              'goog:chromeOptions': {
                args: [
                  'start-maximized',
                  '--proxy-bypass-list=<-loopback>',
                  'test-type',
                  '--proxy-server=http://31.6.63.65:26083',
                  '--disable-features=Translate'
                ]
              },
              platformName: 'Android',
              browserName: 'chrome',
              newCommandTimeout: 0,
              deviceName: 'android',
              systemPort: 8203,
              udid: 'R5CT3130PRE',
              chromedriverPort: 18083,
              skipServerInstallation: true
            },
            deviceApiLevel: 31,
            deviceManufacturer: 'samsung',
            deviceModel: 'SM-S908E',
            deviceName: 'R5CT3130PRE',
            deviceScreenDensity: 450,
            deviceScreenSize: '1080x2316',
            deviceUDID: 'R5CT3130PRE',
            'goog:chromeOptions': {
              args: [
                'start-maximized',
                '--proxy-bypass-list=<-loopback>',
                'test-type',
                '--proxy-server=http://31.6.63.65:26083',
                '--disable-features=Translate'
              ]
            },
            javascriptEnabled: true,
            locationContextEnabled: false,
            networkConnectionEnabled: true,
            newCommandTimeout: 0,
            optimalHubUrl: 'hub-aps.browserstack.com',
            pixelRatio: 2.8125,
            platform: 'LINUX',
            platformName: 'LINUX',
            platformVersion: '12',
            skipServerInstallation: true,
            statBarHeight: 75,
            systemPort: 8203,
            takesScreenshot: true,
            udid: 'R5CT3130PRE',
            viewportRect: { left: 0, top: 75, width: 1080, height: 2031 },
            warnings: {},
            webStorageEnabled: false
          },
          platform: 'LINUX',
          platform_version: '12',
          browser: 'chrome',
          browser_version: undefined,
          device_name: 'R5CT3130PRE'
        }
      }
    }
  },
  {
    event_type: 'HookRunStarted',
    hook_run: {
      type: 'hook',
      hook_type: 'AFTER_METHOD',
      framework: 'TestNG',
      uuid: 'ba862be6-3361-4c91-bf95-ca9fa27e6fd1',
      name: 'tearDown',
      result: 'pending',
      test_run_id: '6ca0dc19-76c8-46c3-a210-fb65d7b021ad',
      body: { lang: 'java', code: null },
      scope: 'Cross-Platform.com.browserstack.BStackDemoTest',
      custom_metadata: {},
      tags: [],
      scopes: [ 'Cross-Platform', 'com.browserstack.BStackDemoTest' ],
      file_name: 'testng-browserstack-master/src/test/java/com/browserstack/BStackDemoTest.java',
      vc_filepath: '',
      location: 'testng-browserstack-master/src/test/java/com/browserstack/BStackDemoTest.java',
      started_at: '2026-08-01T15:19:50.115Z'
    },
    logs: []
  }
] to 24971:0
2026-08-01T15:19:51.575Z CLI info  [phexxgzopg9edlkcjl3yrruzdu3rafl8mxrx4hu9]  [19122a7d-1e0a-4edf-b880-205e189b9400]  [PRODUCTION] Making POST request to https://collector-observability.browserstack.com
2026-08-01T15:19:51.650Z CLI info [testhub:request-queue-handler]  [phexxgzopg9edlkcjl3yrruzdu3rafl8mxrx4hu9]  [19122a7d-1e0a-4edf-b880-205e189b9400]  Added the event {
  event_type: 'HookRunFinished',
  hook_run: {
    type: 'hook',
    hook_type: 'AFTER_METHOD',
    framework: 'TestNG',
    uuid: 'ba862be6-3361-4c91-bf95-ca9fa27e6fd1',
    name: 'tearDown',
    result: 'passed',
    test_run_id: '6ca0dc19-76c8-46c3-a210-fb65d7b021ad',
    body: { lang: 'java', code: null },
    scope: 'Cross-Platform.com.browserstack.BStackDemoTest',
    custom_metadata: {},
    tags: [],
    scopes: [ 'Cross-Platform', 'com.browserstack.BStackDemoTest' ],
    file_name: 'testng-browserstack-master/src/test/java/com/browserstack/BStackDemoTest.java',
    vc_filepath: '',
    location: 'testng-browserstack-master/src/test/java/com/browserstack/BStackDemoTest.java',
    started_at: '2026-08-01T15:19:50.115Z',
    finished_at: '2026-08-01T15:19:51.646Z'
  },
  logs: []
} to 24971:0
2026-08-01T15:19:52.152Z CLI info  [phexxgzopg9edlkcjl3yrruzdu3rafl8mxrx4hu9]  [19122a7d-1e0a-4edf-b880-205e189b9400]  [PRODUCTION] Making GET request to https://api.browserstack.com
2026-08-01T15:19:52.156Z CLI info  [phexxgzopg9edlkcjl3yrruzdu3rafl8mxrx4hu9]  [19122a7d-1e0a-4edf-b880-205e189b9400]  [PRODUCTION] Making POST request to https://collector-observability.browserstack.com
2026-08-01T15:19:53.254Z CLI info  [phexxgzopg9edlkcjl3yrruzdu3rafl8mxrx4hu9]  [19122a7d-1e0a-4edf-b880-205e189b9400]  [PRODUCTION] Making PUT request to https://collector-observability.browserstack.com
2026-08-01T15:19:54.006Z CLI info [testhub:module]  [phexxgzopg9edlkcjl3yrruzdu3rafl8mxrx4hu9]  [19122a7d-1e0a-4edf-b880-205e189b9400]  stopBuild: phexxgzopg9edlkcjl3yrruzdu3rafl8mxrx4hu9 request={"finished_at":"2026-08-01T15:19:52.151Z","finished_metadata":[],"custom_metadata":{}} response={"data":""}
2026-08-01T15:19:54.007Z CLI info  [phexxgzopg9edlkcjl3yrruzdu3rafl8mxrx4hu9]  [19122a7d-1e0a-4edf-b880-205e189b9400]  [PRODUCTION] Making POST request to https://api.browserstack.com
2026-08-01T15:19:54.859Z CLI info [TEST REPORTING AND ANALYTICS:module]  [phexxgzopg9edlkcjl3yrruzdu3rafl8mxrx4hu9]  [19122a7d-1e0a-4edf-b880-205e189b9400]  Visit https://automation.browserstack.com/builds/phexxgzopg9edlkcjl3yrruzdu3rafl8mxrx4hu9 to view build report, insights, and many more debugging information all at one place!
2026-08-01T15:19:54.910Z CLI info [main]  [phexxgzopg9edlkcjl3yrruzdu3rafl8mxrx4hu9]  [19122a7d-1e0a-4edf-b880-205e189b9400]  Received graceful signal termination (SIGTERM), performing cleanup
2026-08-01T15:21:58.437Z CLI info [main]    Server listening on port: 5400
2026-08-01T15:21:58.669Z CLI info    Config : {"userName":"[REDACTED]","accessKey":"[REDACTED]","projectName":"BrowserStack Samples","buildName":"browserstack build","buildIdentifier":"#${BUILD_NUMBER}","framework":"testng","platforms":[{"os":"OS X","osVersion":"Big Sur","browserName":"Chrome","browserVersion":"latest"},{"os":"Windows","osVersion":"10","browserName":"Edge","browserVersion":"latest"},{"deviceName":"Samsung Galaxy S22 Ultra","browserName":"chrome","osVersion":"12.0"}],"parallelsPerPlatform":1,"source":"testng:sample-master:v1.1","browserstackLocal":true,"debug":false,"networkLogs":false,"consoleLogs":"errors","testObservability":true}
2026-08-01T15:21:58.684Z CLI info    Should start debug utility: undefined
2026-08-01T15:21:58.684Z CLI info [testhub:module]   [6116b2b9-5e40-43c2-a898-71c423aacb1b]  Starting testhub from 25724:0
2026-08-01T15:21:59.171Z CLI info   [6116b2b9-5e40-43c2-a898-71c423aacb1b]  [PRODUCTION] Making POST request to https://sdk.browserstack.com
2026-08-01T15:21:59.173Z CLI info   [6116b2b9-5e40-43c2-a898-71c423aacb1b]  [PRODUCTION] Making GET request to https://hub.browserstack.com
2026-08-01T15:22:00.522Z CLI info   [6116b2b9-5e40-43c2-a898-71c423aacb1b]  [PRODUCTION] Making GET request to https://hub-aps.browserstack.com
2026-08-01T15:22:00.523Z CLI info   [6116b2b9-5e40-43c2-a898-71c423aacb1b]  [PRODUCTION] Making GET request to https://hub-euw.browserstack.com
2026-08-01T15:22:00.523Z CLI info   [6116b2b9-5e40-43c2-a898-71c423aacb1b]  [PRODUCTION] Making GET request to https://hub-apse.browserstack.com
2026-08-01T15:22:01.229Z CLI info [testhub:module]   [6116b2b9-5e40-43c2-a898-71c423aacb1b]  startBuild: response=jfx2hvb6bopjxx2om87lnieyqwa7nfgartj1w1dj
2026-08-01T15:22:01.232Z CLI info  [jfx2hvb6bopjxx2om87lnieyqwa7nfgartj1w1dj]  [6116b2b9-5e40-43c2-a898-71c423aacb1b]  [PRODUCTION] Making POST request to https://api.browserstack.com
2026-08-01T15:22:09.650Z CLI info [testhub:request-queue-handler]  [jfx2hvb6bopjxx2om87lnieyqwa7nfgartj1w1dj]  [6116b2b9-5e40-43c2-a898-71c423aacb1b]  Added the event {
  event_type: 'HookRunStarted',
  hook_run: {
    type: 'hook',
    hook_type: 'BEFORE_METHOD',
    framework: 'TestNG',
    uuid: '70cd6238-3ee6-4d25-9107-9dbcc2554fac',
    name: 'setUp',
    result: 'pending',
    test_run_id: '08d60c3c-1fd3-458e-b743-bdbe3ad13361',
    body: { lang: 'java', code: null },
    scope: 'Cross-Platform.com.browserstack.BStackDemoTest',
    custom_metadata: {},
    tags: [],
    scopes: [ 'Cross-Platform', 'com.browserstack.BStackDemoTest' ],
    file_name: 'testng-browserstack-master/src/test/java/com/browserstack/BStackDemoTest.java',
    vc_filepath: '',
    location: 'testng-browserstack-master/src/test/java/com/browserstack/BStackDemoTest.java',
    started_at: '2026-08-01T15:22:09.633Z'
  },
  logs: []
} to 25724:0
2026-08-01T15:22:09.652Z CLI info [testhub:request-queue-handler]  [jfx2hvb6bopjxx2om87lnieyqwa7nfgartj1w1dj]  [6116b2b9-5e40-43c2-a898-71c423aacb1b]  Added the event {
  event_type: 'HookRunStarted',
  hook_run: {
    type: 'hook',
    hook_type: 'BEFORE_METHOD',
    framework: 'TestNG',
    uuid: '577153f8-a869-4bfa-b30b-fa0b6ca9d82c',
    name: 'setUp',
    result: 'pending',
    test_run_id: '27737237-ec4f-44f8-b237-ff29db4c600f',
    body: { lang: 'java', code: null },
    scope: 'Cross-Platform.com.browserstack.BStackDemoTest',
    custom_metadata: {},
    tags: [],
    scopes: [ 'Cross-Platform', 'com.browserstack.BStackDemoTest' ],
    file_name: 'testng-browserstack-master/src/test/java/com/browserstack/BStackDemoTest.java',
    vc_filepath: '',
    location: 'testng-browserstack-master/src/test/java/com/browserstack/BStackDemoTest.java',
    started_at: '2026-08-01T15:22:09.634Z'
  },
  logs: []
} to 25724:0
2026-08-01T15:22:09.652Z CLI info [testhub:request-queue-handler]  [jfx2hvb6bopjxx2om87lnieyqwa7nfgartj1w1dj]  [6116b2b9-5e40-43c2-a898-71c423aacb1b]  Added the event {
  event_type: 'HookRunStarted',
  hook_run: {
    type: 'hook',
    hook_type: 'BEFORE_METHOD',
    framework: 'TestNG',
    uuid: '233aa00d-299f-4a06-89f1-6c6c8904b195',
    name: 'setUp',
    result: 'pending',
    test_run_id: 'e0c50b2a-3523-491e-8b82-6ac351c2e176',
    body: { lang: 'java', code: null },
    scope: 'Cross-Platform.com.browserstack.BStackDemoTest',
    custom_metadata: {},
    tags: [],
    scopes: [ 'Cross-Platform', 'com.browserstack.BStackDemoTest' ],
    file_name: 'testng-browserstack-master/src/test/java/com/browserstack/BStackDemoTest.java',
    vc_filepath: '',
    location: 'testng-browserstack-master/src/test/java/com/browserstack/BStackDemoTest.java',
    started_at: '2026-08-01T15:22:09.633Z'
  },
  logs: []
} to 25724:0
2026-08-01T15:22:09.780Z CLI info [testhub:request-queue-handler]  [jfx2hvb6bopjxx2om87lnieyqwa7nfgartj1w1dj]  [6116b2b9-5e40-43c2-a898-71c423aacb1b]  Added the event {
  event_type: 'LogCreated',
  logs: [
    {
      testFrameworkName: 'TestNG',
      testFrameworkVersion: '7.4.0',
      testFrameworkState: 'LOG',
      timestamp: '2026-08-01T15:22:09.773Z',
      uuid: '233aa00d-299f-4a06-89f1-6c6c8904b195',
      kind: 'TEST_LOG',
      message: 'SLF4J: Failed to load class "org.slf4j.impl.StaticLoggerBinder".',
      level: 'ERROR',
      test_run_uuid: '233aa00d-299f-4a06-89f1-6c6c8904b195'
    }
  ]
} to 25724:0
2026-08-01T15:22:09.791Z CLI info [testhub:request-queue-handler]  [jfx2hvb6bopjxx2om87lnieyqwa7nfgartj1w1dj]  [6116b2b9-5e40-43c2-a898-71c423aacb1b]  Added the event {
  event_type: 'LogCreated',
  logs: [
    {
      testFrameworkName: 'TestNG',
      testFrameworkVersion: '7.4.0',
      testFrameworkState: 'LOG',
      timestamp: '2026-08-01T15:22:09.788Z',
      uuid: '233aa00d-299f-4a06-89f1-6c6c8904b195',
      kind: 'TEST_LOG',
      message: 'SLF4J: Defaulting to no-operation (NOP) logger implementation',
      level: 'ERROR',
      test_run_uuid: '233aa00d-299f-4a06-89f1-6c6c8904b195'
    }
  ]
} to 25724:0
2026-08-01T15:22:09.798Z CLI info [testhub:request-queue-handler]  [jfx2hvb6bopjxx2om87lnieyqwa7nfgartj1w1dj]  [6116b2b9-5e40-43c2-a898-71c423aacb1b]  Added the event {
  event_type: 'LogCreated',
  logs: [
    {
      testFrameworkName: 'TestNG',
      testFrameworkVersion: '7.4.0',
      testFrameworkState: 'LOG',
      timestamp: '2026-08-01T15:22:09.796Z',
      uuid: '233aa00d-299f-4a06-89f1-6c6c8904b195',
      kind: 'TEST_LOG',
      message: 'SLF4J: See http://www.slf4j.org/codes.html#StaticLoggerBinder for further details.',
      level: 'ERROR',
      test_run_uuid: '233aa00d-299f-4a06-89f1-6c6c8904b195'
    }
  ]
} to 25724:0
2026-08-01T15:22:09.901Z CLI info [sdk:service]  [jfx2hvb6bopjxx2om87lnieyqwa7nfgartj1w1dj]  [6116b2b9-5e40-43c2-a898-71c423aacb1b]  Driver initialized as primary driver: platformIndex=0
2026-08-01T15:22:09.903Z CLI info [sdk:service]  [jfx2hvb6bopjxx2om87lnieyqwa7nfgartj1w1dj]  [6116b2b9-5e40-43c2-a898-71c423aacb1b]  Driver initialized as primary driver: platformIndex=2
2026-08-01T15:22:09.905Z CLI info [sdk:service]  [jfx2hvb6bopjxx2om87lnieyqwa7nfgartj1w1dj]  [6116b2b9-5e40-43c2-a898-71c423aacb1b]  Driver initialized as primary driver: platformIndex=1
2026-08-01T15:22:11.236Z CLI info [testhub:request-queue-handler]  [jfx2hvb6bopjxx2om87lnieyqwa7nfgartj1w1dj]  [6116b2b9-5e40-43c2-a898-71c423aacb1b]  Processing batch event [
  {
    event_type: 'HookRunStarted',
    hook_run: {
      type: 'hook',
      hook_type: 'BEFORE_METHOD',
      framework: 'TestNG',
      uuid: '70cd6238-3ee6-4d25-9107-9dbcc2554fac',
      name: 'setUp',
      result: 'pending',
      test_run_id: '08d60c3c-1fd3-458e-b743-bdbe3ad13361',
      body: { lang: 'java', code: null },
      scope: 'Cross-Platform.com.browserstack.BStackDemoTest',
      custom_metadata: {},
      tags: [],
      scopes: [ 'Cross-Platform', 'com.browserstack.BStackDemoTest' ],
      file_name: 'testng-browserstack-master/src/test/java/com/browserstack/BStackDemoTest.java',
      vc_filepath: '',
      location: 'testng-browserstack-master/src/test/java/com/browserstack/BStackDemoTest.java',
      started_at: '2026-08-01T15:22:09.633Z'
    },
    logs: []
  },
  {
    event_type: 'HookRunStarted',
    hook_run: {
      type: 'hook',
      hook_type: 'BEFORE_METHOD',
      framework: 'TestNG',
      uuid: '577153f8-a869-4bfa-b30b-fa0b6ca9d82c',
      name: 'setUp',
      result: 'pending',
      test_run_id: '27737237-ec4f-44f8-b237-ff29db4c600f',
      body: { lang: 'java', code: null },
      scope: 'Cross-Platform.com.browserstack.BStackDemoTest',
      custom_metadata: {},
      tags: [],
      scopes: [ 'Cross-Platform', 'com.browserstack.BStackDemoTest' ],
      file_name: 'testng-browserstack-master/src/test/java/com/browserstack/BStackDemoTest.java',
      vc_filepath: '',
      location: 'testng-browserstack-master/src/test/java/com/browserstack/BStackDemoTest.java',
      started_at: '2026-08-01T15:22:09.634Z'
    },
    logs: []
  },
  {
    event_type: 'HookRunStarted',
    hook_run: {
      type: 'hook',
      hook_type: 'BEFORE_METHOD',
      framework: 'TestNG',
      uuid: '233aa00d-299f-4a06-89f1-6c6c8904b195',
      name: 'setUp',
      result: 'pending',
      test_run_id: 'e0c50b2a-3523-491e-8b82-6ac351c2e176',
      body: { lang: 'java', code: null },
      scope: 'Cross-Platform.com.browserstack.BStackDemoTest',
      custom_metadata: {},
      tags: [],
      scopes: [ 'Cross-Platform', 'com.browserstack.BStackDemoTest' ],
      file_name: 'testng-browserstack-master/src/test/java/com/browserstack/BStackDemoTest.java',
      vc_filepath: '',
      location: 'testng-browserstack-master/src/test/java/com/browserstack/BStackDemoTest.java',
      started_at: '2026-08-01T15:22:09.633Z'
    },
    logs: []
  },
  {
    event_type: 'LogCreated',
    logs: [
      {
        testFrameworkName: 'TestNG',
        testFrameworkVersion: '7.4.0',
        testFrameworkState: 'LOG',
        timestamp: '2026-08-01T15:22:09.773Z',
        uuid: '233aa00d-299f-4a06-89f1-6c6c8904b195',
        kind: 'TEST_LOG',
        message: 'SLF4J: Failed to load class "org.slf4j.impl.StaticLoggerBinder".',
        level: 'ERROR',
        test_run_uuid: '233aa00d-299f-4a06-89f1-6c6c8904b195'
      }
    ]
  },
  {
    event_type: 'LogCreated',
    logs: [
      {
        testFrameworkName: 'TestNG',
        testFrameworkVersion: '7.4.0',
        testFrameworkState: 'LOG',
        timestamp: '2026-08-01T15:22:09.788Z',
        uuid: '233aa00d-299f-4a06-89f1-6c6c8904b195',
        kind: 'TEST_LOG',
        message: 'SLF4J: Defaulting to no-operation (NOP) logger implementation',
        level: 'ERROR',
        test_run_uuid: '233aa00d-299f-4a06-89f1-6c6c8904b195'
      }
    ]
  },
  {
    event_type: 'LogCreated',
    logs: [
      {
        testFrameworkName: 'TestNG',
        testFrameworkVersion: '7.4.0',
        testFrameworkState: 'LOG',
        timestamp: '2026-08-01T15:22:09.796Z',
        uuid: '233aa00d-299f-4a06-89f1-6c6c8904b195',
        kind: 'TEST_LOG',
        message: 'SLF4J: See http://www.slf4j.org/codes.html#StaticLoggerBinder for further details.',
        level: 'ERROR',
        test_run_uuid: '233aa00d-299f-4a06-89f1-6c6c8904b195'
      }
    ]
  }
] to 25724:0
2026-08-01T15:22:11.238Z CLI info  [jfx2hvb6bopjxx2om87lnieyqwa7nfgartj1w1dj]  [6116b2b9-5e40-43c2-a898-71c423aacb1b]  [PRODUCTION] Making POST request to https://collector-observability.browserstack.com
2026-08-01T15:22:19.680Z CLI info [testhub:request-queue-handler]  [jfx2hvb6bopjxx2om87lnieyqwa7nfgartj1w1dj]  [6116b2b9-5e40-43c2-a898-71c423aacb1b]  Added the event {
  event_type: 'HookRunFinished',
  hook_run: {
    type: 'hook',
    hook_type: 'BEFORE_METHOD',
    framework: 'TestNG',
    uuid: '70cd6238-3ee6-4d25-9107-9dbcc2554fac',
    name: 'setUp',
    result: 'passed',
    test_run_id: '08d60c3c-1fd3-458e-b743-bdbe3ad13361',
    body: { lang: 'java', code: null },
    scope: 'Cross-Platform.com.browserstack.BStackDemoTest',
    custom_metadata: {},
    tags: [],
    scopes: [ 'Cross-Platform', 'com.browserstack.BStackDemoTest' ],
    file_name: 'testng-browserstack-master/src/test/java/com/browserstack/BStackDemoTest.java',
    vc_filepath: '',
    location: 'testng-browserstack-master/src/test/java/com/browserstack/BStackDemoTest.java',
    started_at: '2026-08-01T15:22:09.633Z',
    finished_at: '2026-08-01T15:22:19.677Z'
  },
  logs: []
} to 25724:0
2026-08-01T15:22:19.714Z CLI info [testhub:request-queue-handler]  [jfx2hvb6bopjxx2om87lnieyqwa7nfgartj1w1dj]  [6116b2b9-5e40-43c2-a898-71c423aacb1b]  Added the event {
  event_type: 'CBTSessionCreated',
  test_run: {
    uuid: '08d60c3c-1fd3-458e-b743-bdbe3ad13361',
    integrations: { browserstack: [Object] }
  }
} to 25724:0
2026-08-01T15:22:19.721Z CLI info [testhub:request-queue-handler]  [jfx2hvb6bopjxx2om87lnieyqwa7nfgartj1w1dj]  [6116b2b9-5e40-43c2-a898-71c423aacb1b]  Added the event {
  event_type: 'TestRunStarted',
  test_run: {
    type: 'test',
    framework: 'TestNG',
    uuid: '08d60c3c-1fd3-458e-b743-bdbe3ad13361',
    name: 'addProductToCart',
    body: {
      lang: 'java',
      code: 'public void com.browserstack.BStackDemoTest.addProductToCart() throws java.lang.Exception'
    },
    identifier: 'addProductToCart',
    scope: 'Cross-Platform.com.browserstack.BStackDemoTest',
    scopes: [ 'Cross-Platform', 'com.browserstack.BStackDemoTest' ],
    file_name: 'src/test/java/com/browserstack/BStackDemoTest.java',
    vc_filepath: '',
    location: 'src/test/java/com/browserstack/BStackDemoTest.java',
    meta: {},
    result: 'pending',
    duration_in_ms: null,
    started_at: '2026-08-01T15:22:19.688Z',
    failure: undefined,
    failure_type: undefined,
    failure_reason: undefined,
    retry_of: null,
    custom_metadata: {},
    tags: [],
    customRerunParam: { rerun_name: 'BStackDemo-1' },
    hooks: [],
    product_map: {
      observability: true,
      accessibility: false,
      percy: false,
      automate: true,
      app_automate: false,
      lts: false
    },
    integrations: { browserstack: [Object] }
  },
  logs: []
} to 25724:0
2026-08-01T15:22:20.438Z CLI info [testhub:request-queue-handler]  [jfx2hvb6bopjxx2om87lnieyqwa7nfgartj1w1dj]  [6116b2b9-5e40-43c2-a898-71c423aacb1b]  Added the event {
  event_type: 'HookRunFinished',
  hook_run: {
    type: 'hook',
    hook_type: 'BEFORE_METHOD',
    framework: 'TestNG',
    uuid: '233aa00d-299f-4a06-89f1-6c6c8904b195',
    name: 'setUp',
    result: 'passed',
    test_run_id: 'e0c50b2a-3523-491e-8b82-6ac351c2e176',
    body: { lang: 'java', code: null },
    scope: 'Cross-Platform.com.browserstack.BStackDemoTest',
    custom_metadata: {},
    tags: [],
    scopes: [ 'Cross-Platform', 'com.browserstack.BStackDemoTest' ],
    file_name: 'testng-browserstack-master/src/test/java/com/browserstack/BStackDemoTest.java',
    vc_filepath: '',
    location: 'testng-browserstack-master/src/test/java/com/browserstack/BStackDemoTest.java',
    started_at: '2026-08-01T15:22:09.633Z',
    finished_at: '2026-08-01T15:22:20.434Z'
  },
  logs: []
} to 25724:0
2026-08-01T15:22:20.448Z CLI info [testhub:request-queue-handler]  [jfx2hvb6bopjxx2om87lnieyqwa7nfgartj1w1dj]  [6116b2b9-5e40-43c2-a898-71c423aacb1b]  Added the event {
  event_type: 'CBTSessionCreated',
  test_run: {
    uuid: 'e0c50b2a-3523-491e-8b82-6ac351c2e176',
    integrations: { browserstack: [Object] }
  }
} to 25724:0
2026-08-01T15:22:20.454Z CLI info [testhub:request-queue-handler]  [jfx2hvb6bopjxx2om87lnieyqwa7nfgartj1w1dj]  [6116b2b9-5e40-43c2-a898-71c423aacb1b]  Added the event {
  event_type: 'TestRunStarted',
  test_run: {
    type: 'test',
    framework: 'TestNG',
    uuid: 'e0c50b2a-3523-491e-8b82-6ac351c2e176',
    name: 'addProductToCart',
    body: {
      lang: 'java',
      code: 'public void com.browserstack.BStackDemoTest.addProductToCart() throws java.lang.Exception'
    },
    identifier: 'addProductToCart',
    scope: 'Cross-Platform.com.browserstack.BStackDemoTest',
    scopes: [ 'Cross-Platform', 'com.browserstack.BStackDemoTest' ],
    file_name: 'src/test/java/com/browserstack/BStackDemoTest.java',
    vc_filepath: '',
    location: 'src/test/java/com/browserstack/BStackDemoTest.java',
    meta: {},
    result: 'pending',
    duration_in_ms: null,
    started_at: '2026-08-01T15:22:20.444Z',
    failure: undefined,
    failure_type: undefined,
    failure_reason: undefined,
    retry_of: null,
    custom_metadata: {},
    tags: [],
    customRerunParam: { rerun_name: 'BStackDemo-0' },
    hooks: [],
    product_map: {
      observability: true,
      accessibility: false,
      percy: false,
      automate: true,
      app_automate: false,
      lts: false
    },
    integrations: { browserstack: [Object] }
  },
  logs: []
} to 25724:0
2026-08-01T15:22:21.241Z CLI info [testhub:request-queue-handler]  [jfx2hvb6bopjxx2om87lnieyqwa7nfgartj1w1dj]  [6116b2b9-5e40-43c2-a898-71c423aacb1b]  Processing batch event [
  {
    event_type: 'HookRunFinished',
    hook_run: {
      type: 'hook',
      hook_type: 'BEFORE_METHOD',
      framework: 'TestNG',
      uuid: '70cd6238-3ee6-4d25-9107-9dbcc2554fac',
      name: 'setUp',
      result: 'passed',
      test_run_id: '08d60c3c-1fd3-458e-b743-bdbe3ad13361',
      body: { lang: 'java', code: null },
      scope: 'Cross-Platform.com.browserstack.BStackDemoTest',
      custom_metadata: {},
      tags: [],
      scopes: [ 'Cross-Platform', 'com.browserstack.BStackDemoTest' ],
      file_name: 'testng-browserstack-master/src/test/java/com/browserstack/BStackDemoTest.java',
      vc_filepath: '',
      location: 'testng-browserstack-master/src/test/java/com/browserstack/BStackDemoTest.java',
      started_at: '2026-08-01T15:22:09.633Z',
      finished_at: '2026-08-01T15:22:19.677Z'
    },
    logs: []
  },
  {
    event_type: 'CBTSessionCreated',
    test_run: {
      uuid: '08d60c3c-1fd3-458e-b743-bdbe3ad13361',
      integrations: {
        browserstack: {
          product: 'automate',
          session_id: '6a7c2e6b6a00a424552a9ce2519c67bfb3cd4e9e',
          capabilities: {
            acceptInsecureCerts: false,
            browserName: 'MicrosoftEdge',
            browserVersion: '150.0.4078.48',
            'fedcm:accounts': true,
            'goog:processID': 8492,
            javascriptEnabled: true,
            'ms:edgeOptions': { debuggerAddress: 'localhost:2333' },
            msedge: {
              msedgedriverVersion: '150.0.4078.48 (6362dfa84aa4f30c18c60ac12387d02753f37dc6)',
              userDataDir: 'C:\\Windows\\proxy\\scoped_dir8108_495534907'
            },
            networkConnectionEnabled: false,
            optimalHubUrl: 'hub-aps.browserstack.com',
            pageLoadStrategy: 'normal',
            platform: 'WINDOWS',
            platformName: 'WINDOWS',
            proxy: {
              proxyType: 'UNSPECIFIED',
              autodetect: false,
              ftpProxy: null,
              httpProxy: null,
              noProxy: null,
              sslProxy: null,
              socksProxy: null,
              socksVersion: null,
              socksUsername: null,
              socksPassword: null,
              proxyAutoconfigUrl: null
            },
            setWindowRect: true,
            strictFileInteractability: false,
            timeouts: { implicit: 0, pageLoad: 300000, script: 30000 },
            unhandledPromptBehavior: 'dismiss and notify',
            'webauthn:extension:credBlob': true,
            'webauthn:extension:largeBlob': true,
            'webauthn:extension:minPinLength': true,
            'webauthn:extension:prf': true,
            'webauthn:virtualAuthenticators': true,
            'webdriver.remote.sessionid': '6a7c2e6b6a00a424552a9ce2519c67bfb3cd4e9e'
          },
          platform: 'Windows',
          platform_version: '10',
          browser: 'Edge',
          browser_version: '150.0.4078.48'
        }
      }
    }
  },
  {
    event_type: 'TestRunStarted',
    test_run: {
      type: 'test',
      framework: 'TestNG',
      uuid: '08d60c3c-1fd3-458e-b743-bdbe3ad13361',
      name: 'addProductToCart',
      body: {
        lang: 'java',
        code: 'public void com.browserstack.BStackDemoTest.addProductToCart() throws java.lang.Exception'
      },
      identifier: 'addProductToCart',
      scope: 'Cross-Platform.com.browserstack.BStackDemoTest',
      scopes: [ 'Cross-Platform', 'com.browserstack.BStackDemoTest' ],
      file_name: 'src/test/java/com/browserstack/BStackDemoTest.java',
      vc_filepath: '',
      location: 'src/test/java/com/browserstack/BStackDemoTest.java',
      meta: {},
      result: 'pending',
      duration_in_ms: null,
      started_at: '2026-08-01T15:22:19.688Z',
      failure: undefined,
      failure_type: undefined,
      failure_reason: undefined,
      retry_of: null,
      custom_metadata: {},
      tags: [],
      customRerunParam: { rerun_name: 'BStackDemo-1' },
      hooks: [],
      product_map: {
        observability: true,
        accessibility: false,
        percy: false,
        automate: true,
        app_automate: false,
        lts: false
      },
      integrations: {
        browserstack: {
          product: 'automate',
          session_id: '6a7c2e6b6a00a424552a9ce2519c67bfb3cd4e9e',
          capabilities: {
            acceptInsecureCerts: false,
            browserName: 'MicrosoftEdge',
            browserVersion: '150.0.4078.48',
            'fedcm:accounts': true,
            'goog:processID': 8492,
            javascriptEnabled: true,
            'ms:edgeOptions': { debuggerAddress: 'localhost:2333' },
            msedge: {
              msedgedriverVersion: '150.0.4078.48 (6362dfa84aa4f30c18c60ac12387d02753f37dc6)',
              userDataDir: 'C:\\Windows\\proxy\\scoped_dir8108_495534907'
            },
            networkConnectionEnabled: false,
            optimalHubUrl: 'hub-aps.browserstack.com',
            pageLoadStrategy: 'normal',
            platform: 'WINDOWS',
            platformName: 'WINDOWS',
            proxy: {
              proxyType: 'UNSPECIFIED',
              autodetect: false,
              ftpProxy: null,
              httpProxy: null,
              noProxy: null,
              sslProxy: null,
              socksProxy: null,
              socksVersion: null,
              socksUsername: null,
              socksPassword: null,
              proxyAutoconfigUrl: null
            },
            setWindowRect: true,
            strictFileInteractability: false,
            timeouts: { implicit: 0, pageLoad: 300000, script: 30000 },
            unhandledPromptBehavior: 'dismiss and notify',
            'webauthn:extension:credBlob': true,
            'webauthn:extension:largeBlob': true,
            'webauthn:extension:minPinLength': true,
            'webauthn:extension:prf': true,
            'webauthn:virtualAuthenticators': true,
            'webdriver.remote.sessionid': '6a7c2e6b6a00a424552a9ce2519c67bfb3cd4e9e'
          },
          platform: 'Windows',
          platform_version: '10',
          browser: 'Edge',
          browser_version: '150.0.4078.48'
        }
      }
    },
    logs: []
  },
  {
    event_type: 'HookRunFinished',
    hook_run: {
      type: 'hook',
      hook_type: 'BEFORE_METHOD',
      framework: 'TestNG',
      uuid: '233aa00d-299f-4a06-89f1-6c6c8904b195',
      name: 'setUp',
      result: 'passed',
      test_run_id: 'e0c50b2a-3523-491e-8b82-6ac351c2e176',
      body: { lang: 'java', code: null },
      scope: 'Cross-Platform.com.browserstack.BStackDemoTest',
      custom_metadata: {},
      tags: [],
      scopes: [ 'Cross-Platform', 'com.browserstack.BStackDemoTest' ],
      file_name: 'testng-browserstack-master/src/test/java/com/browserstack/BStackDemoTest.java',
      vc_filepath: '',
      location: 'testng-browserstack-master/src/test/java/com/browserstack/BStackDemoTest.java',
      started_at: '2026-08-01T15:22:09.633Z',
      finished_at: '2026-08-01T15:22:20.434Z'
    },
    logs: []
  },
  {
    event_type: 'CBTSessionCreated',
    test_run: {
      uuid: 'e0c50b2a-3523-491e-8b82-6ac351c2e176',
      integrations: {
        browserstack: {
          product: 'automate',
          session_id: 'f817b5f6a20e312b620cd618dffb3ed56ff6350d',
          capabilities: {
            acceptInsecureCerts: false,
            browserName: 'chrome',
            browserVersion: '138.0.7204.50',
            chrome: {
              chromedriverVersion: '138.0.7204.49 (d2b48fd5f7813ed477a2d68fa232b8178fa4fb1e-refs/branch-heads/7204@{#1814})',
              userDataDir: '/var/folders/yj/h3bj394n2tn74bp3vdngj35c0000jy/T/.org.chromium.Chromium.nZ12s7'
            },
            'fedcm:accounts': true,
            'goog:chromeOptions': { debuggerAddress: 'localhost:60360' },
            javascriptEnabled: true,
            networkConnectionEnabled: false,
            optimalHubUrl: 'hub-aps.browserstack.com',
            pageLoadStrategy: 'normal',
            platform: 'MAC',
            platformName: 'MAC',
            proxy: {
              proxyType: 'UNSPECIFIED',
              autodetect: false,
              ftpProxy: null,
              httpProxy: null,
              noProxy: null,
              sslProxy: null,
              socksProxy: null,
              socksVersion: null,
              socksUsername: null,
              socksPassword: null,
              proxyAutoconfigUrl: null
            },
            setWindowRect: true,
            strictFileInteractability: false,
            timeouts: { implicit: 0, pageLoad: 300000, script: 30000 },
            unhandledPromptBehavior: 'dismiss and notify',
            'webauthn:extension:credBlob': true,
            'webauthn:extension:largeBlob': true,
            'webauthn:extension:minPinLength': true,
            'webauthn:extension:prf': true,
            'webauthn:virtualAuthenticators': true,
            'webdriver.remote.sessionid': 'f817b5f6a20e312b620cd618dffb3ed56ff6350d'
          },
          platform: 'OS X',
          platform_version: 'Big Sur',
          browser: 'Chrome',
          browser_version: '138.0.7204.50'
        }
      }
    }
  },
  {
    event_type: 'TestRunStarted',
    test_run: {
      type: 'test',
      framework: 'TestNG',
      uuid: 'e0c50b2a-3523-491e-8b82-6ac351c2e176',
      name: 'addProductToCart',
      body: {
        lang: 'java',
        code: 'public void com.browserstack.BStackDemoTest.addProductToCart() throws java.lang.Exception'
      },
      identifier: 'addProductToCart',
      scope: 'Cross-Platform.com.browserstack.BStackDemoTest',
      scopes: [ 'Cross-Platform', 'com.browserstack.BStackDemoTest' ],
      file_name: 'src/test/java/com/browserstack/BStackDemoTest.java',
      vc_filepath: '',
      location: 'src/test/java/com/browserstack/BStackDemoTest.java',
      meta: {},
      result: 'pending',
      duration_in_ms: null,
      started_at: '2026-08-01T15:22:20.444Z',
      failure: undefined,
      failure_type: undefined,
      failure_reason: undefined,
      retry_of: null,
      custom_metadata: {},
      tags: [],
      customRerunParam: { rerun_name: 'BStackDemo-0' },
      hooks: [],
      product_map: {
        observability: true,
        accessibility: false,
        percy: false,
        automate: true,
        app_automate: false,
        lts: false
      },
      integrations: {
        browserstack: {
          product: 'automate',
          session_id: 'f817b5f6a20e312b620cd618dffb3ed56ff6350d',
          capabilities: {
            acceptInsecureCerts: false,
            browserName: 'chrome',
            browserVersion: '138.0.7204.50',
            chrome: {
              chromedriverVersion: '138.0.7204.49 (d2b48fd5f7813ed477a2d68fa232b8178fa4fb1e-refs/branch-heads/7204@{#1814})',
              userDataDir: '/var/folders/yj/h3bj394n2tn74bp3vdngj35c0000jy/T/.org.chromium.Chromium.nZ12s7'
            },
            'fedcm:accounts': true,
            'goog:chromeOptions': { debuggerAddress: 'localhost:60360' },
            javascriptEnabled: true,
            networkConnectionEnabled: false,
            optimalHubUrl: 'hub-aps.browserstack.com',
            pageLoadStrategy: 'normal',
            platform: 'MAC',
            platformName: 'MAC',
            proxy: {
              proxyType: 'UNSPECIFIED',
              autodetect: false,
              ftpProxy: null,
              httpProxy: null,
              noProxy: null,
              sslProxy: null,
              socksProxy: null,
              socksVersion: null,
              socksUsername: null,
              socksPassword: null,
              proxyAutoconfigUrl: null
            },
            setWindowRect: true,
            strictFileInteractability: false,
            timeouts: { implicit: 0, pageLoad: 300000, script: 30000 },
            unhandledPromptBehavior: 'dismiss and notify',
            'webauthn:extension:credBlob': true,
            'webauthn:extension:largeBlob': true,
            'webauthn:extension:minPinLength': true,
            'webauthn:extension:prf': true,
            'webauthn:virtualAuthenticators': true,
            'webdriver.remote.sessionid': 'f817b5f6a20e312b620cd618dffb3ed56ff6350d'
          },
          platform: 'OS X',
          platform_version: 'Big Sur',
          browser: 'Chrome',
          browser_version: '138.0.7204.50'
        }
      }
    },
    logs: []
  }
] to 25724:0
2026-08-01T15:22:21.244Z CLI info  [jfx2hvb6bopjxx2om87lnieyqwa7nfgartj1w1dj]  [6116b2b9-5e40-43c2-a898-71c423aacb1b]  [PRODUCTION] Making POST request to https://collector-observability.browserstack.com
2026-08-01T15:22:29.891Z CLI warn [TEST REPORTING AND ANALYTICS:java:testng]  [jfx2hvb6bopjxx2om87lnieyqwa7nfgartj1w1dj]  [6116b2b9-5e40-43c2-a898-71c423aacb1b]  TestRunFinished: event={"test_hook_last_started":"BEFORE_METHOD","test_failure_type":null,"test_rerun_name":"BStackDemo-1","test_result_at":"2026-08-01T20:52:29.125220","test_scope":"Cross-Platform.com.browserstack.BStackDemoTest","test_framework_name":"TestNG","test_tags":"","cbt_session_created":true,"test_started_at":"2026-08-01T20:52:19.688704","platform_index":1,"test_failure":null,"test_framework_version":"7.4.0","test_logs":[],"test_scopes":["Cross-Platform","com.browserstack.BStackDemoTest"],"test_code":"public void com.browserstack.BStackDemoTest.addProductToCart() throws java.lang.Exception","test_id":"BStackDemo-1@1","test_uuid":"08d60c3c-1fd3-458e-b743-bdbe3ad13361","test_ended_at":"2026-08-01T20:52:29.126162","automate_session_name":"BStackDemo-11","hookAttachStartMs":1785597729592,"test_hook_last_finished":"BEFORE_METHOD","test_session_name":"com.browserstack.BStackDemoTest-addProductToCart","custom_metadata":{},"test_failure_reason":null,"test_location":"src/test/java/com/browserstack/BStackDemoTest.java","test_hooks_started":{"BEFORE_METHOD":[]},"test_file_path":"src/test/java/com/browserstack/BStackDemoTest.java","test_result":"passed","test_hooks_finished":{"BEFORE_METHOD":[{"hook_name":"setUp","hook_result":"passed","test_file_path":"testng-browserstack-master/src/test/java/com/browserstack/BStackDemoTest.java","event_started_at":"2026-08-01T20:52:09.633679","hook_id":"70cd6238-3ee6-4d25-9107-9dbcc2554fac","hook_logs":[],"logs":[],"key":"BEFORE_METHOD","custom_metadata":{},"event_ended_at":"2026-08-01T20:52:19.677685","test_location":"testng-browserstack-master/src/test/java/com/browserstack/BStackDemoTest.java"}]},"hook_id":"70cd6238-3ee6-4d25-9107-9dbcc2554fac","test_meta":{},"isBrowserstackAutomationSession":true,"test_name":"addProductToCart","logs":[]}
2026-08-01T15:22:29.892Z CLI info [testhub:request-queue-handler]  [jfx2hvb6bopjxx2om87lnieyqwa7nfgartj1w1dj]  [6116b2b9-5e40-43c2-a898-71c423aacb1b]  Added the event {
  event_type: 'TestRunFinished',
  test_run: {
    type: 'test',
    framework: 'TestNG',
    uuid: '08d60c3c-1fd3-458e-b743-bdbe3ad13361',
    name: 'addProductToCart',
    body: {
      lang: 'java',
      code: 'public void com.browserstack.BStackDemoTest.addProductToCart() throws java.lang.Exception'
    },
    identifier: 'addProductToCart',
    scope: 'Cross-Platform.com.browserstack.BStackDemoTest',
    scopes: [ 'Cross-Platform', 'com.browserstack.BStackDemoTest' ],
    file_name: 'src/test/java/com/browserstack/BStackDemoTest.java',
    vc_filepath: '',
    location: 'src/test/java/com/browserstack/BStackDemoTest.java',
    meta: {},
    result: 'passed',
    duration_in_ms: 9438,
    started_at: '2026-08-01T15:22:19.688Z',
    finished_at: '2026-08-01T15:22:29.126Z',
    failure: null,
    failure_type: null,
    failure_reason: null,
    retry_of: null,
    custom_metadata: {},
    tags: [],
    customRerunParam: { rerun_name: 'BStackDemo-1' },
    hooks: [ '70cd6238-3ee6-4d25-9107-9dbcc2554fac' ],
    product_map: {
      observability: true,
      accessibility: false,
      percy: false,
      automate: true,
      app_automate: false,
      lts: false
    }
  },
  logs: []
} to 25724:0
2026-08-01T15:22:29.915Z CLI info [testhub:request-queue-handler]  [jfx2hvb6bopjxx2om87lnieyqwa7nfgartj1w1dj]  [6116b2b9-5e40-43c2-a898-71c423aacb1b]  Added the event {
  event_type: 'CBTSessionCreated',
  test_run: {
    uuid: '12b22f7b-3af9-49f9-8bc9-a808f9785acd',
    integrations: { browserstack: [Object] }
  }
} to 25724:0
2026-08-01T15:22:29.920Z CLI info [testhub:request-queue-handler]  [jfx2hvb6bopjxx2om87lnieyqwa7nfgartj1w1dj]  [6116b2b9-5e40-43c2-a898-71c423aacb1b]  Added the event {
  event_type: 'HookRunStarted',
  hook_run: {
    type: 'hook',
    hook_type: 'AFTER_METHOD',
    framework: 'TestNG',
    uuid: '12b22f7b-3af9-49f9-8bc9-a808f9785acd',
    name: 'tearDown',
    result: 'pending',
    test_run_id: '08d60c3c-1fd3-458e-b743-bdbe3ad13361',
    body: { lang: 'java', code: null },
    scope: 'Cross-Platform.com.browserstack.BStackDemoTest',
    custom_metadata: {},
    tags: [],
    scopes: [ 'Cross-Platform', 'com.browserstack.BStackDemoTest' ],
    file_name: 'testng-browserstack-master/src/test/java/com/browserstack/BStackDemoTest.java',
    vc_filepath: '',
    location: 'testng-browserstack-master/src/test/java/com/browserstack/BStackDemoTest.java',
    started_at: '2026-08-01T15:22:29.903Z'
  },
  logs: []
} to 25724:0
2026-08-01T15:22:31.246Z CLI info [testhub:request-queue-handler]  [jfx2hvb6bopjxx2om87lnieyqwa7nfgartj1w1dj]  [6116b2b9-5e40-43c2-a898-71c423aacb1b]  Processing batch event [
  {
    event_type: 'TestRunFinished',
    test_run: {
      type: 'test',
      framework: 'TestNG',
      uuid: '08d60c3c-1fd3-458e-b743-bdbe3ad13361',
      name: 'addProductToCart',
      body: {
        lang: 'java',
        code: 'public void com.browserstack.BStackDemoTest.addProductToCart() throws java.lang.Exception'
      },
      identifier: 'addProductToCart',
      scope: 'Cross-Platform.com.browserstack.BStackDemoTest',
      scopes: [ 'Cross-Platform', 'com.browserstack.BStackDemoTest' ],
      file_name: 'src/test/java/com/browserstack/BStackDemoTest.java',
      vc_filepath: '',
      location: 'src/test/java/com/browserstack/BStackDemoTest.java',
      meta: {},
      result: 'passed',
      duration_in_ms: 9438,
      started_at: '2026-08-01T15:22:19.688Z',
      finished_at: '2026-08-01T15:22:29.126Z',
      failure: null,
      failure_type: null,
      failure_reason: null,
      retry_of: null,
      custom_metadata: {},
      tags: [],
      customRerunParam: { rerun_name: 'BStackDemo-1' },
      hooks: [ '70cd6238-3ee6-4d25-9107-9dbcc2554fac' ],
      product_map: {
        observability: true,
        accessibility: false,
        percy: false,
        automate: true,
        app_automate: false,
        lts: false
      }
    },
    logs: []
  },
  {
    event_type: 'CBTSessionCreated',
    test_run: {
      uuid: '12b22f7b-3af9-49f9-8bc9-a808f9785acd',
      integrations: {
        browserstack: {
          product: 'automate',
          session_id: '6a7c2e6b6a00a424552a9ce2519c67bfb3cd4e9e',
          capabilities: {
            acceptInsecureCerts: false,
            browserName: 'MicrosoftEdge',
            browserVersion: '150.0.4078.48',
            'fedcm:accounts': true,
            'goog:processID': 8492,
            javascriptEnabled: true,
            'ms:edgeOptions': { debuggerAddress: 'localhost:2333' },
            msedge: {
              msedgedriverVersion: '150.0.4078.48 (6362dfa84aa4f30c18c60ac12387d02753f37dc6)',
              userDataDir: 'C:\\Windows\\proxy\\scoped_dir8108_495534907'
            },
            networkConnectionEnabled: false,
            optimalHubUrl: 'hub-aps.browserstack.com',
            pageLoadStrategy: 'normal',
            platform: 'WINDOWS',
            platformName: 'WINDOWS',
            proxy: {
              proxyType: 'UNSPECIFIED',
              autodetect: false,
              ftpProxy: null,
              httpProxy: null,
              noProxy: null,
              sslProxy: null,
              socksProxy: null,
              socksVersion: null,
              socksUsername: null,
              socksPassword: null,
              proxyAutoconfigUrl: null
            },
            setWindowRect: true,
            strictFileInteractability: false,
            timeouts: { implicit: 0, pageLoad: 300000, script: 30000 },
            unhandledPromptBehavior: 'dismiss and notify',
            'webauthn:extension:credBlob': true,
            'webauthn:extension:largeBlob': true,
            'webauthn:extension:minPinLength': true,
            'webauthn:extension:prf': true,
            'webauthn:virtualAuthenticators': true,
            'webdriver.remote.sessionid': '6a7c2e6b6a00a424552a9ce2519c67bfb3cd4e9e'
          },
          platform: 'Windows',
          platform_version: '10',
          browser: 'Edge',
          browser_version: '150.0.4078.48'
        }
      }
    }
  },
  {
    event_type: 'HookRunStarted',
    hook_run: {
      type: 'hook',
      hook_type: 'AFTER_METHOD',
      framework: 'TestNG',
      uuid: '12b22f7b-3af9-49f9-8bc9-a808f9785acd',
      name: 'tearDown',
      result: 'pending',
      test_run_id: '08d60c3c-1fd3-458e-b743-bdbe3ad13361',
      body: { lang: 'java', code: null },
      scope: 'Cross-Platform.com.browserstack.BStackDemoTest',
      custom_metadata: {},
      tags: [],
      scopes: [ 'Cross-Platform', 'com.browserstack.BStackDemoTest' ],
      file_name: 'testng-browserstack-master/src/test/java/com/browserstack/BStackDemoTest.java',
      vc_filepath: '',
      location: 'testng-browserstack-master/src/test/java/com/browserstack/BStackDemoTest.java',
      started_at: '2026-08-01T15:22:29.903Z'
    },
    logs: []
  }
] to 25724:0
2026-08-01T15:22:31.249Z CLI info  [jfx2hvb6bopjxx2om87lnieyqwa7nfgartj1w1dj]  [6116b2b9-5e40-43c2-a898-71c423aacb1b]  [PRODUCTION] Making POST request to https://collector-observability.browserstack.com
2026-08-01T15:22:31.445Z CLI warn [TEST REPORTING AND ANALYTICS:java:testng]  [jfx2hvb6bopjxx2om87lnieyqwa7nfgartj1w1dj]  [6116b2b9-5e40-43c2-a898-71c423aacb1b]  TestRunFinished: event={"test_hook_last_started":"BEFORE_METHOD","test_failure_type":null,"test_rerun_name":"BStackDemo-0","test_result_at":"2026-08-01T20:52:30.789267","test_scope":"Cross-Platform.com.browserstack.BStackDemoTest","test_framework_name":"TestNG","test_tags":"","cbt_session_created":true,"test_started_at":"2026-08-01T20:52:20.444666","platform_index":0,"test_failure":null,"test_framework_version":"7.4.0","test_logs":[],"test_scopes":["Cross-Platform","com.browserstack.BStackDemoTest"],"test_code":"public void com.browserstack.BStackDemoTest.addProductToCart() throws java.lang.Exception","test_id":"BStackDemo-0@0","test_uuid":"e0c50b2a-3523-491e-8b82-6ac351c2e176","test_ended_at":"2026-08-01T20:52:30.790020","automate_session_name":"BStackDemo-00","hookAttachStartMs":1785597729587,"test_hook_last_finished":"BEFORE_METHOD","test_session_name":"com.browserstack.BStackDemoTest-addProductToCart","custom_metadata":{},"test_failure_reason":null,"test_location":"src/test/java/com/browserstack/BStackDemoTest.java","test_hooks_started":{"BEFORE_METHOD":[]},"test_file_path":"src/test/java/com/browserstack/BStackDemoTest.java","test_result":"passed","test_hooks_finished":{"BEFORE_METHOD":[{"hook_name":"setUp","hook_result":"passed","test_file_path":"testng-browserstack-master/src/test/java/com/browserstack/BStackDemoTest.java","event_started_at":"2026-08-01T20:52:09.633219","hook_id":"233aa00d-299f-4a06-89f1-6c6c8904b195","hook_logs":[],"logs":[],"key":"BEFORE_METHOD","custom_metadata":{},"event_ended_at":"2026-08-01T20:52:20.434659","test_location":"testng-browserstack-master/src/test/java/com/browserstack/BStackDemoTest.java"}]},"hook_id":"233aa00d-299f-4a06-89f1-6c6c8904b195","test_meta":{},"isBrowserstackAutomationSession":true,"test_name":"addProductToCart","logs":[]}
2026-08-01T15:22:31.446Z CLI info [testhub:request-queue-handler]  [jfx2hvb6bopjxx2om87lnieyqwa7nfgartj1w1dj]  [6116b2b9-5e40-43c2-a898-71c423aacb1b]  Added the event {
  event_type: 'TestRunFinished',
  test_run: {
    type: 'test',
    framework: 'TestNG',
    uuid: 'e0c50b2a-3523-491e-8b82-6ac351c2e176',
    name: 'addProductToCart',
    body: {
      lang: 'java',
      code: 'public void com.browserstack.BStackDemoTest.addProductToCart() throws java.lang.Exception'
    },
    identifier: 'addProductToCart',
    scope: 'Cross-Platform.com.browserstack.BStackDemoTest',
    scopes: [ 'Cross-Platform', 'com.browserstack.BStackDemoTest' ],
    file_name: 'src/test/java/com/browserstack/BStackDemoTest.java',
    vc_filepath: '',
    location: 'src/test/java/com/browserstack/BStackDemoTest.java',
    meta: {},
    result: 'passed',
    duration_in_ms: 10346,
    started_at: '2026-08-01T15:22:20.444Z',
    finished_at: '2026-08-01T15:22:30.790Z',
    failure: null,
    failure_type: null,
    failure_reason: null,
    retry_of: null,
    custom_metadata: {},
    tags: [],
    customRerunParam: { rerun_name: 'BStackDemo-0' },
    hooks: [ '233aa00d-299f-4a06-89f1-6c6c8904b195' ],
    product_map: {
      observability: true,
      accessibility: false,
      percy: false,
      automate: true,
      app_automate: false,
      lts: false
    }
  },
  logs: []
} to 25724:0
2026-08-01T15:22:31.476Z CLI info [testhub:request-queue-handler]  [jfx2hvb6bopjxx2om87lnieyqwa7nfgartj1w1dj]  [6116b2b9-5e40-43c2-a898-71c423aacb1b]  Added the event {
  event_type: 'CBTSessionCreated',
  test_run: {
    uuid: 'e9f8f363-5362-4707-b55e-275d605ab10b',
    integrations: { browserstack: [Object] }
  }
} to 25724:0
2026-08-01T15:22:31.482Z CLI info [testhub:request-queue-handler]  [jfx2hvb6bopjxx2om87lnieyqwa7nfgartj1w1dj]  [6116b2b9-5e40-43c2-a898-71c423aacb1b]  Added the event {
  event_type: 'HookRunStarted',
  hook_run: {
    type: 'hook',
    hook_type: 'AFTER_METHOD',
    framework: 'TestNG',
    uuid: 'e9f8f363-5362-4707-b55e-275d605ab10b',
    name: 'tearDown',
    result: 'pending',
    test_run_id: 'e0c50b2a-3523-491e-8b82-6ac351c2e176',
    body: { lang: 'java', code: null },
    scope: 'Cross-Platform.com.browserstack.BStackDemoTest',
    custom_metadata: {},
    tags: [],
    scopes: [ 'Cross-Platform', 'com.browserstack.BStackDemoTest' ],
    file_name: 'testng-browserstack-master/src/test/java/com/browserstack/BStackDemoTest.java',
    vc_filepath: '',
    location: 'testng-browserstack-master/src/test/java/com/browserstack/BStackDemoTest.java',
    started_at: '2026-08-01T15:22:31.461Z'
  },
  logs: []
} to 25724:0
2026-08-01T15:22:31.541Z CLI info [testhub:request-queue-handler]  [jfx2hvb6bopjxx2om87lnieyqwa7nfgartj1w1dj]  [6116b2b9-5e40-43c2-a898-71c423aacb1b]  Added the event {
  event_type: 'HookRunFinished',
  hook_run: {
    type: 'hook',
    hook_type: 'AFTER_METHOD',
    framework: 'TestNG',
    uuid: '12b22f7b-3af9-49f9-8bc9-a808f9785acd',
    name: 'tearDown',
    result: 'passed',
    test_run_id: '08d60c3c-1fd3-458e-b743-bdbe3ad13361',
    body: { lang: 'java', code: null },
    scope: 'Cross-Platform.com.browserstack.BStackDemoTest',
    custom_metadata: {},
    tags: [],
    scopes: [ 'Cross-Platform', 'com.browserstack.BStackDemoTest' ],
    file_name: 'testng-browserstack-master/src/test/java/com/browserstack/BStackDemoTest.java',
    vc_filepath: '',
    location: 'testng-browserstack-master/src/test/java/com/browserstack/BStackDemoTest.java',
    started_at: '2026-08-01T15:22:29.903Z',
    finished_at: '2026-08-01T15:22:31.534Z'
  },
  logs: []
} to 25724:0
2026-08-01T15:22:33.217Z CLI info [testhub:request-queue-handler]  [jfx2hvb6bopjxx2om87lnieyqwa7nfgartj1w1dj]  [6116b2b9-5e40-43c2-a898-71c423aacb1b]  Added the event {
  event_type: 'HookRunFinished',
  hook_run: {
    type: 'hook',
    hook_type: 'AFTER_METHOD',
    framework: 'TestNG',
    uuid: 'e9f8f363-5362-4707-b55e-275d605ab10b',
    name: 'tearDown',
    result: 'passed',
    test_run_id: 'e0c50b2a-3523-491e-8b82-6ac351c2e176',
    body: { lang: 'java', code: null },
    scope: 'Cross-Platform.com.browserstack.BStackDemoTest',
    custom_metadata: {},
    tags: [],
    scopes: [ 'Cross-Platform', 'com.browserstack.BStackDemoTest' ],
    file_name: 'testng-browserstack-master/src/test/java/com/browserstack/BStackDemoTest.java',
    vc_filepath: '',
    location: 'testng-browserstack-master/src/test/java/com/browserstack/BStackDemoTest.java',
    started_at: '2026-08-01T15:22:31.461Z',
    finished_at: '2026-08-01T15:22:33.198Z'
  },
  logs: []
} to 25724:0
2026-08-01T15:22:33.247Z CLI info [testhub:request-queue-handler]  [jfx2hvb6bopjxx2om87lnieyqwa7nfgartj1w1dj]  [6116b2b9-5e40-43c2-a898-71c423aacb1b]  Processing batch event [
  {
    event_type: 'TestRunFinished',
    test_run: {
      type: 'test',
      framework: 'TestNG',
      uuid: 'e0c50b2a-3523-491e-8b82-6ac351c2e176',
      name: 'addProductToCart',
      body: {
        lang: 'java',
        code: 'public void com.browserstack.BStackDemoTest.addProductToCart() throws java.lang.Exception'
      },
      identifier: 'addProductToCart',
      scope: 'Cross-Platform.com.browserstack.BStackDemoTest',
      scopes: [ 'Cross-Platform', 'com.browserstack.BStackDemoTest' ],
      file_name: 'src/test/java/com/browserstack/BStackDemoTest.java',
      vc_filepath: '',
      location: 'src/test/java/com/browserstack/BStackDemoTest.java',
      meta: {},
      result: 'passed',
      duration_in_ms: 10346,
      started_at: '2026-08-01T15:22:20.444Z',
      finished_at: '2026-08-01T15:22:30.790Z',
      failure: null,
      failure_type: null,
      failure_reason: null,
      retry_of: null,
      custom_metadata: {},
      tags: [],
      customRerunParam: { rerun_name: 'BStackDemo-0' },
      hooks: [ '233aa00d-299f-4a06-89f1-6c6c8904b195' ],
      product_map: {
        observability: true,
        accessibility: false,
        percy: false,
        automate: true,
        app_automate: false,
        lts: false
      }
    },
    logs: []
  },
  {
    event_type: 'CBTSessionCreated',
    test_run: {
      uuid: 'e9f8f363-5362-4707-b55e-275d605ab10b',
      integrations: {
        browserstack: {
          product: 'automate',
          session_id: 'f817b5f6a20e312b620cd618dffb3ed56ff6350d',
          capabilities: {
            acceptInsecureCerts: false,
            browserName: 'chrome',
            browserVersion: '138.0.7204.50',
            chrome: {
              chromedriverVersion: '138.0.7204.49 (d2b48fd5f7813ed477a2d68fa232b8178fa4fb1e-refs/branch-heads/7204@{#1814})',
              userDataDir: '/var/folders/yj/h3bj394n2tn74bp3vdngj35c0000jy/T/.org.chromium.Chromium.nZ12s7'
            },
            'fedcm:accounts': true,
            'goog:chromeOptions': { debuggerAddress: 'localhost:60360' },
            javascriptEnabled: true,
            networkConnectionEnabled: false,
            optimalHubUrl: 'hub-aps.browserstack.com',
            pageLoadStrategy: 'normal',
            platform: 'MAC',
            platformName: 'MAC',
            proxy: {
              proxyType: 'UNSPECIFIED',
              autodetect: false,
              ftpProxy: null,
              httpProxy: null,
              noProxy: null,
              sslProxy: null,
              socksProxy: null,
              socksVersion: null,
              socksUsername: null,
              socksPassword: null,
              proxyAutoconfigUrl: null
            },
            setWindowRect: true,
            strictFileInteractability: false,
            timeouts: { implicit: 0, pageLoad: 300000, script: 30000 },
            unhandledPromptBehavior: 'dismiss and notify',
            'webauthn:extension:credBlob': true,
            'webauthn:extension:largeBlob': true,
            'webauthn:extension:minPinLength': true,
            'webauthn:extension:prf': true,
            'webauthn:virtualAuthenticators': true,
            'webdriver.remote.sessionid': 'f817b5f6a20e312b620cd618dffb3ed56ff6350d'
          },
          platform: 'OS X',
          platform_version: 'Big Sur',
          browser: 'Chrome',
          browser_version: '138.0.7204.50'
        }
      }
    }
  },
  {
    event_type: 'HookRunStarted',
    hook_run: {
      type: 'hook',
      hook_type: 'AFTER_METHOD',
      framework: 'TestNG',
      uuid: 'e9f8f363-5362-4707-b55e-275d605ab10b',
      name: 'tearDown',
      result: 'pending',
      test_run_id: 'e0c50b2a-3523-491e-8b82-6ac351c2e176',
      body: { lang: 'java', code: null },
      scope: 'Cross-Platform.com.browserstack.BStackDemoTest',
      custom_metadata: {},
      tags: [],
      scopes: [ 'Cross-Platform', 'com.browserstack.BStackDemoTest' ],
      file_name: 'testng-browserstack-master/src/test/java/com/browserstack/BStackDemoTest.java',
      vc_filepath: '',
      location: 'testng-browserstack-master/src/test/java/com/browserstack/BStackDemoTest.java',
      started_at: '2026-08-01T15:22:31.461Z'
    },
    logs: []
  },
  {
    event_type: 'HookRunFinished',
    hook_run: {
      type: 'hook',
      hook_type: 'AFTER_METHOD',
      framework: 'TestNG',
      uuid: '12b22f7b-3af9-49f9-8bc9-a808f9785acd',
      name: 'tearDown',
      result: 'passed',
      test_run_id: '08d60c3c-1fd3-458e-b743-bdbe3ad13361',
      body: { lang: 'java', code: null },
      scope: 'Cross-Platform.com.browserstack.BStackDemoTest',
      custom_metadata: {},
      tags: [],
      scopes: [ 'Cross-Platform', 'com.browserstack.BStackDemoTest' ],
      file_name: 'testng-browserstack-master/src/test/java/com/browserstack/BStackDemoTest.java',
      vc_filepath: '',
      location: 'testng-browserstack-master/src/test/java/com/browserstack/BStackDemoTest.java',
      started_at: '2026-08-01T15:22:29.903Z',
      finished_at: '2026-08-01T15:22:31.534Z'
    },
    logs: []
  },
  {
    event_type: 'HookRunFinished',
    hook_run: {
      type: 'hook',
      hook_type: 'AFTER_METHOD',
      framework: 'TestNG',
      uuid: 'e9f8f363-5362-4707-b55e-275d605ab10b',
      name: 'tearDown',
      result: 'passed',
      test_run_id: 'e0c50b2a-3523-491e-8b82-6ac351c2e176',
      body: { lang: 'java', code: null },
      scope: 'Cross-Platform.com.browserstack.BStackDemoTest',
      custom_metadata: {},
      tags: [],
      scopes: [ 'Cross-Platform', 'com.browserstack.BStackDemoTest' ],
      file_name: 'testng-browserstack-master/src/test/java/com/browserstack/BStackDemoTest.java',
      vc_filepath: '',
      location: 'testng-browserstack-master/src/test/java/com/browserstack/BStackDemoTest.java',
      started_at: '2026-08-01T15:22:31.461Z',
      finished_at: '2026-08-01T15:22:33.198Z'
    },
    logs: []
  }
] to 25724:0
2026-08-01T15:22:33.247Z CLI info  [jfx2hvb6bopjxx2om87lnieyqwa7nfgartj1w1dj]  [6116b2b9-5e40-43c2-a898-71c423aacb1b]  [PRODUCTION] Making POST request to https://collector-observability.browserstack.com
2026-08-01T15:22:33.869Z CLI info [testhub:request-queue-handler]  [jfx2hvb6bopjxx2om87lnieyqwa7nfgartj1w1dj]  [6116b2b9-5e40-43c2-a898-71c423aacb1b]  Added the event {
  event_type: 'HookRunFinished',
  hook_run: {
    type: 'hook',
    hook_type: 'BEFORE_METHOD',
    framework: 'TestNG',
    uuid: '577153f8-a869-4bfa-b30b-fa0b6ca9d82c',
    name: 'setUp',
    result: 'passed',
    test_run_id: '27737237-ec4f-44f8-b237-ff29db4c600f',
    body: { lang: 'java', code: null },
    scope: 'Cross-Platform.com.browserstack.BStackDemoTest',
    custom_metadata: {},
    tags: [],
    scopes: [ 'Cross-Platform', 'com.browserstack.BStackDemoTest' ],
    file_name: 'testng-browserstack-master/src/test/java/com/browserstack/BStackDemoTest.java',
    vc_filepath: '',
    location: 'testng-browserstack-master/src/test/java/com/browserstack/BStackDemoTest.java',
    started_at: '2026-08-01T15:22:09.634Z',
    finished_at: '2026-08-01T15:22:33.865Z'
  },
  logs: []
} to 25724:0
2026-08-01T15:22:33.885Z CLI info [testhub:request-queue-handler]  [jfx2hvb6bopjxx2om87lnieyqwa7nfgartj1w1dj]  [6116b2b9-5e40-43c2-a898-71c423aacb1b]  Added the event {
  event_type: 'CBTSessionCreated',
  test_run: {
    uuid: '27737237-ec4f-44f8-b237-ff29db4c600f',
    integrations: { browserstack: [Object] }
  }
} to 25724:0
2026-08-01T15:22:33.893Z CLI info [testhub:request-queue-handler]  [jfx2hvb6bopjxx2om87lnieyqwa7nfgartj1w1dj]  [6116b2b9-5e40-43c2-a898-71c423aacb1b]  Added the event {
  event_type: 'TestRunStarted',
  test_run: {
    type: 'test',
    framework: 'TestNG',
    uuid: '27737237-ec4f-44f8-b237-ff29db4c600f',
    name: 'addProductToCart',
    body: {
      lang: 'java',
      code: 'public void com.browserstack.BStackDemoTest.addProductToCart() throws java.lang.Exception'
    },
    identifier: 'addProductToCart',
    scope: 'Cross-Platform.com.browserstack.BStackDemoTest',
    scopes: [ 'Cross-Platform', 'com.browserstack.BStackDemoTest' ],
    file_name: 'src/test/java/com/browserstack/BStackDemoTest.java',
    vc_filepath: '',
    location: 'src/test/java/com/browserstack/BStackDemoTest.java',
    meta: {},
    result: 'pending',
    duration_in_ms: null,
    started_at: '2026-08-01T15:22:33.877Z',
    failure: undefined,
    failure_type: undefined,
    failure_reason: undefined,
    retry_of: null,
    custom_metadata: {},
    tags: [],
    customRerunParam: { rerun_name: 'BStackDemo-2' },
    hooks: [],
    product_map: {
      observability: true,
      accessibility: false,
      percy: false,
      automate: true,
      app_automate: false,
      lts: false
    },
    integrations: { browserstack: [Object] }
  },
  logs: []
} to 25724:0
2026-08-01T15:22:35.256Z CLI info [testhub:request-queue-handler]  [jfx2hvb6bopjxx2om87lnieyqwa7nfgartj1w1dj]  [6116b2b9-5e40-43c2-a898-71c423aacb1b]  Processing batch event [
  {
    event_type: 'HookRunFinished',
    hook_run: {
      type: 'hook',
      hook_type: 'BEFORE_METHOD',
      framework: 'TestNG',
      uuid: '577153f8-a869-4bfa-b30b-fa0b6ca9d82c',
      name: 'setUp',
      result: 'passed',
      test_run_id: '27737237-ec4f-44f8-b237-ff29db4c600f',
      body: { lang: 'java', code: null },
      scope: 'Cross-Platform.com.browserstack.BStackDemoTest',
      custom_metadata: {},
      tags: [],
      scopes: [ 'Cross-Platform', 'com.browserstack.BStackDemoTest' ],
      file_name: 'testng-browserstack-master/src/test/java/com/browserstack/BStackDemoTest.java',
      vc_filepath: '',
      location: 'testng-browserstack-master/src/test/java/com/browserstack/BStackDemoTest.java',
      started_at: '2026-08-01T15:22:09.634Z',
      finished_at: '2026-08-01T15:22:33.865Z'
    },
    logs: []
  },
  {
    event_type: 'CBTSessionCreated',
    test_run: {
      uuid: '27737237-ec4f-44f8-b237-ff29db4c600f',
      integrations: {
        browserstack: {
          product: 'automate',
          session_id: '65bb7a518ff0576fa1067ecb38407a3ae2f88220',
          capabilities: {
            appActivity: 'com.google.android.apps.chrome.Main',
            appPackage: 'com.android.chrome',
            browserName: 'chrome',
            chromedriverPort: 18082,
            databaseEnabled: false,
            desired: {
              'goog:chromeOptions': {
                args: [
                  'start-maximized',
                  '--proxy-bypass-list=<-loopback>',
                  'test-type',
                  '--proxy-server=http://31.6.63.20:26082',
                  '--disable-features=Translate'
                ]
              },
              platformName: 'Android',
              browserName: 'chrome',
              newCommandTimeout: 0,
              deviceName: 'android',
              systemPort: 8202,
              udid: 'R5CT30ZT61M',
              chromedriverPort: 18082,
              skipServerInstallation: true
            },
            deviceApiLevel: 31,
            deviceManufacturer: 'samsung',
            deviceModel: 'SM-S908E',
            deviceName: 'R5CT30ZT61M',
            deviceScreenDensity: 450,
            deviceScreenSize: '1080x2316',
            deviceUDID: 'R5CT30ZT61M',
            'goog:chromeOptions': {
              args: [
                'start-maximized',
                '--proxy-bypass-list=<-loopback>',
                'test-type',
                '--proxy-server=http://31.6.63.20:26082',
                '--disable-features=Translate'
              ]
            },
            javascriptEnabled: true,
            locationContextEnabled: false,
            networkConnectionEnabled: true,
            newCommandTimeout: 0,
            optimalHubUrl: 'hub-aps.browserstack.com',
            pixelRatio: 2.8125,
            platform: 'LINUX',
            platformName: 'LINUX',
            platformVersion: '12',
            skipServerInstallation: true,
            statBarHeight: 75,
            systemPort: 8202,
            takesScreenshot: true,
            udid: 'R5CT30ZT61M',
            viewportRect: { left: 0, top: 75, width: 1080, height: 2031 },
            warnings: {},
            webStorageEnabled: false
          },
          platform: 'LINUX',
          platform_version: '12',
          browser: 'chrome',
          browser_version: undefined,
          device_name: 'R5CT30ZT61M'
        }
      }
    }
  },
  {
    event_type: 'TestRunStarted',
    test_run: {
      type: 'test',
      framework: 'TestNG',
      uuid: '27737237-ec4f-44f8-b237-ff29db4c600f',
      name: 'addProductToCart',
      body: {
        lang: 'java',
        code: 'public void com.browserstack.BStackDemoTest.addProductToCart() throws java.lang.Exception'
      },
      identifier: 'addProductToCart',
      scope: 'Cross-Platform.com.browserstack.BStackDemoTest',
      scopes: [ 'Cross-Platform', 'com.browserstack.BStackDemoTest' ],
      file_name: 'src/test/java/com/browserstack/BStackDemoTest.java',
      vc_filepath: '',
      location: 'src/test/java/com/browserstack/BStackDemoTest.java',
      meta: {},
      result: 'pending',
      duration_in_ms: null,
      started_at: '2026-08-01T15:22:33.877Z',
      failure: undefined,
      failure_type: undefined,
      failure_reason: undefined,
      retry_of: null,
      custom_metadata: {},
      tags: [],
      customRerunParam: { rerun_name: 'BStackDemo-2' },
      hooks: [],
      product_map: {
        observability: true,
        accessibility: false,
        percy: false,
        automate: true,
        app_automate: false,
        lts: false
      },
      integrations: {
        browserstack: {
          product: 'automate',
          session_id: '65bb7a518ff0576fa1067ecb38407a3ae2f88220',
          capabilities: {
            appActivity: 'com.google.android.apps.chrome.Main',
            appPackage: 'com.android.chrome',
            browserName: 'chrome',
            chromedriverPort: 18082,
            databaseEnabled: false,
            desired: {
              'goog:chromeOptions': {
                args: [
                  'start-maximized',
                  '--proxy-bypass-list=<-loopback>',
                  'test-type',
                  '--proxy-server=http://31.6.63.20:26082',
                  '--disable-features=Translate'
                ]
              },
              platformName: 'Android',
              browserName: 'chrome',
              newCommandTimeout: 0,
              deviceName: 'android',
              systemPort: 8202,
              udid: 'R5CT30ZT61M',
              chromedriverPort: 18082,
              skipServerInstallation: true
            },
            deviceApiLevel: 31,
            deviceManufacturer: 'samsung',
            deviceModel: 'SM-S908E',
            deviceName: 'R5CT30ZT61M',
            deviceScreenDensity: 450,
            deviceScreenSize: '1080x2316',
            deviceUDID: 'R5CT30ZT61M',
            'goog:chromeOptions': {
              args: [
                'start-maximized',
                '--proxy-bypass-list=<-loopback>',
                'test-type',
                '--proxy-server=http://31.6.63.20:26082',
                '--disable-features=Translate'
              ]
            },
            javascriptEnabled: true,
            locationContextEnabled: false,
            networkConnectionEnabled: true,
            newCommandTimeout: 0,
            optimalHubUrl: 'hub-aps.browserstack.com',
            pixelRatio: 2.8125,
            platform: 'LINUX',
            platformName: 'LINUX',
            platformVersion: '12',
            skipServerInstallation: true,
            statBarHeight: 75,
            systemPort: 8202,
            takesScreenshot: true,
            udid: 'R5CT30ZT61M',
            viewportRect: { left: 0, top: 75, width: 1080, height: 2031 },
            warnings: {},
            webStorageEnabled: false
          },
          platform: 'LINUX',
          platform_version: '12',
          browser: 'chrome',
          browser_version: undefined,
          device_name: 'R5CT30ZT61M'
        }
      }
    },
    logs: []
  }
] to 25724:0
2026-08-01T15:22:35.259Z CLI info  [jfx2hvb6bopjxx2om87lnieyqwa7nfgartj1w1dj]  [6116b2b9-5e40-43c2-a898-71c423aacb1b]  [PRODUCTION] Making POST request to https://collector-observability.browserstack.com
2026-08-01T15:22:43.770Z CLI warn [TEST REPORTING AND ANALYTICS:java:testng]  [jfx2hvb6bopjxx2om87lnieyqwa7nfgartj1w1dj]  [6116b2b9-5e40-43c2-a898-71c423aacb1b]  TestRunFinished: event={"test_hook_last_started":"BEFORE_METHOD","test_failure_type":null,"test_rerun_name":"BStackDemo-2","test_result_at":"2026-08-01T20:52:43.182116","test_scope":"Cross-Platform.com.browserstack.BStackDemoTest","test_framework_name":"TestNG","test_tags":"","cbt_session_created":true,"test_started_at":"2026-08-01T20:52:33.877514","platform_index":2,"test_failure":null,"test_framework_version":"7.4.0","test_logs":[],"test_scopes":["Cross-Platform","com.browserstack.BStackDemoTest"],"test_code":"public void com.browserstack.BStackDemoTest.addProductToCart() throws java.lang.Exception","test_id":"BStackDemo-2@2","test_uuid":"27737237-ec4f-44f8-b237-ff29db4c600f","test_ended_at":"2026-08-01T20:52:43.182683","automate_session_name":"BStackDemo-22","hookAttachStartMs":1785597729587,"test_hook_last_finished":"BEFORE_METHOD","test_session_name":"com.browserstack.BStackDemoTest-addProductToCart","custom_metadata":{},"test_failure_reason":null,"test_location":"src/test/java/com/browserstack/BStackDemoTest.java","test_hooks_started":{"BEFORE_METHOD":[]},"test_file_path":"src/test/java/com/browserstack/BStackDemoTest.java","test_result":"passed","test_hooks_finished":{"BEFORE_METHOD":[{"hook_name":"setUp","hook_result":"passed","test_file_path":"testng-browserstack-master/src/test/java/com/browserstack/BStackDemoTest.java","event_started_at":"2026-08-01T20:52:09.634092","hook_id":"577153f8-a869-4bfa-b30b-fa0b6ca9d82c","hook_logs":[],"logs":[],"key":"BEFORE_METHOD","custom_metadata":{},"event_ended_at":"2026-08-01T20:52:33.865838","test_location":"testng-browserstack-master/src/test/java/com/browserstack/BStackDemoTest.java"}]},"hook_id":"577153f8-a869-4bfa-b30b-fa0b6ca9d82c","test_meta":{},"isBrowserstackAutomationSession":true,"test_name":"addProductToCart","logs":[]}
2026-08-01T15:22:43.774Z CLI info [testhub:request-queue-handler]  [jfx2hvb6bopjxx2om87lnieyqwa7nfgartj1w1dj]  [6116b2b9-5e40-43c2-a898-71c423aacb1b]  Added the event {
  event_type: 'TestRunFinished',
  test_run: {
    type: 'test',
    framework: 'TestNG',
    uuid: '27737237-ec4f-44f8-b237-ff29db4c600f',
    name: 'addProductToCart',
    body: {
      lang: 'java',
      code: 'public void com.browserstack.BStackDemoTest.addProductToCart() throws java.lang.Exception'
    },
    identifier: 'addProductToCart',
    scope: 'Cross-Platform.com.browserstack.BStackDemoTest',
    scopes: [ 'Cross-Platform', 'com.browserstack.BStackDemoTest' ],
    file_name: 'src/test/java/com/browserstack/BStackDemoTest.java',
    vc_filepath: '',
    location: 'src/test/java/com/browserstack/BStackDemoTest.java',
    meta: {},
    result: 'passed',
    duration_in_ms: 9305,
    started_at: '2026-08-01T15:22:33.877Z',
    finished_at: '2026-08-01T15:22:43.182Z',
    failure: null,
    failure_type: null,
    failure_reason: null,
    retry_of: null,
    custom_metadata: {},
    tags: [],
    customRerunParam: { rerun_name: 'BStackDemo-2' },
    hooks: [ '577153f8-a869-4bfa-b30b-fa0b6ca9d82c' ],
    product_map: {
      observability: true,
      accessibility: false,
      percy: false,
      automate: true,
      app_automate: false,
      lts: false
    }
  },
  logs: []
} to 25724:0
2026-08-01T15:22:43.789Z CLI info [testhub:request-queue-handler]  [jfx2hvb6bopjxx2om87lnieyqwa7nfgartj1w1dj]  [6116b2b9-5e40-43c2-a898-71c423aacb1b]  Added the event {
  event_type: 'CBTSessionCreated',
  test_run: {
    uuid: 'f27acf63-6d77-4054-95de-ae91ed25d07c',
    integrations: { browserstack: [Object] }
  }
} to 25724:0
2026-08-01T15:22:43.793Z CLI info [testhub:request-queue-handler]  [jfx2hvb6bopjxx2om87lnieyqwa7nfgartj1w1dj]  [6116b2b9-5e40-43c2-a898-71c423aacb1b]  Added the event {
  event_type: 'HookRunStarted',
  hook_run: {
    type: 'hook',
    hook_type: 'AFTER_METHOD',
    framework: 'TestNG',
    uuid: 'f27acf63-6d77-4054-95de-ae91ed25d07c',
    name: 'tearDown',
    result: 'pending',
    test_run_id: '27737237-ec4f-44f8-b237-ff29db4c600f',
    body: { lang: 'java', code: null },
    scope: 'Cross-Platform.com.browserstack.BStackDemoTest',
    custom_metadata: {},
    tags: [],
    scopes: [ 'Cross-Platform', 'com.browserstack.BStackDemoTest' ],
    file_name: 'testng-browserstack-master/src/test/java/com/browserstack/BStackDemoTest.java',
    vc_filepath: '',
    location: 'testng-browserstack-master/src/test/java/com/browserstack/BStackDemoTest.java',
    started_at: '2026-08-01T15:22:43.783Z'
  },
  logs: []
} to 25724:0
2026-08-01T15:22:45.260Z CLI info [testhub:request-queue-handler]  [jfx2hvb6bopjxx2om87lnieyqwa7nfgartj1w1dj]  [6116b2b9-5e40-43c2-a898-71c423aacb1b]  Processing batch event [
  {
    event_type: 'TestRunFinished',
    test_run: {
      type: 'test',
      framework: 'TestNG',
      uuid: '27737237-ec4f-44f8-b237-ff29db4c600f',
      name: 'addProductToCart',
      body: {
        lang: 'java',
        code: 'public void com.browserstack.BStackDemoTest.addProductToCart() throws java.lang.Exception'
      },
      identifier: 'addProductToCart',
      scope: 'Cross-Platform.com.browserstack.BStackDemoTest',
      scopes: [ 'Cross-Platform', 'com.browserstack.BStackDemoTest' ],
      file_name: 'src/test/java/com/browserstack/BStackDemoTest.java',
      vc_filepath: '',
      location: 'src/test/java/com/browserstack/BStackDemoTest.java',
      meta: {},
      result: 'passed',
      duration_in_ms: 9305,
      started_at: '2026-08-01T15:22:33.877Z',
      finished_at: '2026-08-01T15:22:43.182Z',
      failure: null,
      failure_type: null,
      failure_reason: null,
      retry_of: null,
      custom_metadata: {},
      tags: [],
      customRerunParam: { rerun_name: 'BStackDemo-2' },
      hooks: [ '577153f8-a869-4bfa-b30b-fa0b6ca9d82c' ],
      product_map: {
        observability: true,
        accessibility: false,
        percy: false,
        automate: true,
        app_automate: false,
        lts: false
      }
    },
    logs: []
  },
  {
    event_type: 'CBTSessionCreated',
    test_run: {
      uuid: 'f27acf63-6d77-4054-95de-ae91ed25d07c',
      integrations: {
        browserstack: {
          product: 'automate',
          session_id: '65bb7a518ff0576fa1067ecb38407a3ae2f88220',
          capabilities: {
            appActivity: 'com.google.android.apps.chrome.Main',
            appPackage: 'com.android.chrome',
            browserName: 'chrome',
            chromedriverPort: 18082,
            databaseEnabled: false,
            desired: {
              'goog:chromeOptions': {
                args: [
                  'start-maximized',
                  '--proxy-bypass-list=<-loopback>',
                  'test-type',
                  '--proxy-server=http://31.6.63.20:26082',
                  '--disable-features=Translate'
                ]
              },
              platformName: 'Android',
              browserName: 'chrome',
              newCommandTimeout: 0,
              deviceName: 'android',
              systemPort: 8202,
              udid: 'R5CT30ZT61M',
              chromedriverPort: 18082,
              skipServerInstallation: true
            },
            deviceApiLevel: 31,
            deviceManufacturer: 'samsung',
            deviceModel: 'SM-S908E',
            deviceName: 'R5CT30ZT61M',
            deviceScreenDensity: 450,
            deviceScreenSize: '1080x2316',
            deviceUDID: 'R5CT30ZT61M',
            'goog:chromeOptions': {
              args: [
                'start-maximized',
                '--proxy-bypass-list=<-loopback>',
                'test-type',
                '--proxy-server=http://31.6.63.20:26082',
                '--disable-features=Translate'
              ]
            },
            javascriptEnabled: true,
            locationContextEnabled: false,
            networkConnectionEnabled: true,
            newCommandTimeout: 0,
            optimalHubUrl: 'hub-aps.browserstack.com',
            pixelRatio: 2.8125,
            platform: 'LINUX',
            platformName: 'LINUX',
            platformVersion: '12',
            skipServerInstallation: true,
            statBarHeight: 75,
            systemPort: 8202,
            takesScreenshot: true,
            udid: 'R5CT30ZT61M',
            viewportRect: { left: 0, top: 75, width: 1080, height: 2031 },
            warnings: {},
            webStorageEnabled: false
          },
          platform: 'LINUX',
          platform_version: '12',
          browser: 'chrome',
          browser_version: undefined,
          device_name: 'R5CT30ZT61M'
        }
      }
    }
  },
  {
    event_type: 'HookRunStarted',
    hook_run: {
      type: 'hook',
      hook_type: 'AFTER_METHOD',
      framework: 'TestNG',
      uuid: 'f27acf63-6d77-4054-95de-ae91ed25d07c',
      name: 'tearDown',
      result: 'pending',
      test_run_id: '27737237-ec4f-44f8-b237-ff29db4c600f',
      body: { lang: 'java', code: null },
      scope: 'Cross-Platform.com.browserstack.BStackDemoTest',
      custom_metadata: {},
      tags: [],
      scopes: [ 'Cross-Platform', 'com.browserstack.BStackDemoTest' ],
      file_name: 'testng-browserstack-master/src/test/java/com/browserstack/BStackDemoTest.java',
      vc_filepath: '',
      location: 'testng-browserstack-master/src/test/java/com/browserstack/BStackDemoTest.java',
      started_at: '2026-08-01T15:22:43.783Z'
    },
    logs: []
  }
] to 25724:0
2026-08-01T15:22:45.261Z CLI info  [jfx2hvb6bopjxx2om87lnieyqwa7nfgartj1w1dj]  [6116b2b9-5e40-43c2-a898-71c423aacb1b]  [PRODUCTION] Making POST request to https://collector-observability.browserstack.com
2026-08-01T15:22:45.472Z CLI info [testhub:request-queue-handler]  [jfx2hvb6bopjxx2om87lnieyqwa7nfgartj1w1dj]  [6116b2b9-5e40-43c2-a898-71c423aacb1b]  Added the event {
  event_type: 'HookRunFinished',
  hook_run: {
    type: 'hook',
    hook_type: 'AFTER_METHOD',
    framework: 'TestNG',
    uuid: 'f27acf63-6d77-4054-95de-ae91ed25d07c',
    name: 'tearDown',
    result: 'passed',
    test_run_id: '27737237-ec4f-44f8-b237-ff29db4c600f',
    body: { lang: 'java', code: null },
    scope: 'Cross-Platform.com.browserstack.BStackDemoTest',
    custom_metadata: {},
    tags: [],
    scopes: [ 'Cross-Platform', 'com.browserstack.BStackDemoTest' ],
    file_name: 'testng-browserstack-master/src/test/java/com/browserstack/BStackDemoTest.java',
    vc_filepath: '',
    location: 'testng-browserstack-master/src/test/java/com/browserstack/BStackDemoTest.java',
    started_at: '2026-08-01T15:22:43.783Z',
    finished_at: '2026-08-01T15:22:45.467Z'
  },
  logs: []
} to 25724:0
2026-08-01T15:22:46.214Z CLI info  [jfx2hvb6bopjxx2om87lnieyqwa7nfgartj1w1dj]  [6116b2b9-5e40-43c2-a898-71c423aacb1b]  [PRODUCTION] Making GET request to https://api.browserstack.com
2026-08-01T15:22:46.222Z CLI info  [jfx2hvb6bopjxx2om87lnieyqwa7nfgartj1w1dj]  [6116b2b9-5e40-43c2-a898-71c423aacb1b]  [PRODUCTION] Making POST request to https://collector-observability.browserstack.com
2026-08-01T15:22:46.892Z CLI info  [jfx2hvb6bopjxx2om87lnieyqwa7nfgartj1w1dj]  [6116b2b9-5e40-43c2-a898-71c423aacb1b]  [PRODUCTION] Making PUT request to https://collector-observability.browserstack.com
2026-08-01T15:22:47.566Z CLI info [testhub:module]  [jfx2hvb6bopjxx2om87lnieyqwa7nfgartj1w1dj]  [6116b2b9-5e40-43c2-a898-71c423aacb1b]  stopBuild: jfx2hvb6bopjxx2om87lnieyqwa7nfgartj1w1dj request={"finished_at":"2026-08-01T15:22:46.214Z","finished_metadata":[],"custom_metadata":{}} response={"data":""}
2026-08-01T15:22:47.568Z CLI info  [jfx2hvb6bopjxx2om87lnieyqwa7nfgartj1w1dj]  [6116b2b9-5e40-43c2-a898-71c423aacb1b]  [PRODUCTION] Making POST request to https://api.browserstack.com
2026-08-01T15:22:48.400Z CLI info [TEST REPORTING AND ANALYTICS:module]  [jfx2hvb6bopjxx2om87lnieyqwa7nfgartj1w1dj]  [6116b2b9-5e40-43c2-a898-71c423aacb1b]  Visit https://automation.browserstack.com/builds/jfx2hvb6bopjxx2om87lnieyqwa7nfgartj1w1dj to view build report, insights, and many more debugging information all at one place!
2026-08-01T15:22:48.491Z CLI info [main]  [jfx2hvb6bopjxx2om87lnieyqwa7nfgartj1w1dj]  [6116b2b9-5e40-43c2-a898-71c423aacb1b]  Received graceful signal termination (SIGTERM), performing cleanup
2026-08-01T15:25:18.621Z CLI info [main]    Server listening on port: 5400
2026-08-01T15:25:18.853Z CLI info    Config : {"userName":"[REDACTED]","accessKey":"[REDACTED]","platforms":[{"os":"Windows","osVersion":"11","browserName":"Chrome","browserVersion":"148.0"},{"os":"OS X","osVersion":"Monterey","browserName":"Safari","browserVersion":"15.6"},{"deviceName":"iPhone 13","osVersion":"15","browserName":"Chromium","deviceOrientation":"portrait"}],"browserstackLocal":true,"buildName":"browserstack-build-1","projectName":"BrowserStack Sample","selfHeal":true,"aiAuthoring":true,"buildIdentifier":"#${BUILD_NUMBER}","framework":"testng"}
2026-08-01T15:25:18.874Z CLI info    Should start debug utility: undefined
2026-08-01T15:25:18.875Z CLI info [testhub:module]   [4490adf5-d504-4de0-b9d9-1c98f41a7ad0]  Starting testhub from 26577:0
2026-08-01T15:25:19.365Z CLI info   [4490adf5-d504-4de0-b9d9-1c98f41a7ad0]  [PRODUCTION] Making POST request to https://sdk.browserstack.com
2026-08-01T15:25:19.366Z CLI info   [4490adf5-d504-4de0-b9d9-1c98f41a7ad0]  [PRODUCTION] Making GET request to https://hub.browserstack.com
2026-08-01T15:25:19.498Z CLI info   [4490adf5-d504-4de0-b9d9-1c98f41a7ad0]  [PRODUCTION] Making GET request to https://hub-aps.browserstack.com
2026-08-01T15:25:19.498Z CLI info   [4490adf5-d504-4de0-b9d9-1c98f41a7ad0]  [PRODUCTION] Making GET request to https://hub-euw.browserstack.com
2026-08-01T15:25:19.499Z CLI info   [4490adf5-d504-4de0-b9d9-1c98f41a7ad0]  [PRODUCTION] Making GET request to https://hub-apse.browserstack.com
2026-08-01T15:25:20.478Z CLI info [testhub:module]   [4490adf5-d504-4de0-b9d9-1c98f41a7ad0]  startBuild: response=b1uyg241qi4vequimbf79la52m74tckaug689meu
2026-08-01T15:25:20.480Z CLI info  [b1uyg241qi4vequimbf79la52m74tckaug689meu]  [4490adf5-d504-4de0-b9d9-1c98f41a7ad0]  [PRODUCTION] Making POST request to https://api.browserstack.com
2026-08-01T15:25:24.373Z CLI error  [b1uyg241qi4vequimbf79la52m74tckaug689meu]  [4490adf5-d504-4de0-b9d9-1c98f41a7ad0]  error invoking callback for eventName onStart: ENOENT: no such file or directory, mkdir '/snapshot/browserstack-binary/cli/dist/extensions'
2026-08-01T15:25:24.374Z CLI error  [b1uyg241qi4vequimbf79la52m74tckaug689meu]  [4490adf5-d504-4de0-b9d9-1c98f41a7ad0]  Error: ENOENT: no such file or directory, mkdir '/snapshot/browserstack-binary/cli/dist/extensions'
2026-08-01T15:25:28.038Z CLI info  [b1uyg241qi4vequimbf79la52m74tckaug689meu]  [4490adf5-d504-4de0-b9d9-1c98f41a7ad0]  [PRODUCTION] Making POST request to https://api.browserstack.com
2026-08-01T15:25:32.285Z CLI info [testhub:request-queue-handler]  [b1uyg241qi4vequimbf79la52m74tckaug689meu]  [4490adf5-d504-4de0-b9d9-1c98f41a7ad0]  Added the event {
  event_type: 'HookRunStarted',
  hook_run: {
    type: 'hook',
    hook_type: 'BEFORE_METHOD',
    framework: 'TestNG',
    uuid: '56aef778-63cf-4764-986e-80ba87899f90',
    name: 'setUp',
    result: 'pending',
    test_run_id: 'bd8243c4-3986-42d9-b691-cbed11f40142',
    body: { lang: 'java', code: null },
    scope: 'Cross-Platform.com.browserstack.BStackDemoTest',
    custom_metadata: {},
    tags: [],
    scopes: [ 'Cross-Platform', 'com.browserstack.BStackDemoTest' ],
    file_name: 'testng-browserstack-master/src/test/java/com/browserstack/BStackDemoTest.java',
    vc_filepath: '',
    location: 'testng-browserstack-master/src/test/java/com/browserstack/BStackDemoTest.java',
    started_at: '2026-08-01T15:25:32.263Z'
  },
  logs: []
} to 26577:0
2026-08-01T15:25:32.286Z CLI info [testhub:request-queue-handler]  [b1uyg241qi4vequimbf79la52m74tckaug689meu]  [4490adf5-d504-4de0-b9d9-1c98f41a7ad0]  Added the event {
  event_type: 'HookRunStarted',
  hook_run: {
    type: 'hook',
    hook_type: 'BEFORE_METHOD',
    framework: 'TestNG',
    uuid: '459e613c-a344-48a3-98a2-9e188febeb5e',
    name: 'setUp',
    result: 'pending',
    test_run_id: '0f0c1feb-8ffc-4a5e-a763-0c3c279872ba',
    body: { lang: 'java', code: null },
    scope: 'Cross-Platform.com.browserstack.BStackDemoTest',
    custom_metadata: {},
    tags: [],
    scopes: [ 'Cross-Platform', 'com.browserstack.BStackDemoTest' ],
    file_name: 'testng-browserstack-master/src/test/java/com/browserstack/BStackDemoTest.java',
    vc_filepath: '',
    location: 'testng-browserstack-master/src/test/java/com/browserstack/BStackDemoTest.java',
    started_at: '2026-08-01T15:25:32.263Z'
  },
  logs: []
} to 26577:0
2026-08-01T15:25:32.287Z CLI info [testhub:request-queue-handler]  [b1uyg241qi4vequimbf79la52m74tckaug689meu]  [4490adf5-d504-4de0-b9d9-1c98f41a7ad0]  Added the event {
  event_type: 'HookRunStarted',
  hook_run: {
    type: 'hook',
    hook_type: 'BEFORE_METHOD',
    framework: 'TestNG',
    uuid: '199733bf-95c3-4131-b909-07b87831af33',
    name: 'setUp',
    result: 'pending',
    test_run_id: 'a9b41e17-58f7-468a-8265-bc72b7d0521b',
    body: { lang: 'java', code: null },
    scope: 'Cross-Platform.com.browserstack.BStackDemoTest',
    custom_metadata: {},
    tags: [],
    scopes: [ 'Cross-Platform', 'com.browserstack.BStackDemoTest' ],
    file_name: 'testng-browserstack-master/src/test/java/com/browserstack/BStackDemoTest.java',
    vc_filepath: '',
    location: 'testng-browserstack-master/src/test/java/com/browserstack/BStackDemoTest.java',
    started_at: '2026-08-01T15:25:32.263Z'
  },
  logs: []
} to 26577:0
2026-08-01T15:25:32.486Z CLI info [testhub:request-queue-handler]  [b1uyg241qi4vequimbf79la52m74tckaug689meu]  [4490adf5-d504-4de0-b9d9-1c98f41a7ad0]  Processing batch event [
  {
    event_type: 'HookRunStarted',
    hook_run: {
      type: 'hook',
      hook_type: 'BEFORE_METHOD',
      framework: 'TestNG',
      uuid: '56aef778-63cf-4764-986e-80ba87899f90',
      name: 'setUp',
      result: 'pending',
      test_run_id: 'bd8243c4-3986-42d9-b691-cbed11f40142',
      body: { lang: 'java', code: null },
      scope: 'Cross-Platform.com.browserstack.BStackDemoTest',
      custom_metadata: {},
      tags: [],
      scopes: [ 'Cross-Platform', 'com.browserstack.BStackDemoTest' ],
      file_name: 'testng-browserstack-master/src/test/java/com/browserstack/BStackDemoTest.java',
      vc_filepath: '',
      location: 'testng-browserstack-master/src/test/java/com/browserstack/BStackDemoTest.java',
      started_at: '2026-08-01T15:25:32.263Z'
    },
    logs: []
  },
  {
    event_type: 'HookRunStarted',
    hook_run: {
      type: 'hook',
      hook_type: 'BEFORE_METHOD',
      framework: 'TestNG',
      uuid: '459e613c-a344-48a3-98a2-9e188febeb5e',
      name: 'setUp',
      result: 'pending',
      test_run_id: '0f0c1feb-8ffc-4a5e-a763-0c3c279872ba',
      body: { lang: 'java', code: null },
      scope: 'Cross-Platform.com.browserstack.BStackDemoTest',
      custom_metadata: {},
      tags: [],
      scopes: [ 'Cross-Platform', 'com.browserstack.BStackDemoTest' ],
      file_name: 'testng-browserstack-master/src/test/java/com/browserstack/BStackDemoTest.java',
      vc_filepath: '',
      location: 'testng-browserstack-master/src/test/java/com/browserstack/BStackDemoTest.java',
      started_at: '2026-08-01T15:25:32.263Z'
    },
    logs: []
  },
  {
    event_type: 'HookRunStarted',
    hook_run: {
      type: 'hook',
      hook_type: 'BEFORE_METHOD',
      framework: 'TestNG',
      uuid: '199733bf-95c3-4131-b909-07b87831af33',
      name: 'setUp',
      result: 'pending',
      test_run_id: 'a9b41e17-58f7-468a-8265-bc72b7d0521b',
      body: { lang: 'java', code: null },
      scope: 'Cross-Platform.com.browserstack.BStackDemoTest',
      custom_metadata: {},
      tags: [],
      scopes: [ 'Cross-Platform', 'com.browserstack.BStackDemoTest' ],
      file_name: 'testng-browserstack-master/src/test/java/com/browserstack/BStackDemoTest.java',
      vc_filepath: '',
      location: 'testng-browserstack-master/src/test/java/com/browserstack/BStackDemoTest.java',
      started_at: '2026-08-01T15:25:32.263Z'
    },
    logs: []
  }
] to 26577:0
2026-08-01T15:25:32.490Z CLI info  [b1uyg241qi4vequimbf79la52m74tckaug689meu]  [4490adf5-d504-4de0-b9d9-1c98f41a7ad0]  [PRODUCTION] Making POST request to https://collector-observability.browserstack.com
2026-08-01T15:25:32.556Z CLI info [ai:module]  [b1uyg241qi4vequimbf79la52m74tckaug689meu]  [4490adf5-d504-4de0-b9d9-1c98f41a7ad0]  initSession: 4490adf5-d504-4de0-b9d9-1c98f41a7ad0
2026-08-01T15:25:32.557Z CLI info [sdk:service]  [b1uyg241qi4vequimbf79la52m74tckaug689meu]  [4490adf5-d504-4de0-b9d9-1c98f41a7ad0]  Driver initialized as primary driver: platformIndex=2
2026-08-01T15:25:32.560Z CLI info [ai:module]  [b1uyg241qi4vequimbf79la52m74tckaug689meu]  [4490adf5-d504-4de0-b9d9-1c98f41a7ad0]  initSession: 4490adf5-d504-4de0-b9d9-1c98f41a7ad0
2026-08-01T15:25:32.560Z CLI info [sdk:service]  [b1uyg241qi4vequimbf79la52m74tckaug689meu]  [4490adf5-d504-4de0-b9d9-1c98f41a7ad0]  Driver initialized as primary driver: platformIndex=1
2026-08-01T15:25:32.562Z CLI info [ai:module]  [b1uyg241qi4vequimbf79la52m74tckaug689meu]  [4490adf5-d504-4de0-b9d9-1c98f41a7ad0]  initSession: 4490adf5-d504-4de0-b9d9-1c98f41a7ad0
2026-08-01T15:25:32.563Z CLI info [sdk:service]  [b1uyg241qi4vequimbf79la52m74tckaug689meu]  [4490adf5-d504-4de0-b9d9-1c98f41a7ad0]  Driver initialized as primary driver: platformIndex=0
2026-08-01T15:25:40.043Z CLI info [ai:module]  [b1uyg241qi4vequimbf79la52m74tckaug689meu]  [4490adf5-d504-4de0-b9d9-1c98f41a7ad0]  beforeSession: 4490adf5-d504-4de0-b9d9-1c98f41a7ad0
2026-08-01T15:25:40.071Z CLI info [testhub:request-queue-handler]  [b1uyg241qi4vequimbf79la52m74tckaug689meu]  [4490adf5-d504-4de0-b9d9-1c98f41a7ad0]  Added the event {
  event_type: 'HookRunFinished',
  hook_run: {
    type: 'hook',
    hook_type: 'BEFORE_METHOD',
    framework: 'TestNG',
    uuid: '199733bf-95c3-4131-b909-07b87831af33',
    name: 'setUp',
    result: 'passed',
    test_run_id: 'a9b41e17-58f7-468a-8265-bc72b7d0521b',
    body: { lang: 'java', code: null },
    scope: 'Cross-Platform.com.browserstack.BStackDemoTest',
    custom_metadata: {},
    tags: [],
    scopes: [ 'Cross-Platform', 'com.browserstack.BStackDemoTest' ],
    file_name: 'testng-browserstack-master/src/test/java/com/browserstack/BStackDemoTest.java',
    vc_filepath: '',
    location: 'testng-browserstack-master/src/test/java/com/browserstack/BStackDemoTest.java',
    started_at: '2026-08-01T15:25:32.263Z',
    finished_at: '2026-08-01T15:25:40.067Z'
  },
  logs: []
} to 26577:0
2026-08-01T15:25:40.103Z CLI info [testhub:request-queue-handler]  [b1uyg241qi4vequimbf79la52m74tckaug689meu]  [4490adf5-d504-4de0-b9d9-1c98f41a7ad0]  Added the event {
  event_type: 'CBTSessionCreated',
  test_run: {
    uuid: 'a9b41e17-58f7-468a-8265-bc72b7d0521b',
    integrations: { browserstack: [Object] }
  }
} to 26577:0
2026-08-01T15:25:40.109Z CLI info [testhub:request-queue-handler]  [b1uyg241qi4vequimbf79la52m74tckaug689meu]  [4490adf5-d504-4de0-b9d9-1c98f41a7ad0]  Added the event {
  event_type: 'TestRunStarted',
  test_run: {
    type: 'test',
    framework: 'TestNG',
    uuid: 'a9b41e17-58f7-468a-8265-bc72b7d0521b',
    name: 'addProductToCart',
    body: {
      lang: 'java',
      code: 'public void com.browserstack.BStackDemoTest.addProductToCart() throws java.lang.Exception'
    },
    identifier: 'addProductToCart',
    scope: 'Cross-Platform.com.browserstack.BStackDemoTest',
    scopes: [ 'Cross-Platform', 'com.browserstack.BStackDemoTest' ],
    file_name: 'src/test/java/com/browserstack/BStackDemoTest.java',
    vc_filepath: '',
    location: 'src/test/java/com/browserstack/BStackDemoTest.java',
    meta: {},
    result: 'pending',
    duration_in_ms: null,
    started_at: '2026-08-01T15:25:40.079Z',
    failure: undefined,
    failure_type: undefined,
    failure_reason: undefined,
    retry_of: null,
    custom_metadata: {},
    tags: [],
    customRerunParam: { rerun_name: 'BStackDemo-1' },
    hooks: [],
    product_map: {
      observability: true,
      accessibility: false,
      percy: false,
      automate: true,
      app_automate: false,
      lts: false
    },
    integrations: { browserstack: [Object] }
  },
  logs: []
} to 26577:0
2026-08-01T15:25:40.492Z CLI info [testhub:request-queue-handler]  [b1uyg241qi4vequimbf79la52m74tckaug689meu]  [4490adf5-d504-4de0-b9d9-1c98f41a7ad0]  Processing batch event [
  {
    event_type: 'HookRunFinished',
    hook_run: {
      type: 'hook',
      hook_type: 'BEFORE_METHOD',
      framework: 'TestNG',
      uuid: '199733bf-95c3-4131-b909-07b87831af33',
      name: 'setUp',
      result: 'passed',
      test_run_id: 'a9b41e17-58f7-468a-8265-bc72b7d0521b',
      body: { lang: 'java', code: null },
      scope: 'Cross-Platform.com.browserstack.BStackDemoTest',
      custom_metadata: {},
      tags: [],
      scopes: [ 'Cross-Platform', 'com.browserstack.BStackDemoTest' ],
      file_name: 'testng-browserstack-master/src/test/java/com/browserstack/BStackDemoTest.java',
      vc_filepath: '',
      location: 'testng-browserstack-master/src/test/java/com/browserstack/BStackDemoTest.java',
      started_at: '2026-08-01T15:25:32.263Z',
      finished_at: '2026-08-01T15:25:40.067Z'
    },
    logs: []
  },
  {
    event_type: 'CBTSessionCreated',
    test_run: {
      uuid: 'a9b41e17-58f7-468a-8265-bc72b7d0521b',
      integrations: {
        browserstack: {
          product: 'automate',
          session_id: 'df318e72a4c18a610efe2a7002613fdde06e2889',
          capabilities: {
            acceptInsecureCerts: false,
            browserName: 'Safari',
            browserVersion: '15.6.1',
            javascriptEnabled: true,
            optimalHubUrl: 'hub-aps.browserstack.com',
            platform: 'MAC',
            platformName: 'MAC',
            'safari:automaticInspection': false,
            'safari:automaticProfiling': false,
            'safari:diagnose': false,
            'safari:platformBuildVersion': '21G83',
            'safari:platformVersion': '12.5.1',
            'safari:useSimulator': false,
            setWindowRect: true,
            strictFileInteractability: false,
            'webdriver.remote.sessionid': 'df318e72a4c18a610efe2a7002613fdde06e2889',
            'webkit:WebRTC': {
              DisableICECandidateFiltering: false,
              DisableInsecureMediaCapture: false
            }
          },
          platform: 'OS X',
          platform_version: 'Monterey',
          browser: 'Safari',
          browser_version: '15.6'
        }
      }
    }
  },
  {
    event_type: 'TestRunStarted',
    test_run: {
      type: 'test',
      framework: 'TestNG',
      uuid: 'a9b41e17-58f7-468a-8265-bc72b7d0521b',
      name: 'addProductToCart',
      body: {
        lang: 'java',
        code: 'public void com.browserstack.BStackDemoTest.addProductToCart() throws java.lang.Exception'
      },
      identifier: 'addProductToCart',
      scope: 'Cross-Platform.com.browserstack.BStackDemoTest',
      scopes: [ 'Cross-Platform', 'com.browserstack.BStackDemoTest' ],
      file_name: 'src/test/java/com/browserstack/BStackDemoTest.java',
      vc_filepath: '',
      location: 'src/test/java/com/browserstack/BStackDemoTest.java',
      meta: {},
      result: 'pending',
      duration_in_ms: null,
      started_at: '2026-08-01T15:25:40.079Z',
      failure: undefined,
      failure_type: undefined,
      failure_reason: undefined,
      retry_of: null,
      custom_metadata: {},
      tags: [],
      customRerunParam: { rerun_name: 'BStackDemo-1' },
      hooks: [],
      product_map: {
        observability: true,
        accessibility: false,
        percy: false,
        automate: true,
        app_automate: false,
        lts: false
      },
      integrations: {
        browserstack: {
          product: 'automate',
          session_id: 'df318e72a4c18a610efe2a7002613fdde06e2889',
          capabilities: {
            acceptInsecureCerts: false,
            browserName: 'Safari',
            browserVersion: '15.6.1',
            javascriptEnabled: true,
            optimalHubUrl: 'hub-aps.browserstack.com',
            platform: 'MAC',
            platformName: 'MAC',
            'safari:automaticInspection': false,
            'safari:automaticProfiling': false,
            'safari:diagnose': false,
            'safari:platformBuildVersion': '21G83',
            'safari:platformVersion': '12.5.1',
            'safari:useSimulator': false,
            setWindowRect: true,
            strictFileInteractability: false,
            'webdriver.remote.sessionid': 'df318e72a4c18a610efe2a7002613fdde06e2889',
            'webkit:WebRTC': {
              DisableICECandidateFiltering: false,
              DisableInsecureMediaCapture: false
            }
          },
          platform: 'OS X',
          platform_version: 'Monterey',
          browser: 'Safari',
          browser_version: '15.6'
        }
      }
    },
    logs: []
  }
] to 26577:0
2026-08-01T15:25:40.493Z CLI info  [b1uyg241qi4vequimbf79la52m74tckaug689meu]  [4490adf5-d504-4de0-b9d9-1c98f41a7ad0]  [PRODUCTION] Making POST request to https://collector-observability.browserstack.com
2026-08-01T15:25:41.423Z CLI info [ai:module]  [b1uyg241qi4vequimbf79la52m74tckaug689meu]  [4490adf5-d504-4de0-b9d9-1c98f41a7ad0]  beforeSession: 4490adf5-d504-4de0-b9d9-1c98f41a7ad0
2026-08-01T15:25:41.450Z CLI info [testhub:request-queue-handler]  [b1uyg241qi4vequimbf79la52m74tckaug689meu]  [4490adf5-d504-4de0-b9d9-1c98f41a7ad0]  Added the event {
  event_type: 'HookRunFinished',
  hook_run: {
    type: 'hook',
    hook_type: 'BEFORE_METHOD',
    framework: 'TestNG',
    uuid: '56aef778-63cf-4764-986e-80ba87899f90',
    name: 'setUp',
    result: 'passed',
    test_run_id: 'bd8243c4-3986-42d9-b691-cbed11f40142',
    body: { lang: 'java', code: null },
    scope: 'Cross-Platform.com.browserstack.BStackDemoTest',
    custom_metadata: {},
    tags: [],
    scopes: [ 'Cross-Platform', 'com.browserstack.BStackDemoTest' ],
    file_name: 'testng-browserstack-master/src/test/java/com/browserstack/BStackDemoTest.java',
    vc_filepath: '',
    location: 'testng-browserstack-master/src/test/java/com/browserstack/BStackDemoTest.java',
    started_at: '2026-08-01T15:25:32.263Z',
    finished_at: '2026-08-01T15:25:41.446Z'
  },
  logs: []
} to 26577:0
2026-08-01T15:25:41.462Z CLI info [testhub:request-queue-handler]  [b1uyg241qi4vequimbf79la52m74tckaug689meu]  [4490adf5-d504-4de0-b9d9-1c98f41a7ad0]  Added the event {
  event_type: 'CBTSessionCreated',
  test_run: {
    uuid: 'bd8243c4-3986-42d9-b691-cbed11f40142',
    integrations: { browserstack: [Object] }
  }
} to 26577:0
2026-08-01T15:25:41.468Z CLI info [testhub:request-queue-handler]  [b1uyg241qi4vequimbf79la52m74tckaug689meu]  [4490adf5-d504-4de0-b9d9-1c98f41a7ad0]  Added the event {
  event_type: 'TestRunStarted',
  test_run: {
    type: 'test',
    framework: 'TestNG',
    uuid: 'bd8243c4-3986-42d9-b691-cbed11f40142',
    name: 'addProductToCart',
    body: {
      lang: 'java',
      code: 'public void com.browserstack.BStackDemoTest.addProductToCart() throws java.lang.Exception'
    },
    identifier: 'addProductToCart',
    scope: 'Cross-Platform.com.browserstack.BStackDemoTest',
    scopes: [ 'Cross-Platform', 'com.browserstack.BStackDemoTest' ],
    file_name: 'src/test/java/com/browserstack/BStackDemoTest.java',
    vc_filepath: '',
    location: 'src/test/java/com/browserstack/BStackDemoTest.java',
    meta: {},
    result: 'pending',
    duration_in_ms: null,
    started_at: '2026-08-01T15:25:41.457Z',
    failure: undefined,
    failure_type: undefined,
    failure_reason: undefined,
    retry_of: null,
    custom_metadata: {},
    tags: [],
    customRerunParam: { rerun_name: 'BStackDemo-0' },
    hooks: [],
    product_map: {
      observability: true,
      accessibility: false,
      percy: false,
      automate: true,
      app_automate: false,
      lts: false
    },
    integrations: { browserstack: [Object] }
  },
  logs: []
} to 26577:0
2026-08-01T15:25:42.494Z CLI info [testhub:request-queue-handler]  [b1uyg241qi4vequimbf79la52m74tckaug689meu]  [4490adf5-d504-4de0-b9d9-1c98f41a7ad0]  Processing batch event [
  {
    event_type: 'HookRunFinished',
    hook_run: {
      type: 'hook',
      hook_type: 'BEFORE_METHOD',
      framework: 'TestNG',
      uuid: '56aef778-63cf-4764-986e-80ba87899f90',
      name: 'setUp',
      result: 'passed',
      test_run_id: 'bd8243c4-3986-42d9-b691-cbed11f40142',
      body: { lang: 'java', code: null },
      scope: 'Cross-Platform.com.browserstack.BStackDemoTest',
      custom_metadata: {},
      tags: [],
      scopes: [ 'Cross-Platform', 'com.browserstack.BStackDemoTest' ],
      file_name: 'testng-browserstack-master/src/test/java/com/browserstack/BStackDemoTest.java',
      vc_filepath: '',
      location: 'testng-browserstack-master/src/test/java/com/browserstack/BStackDemoTest.java',
      started_at: '2026-08-01T15:25:32.263Z',
      finished_at: '2026-08-01T15:25:41.446Z'
    },
    logs: []
  },
  {
    event_type: 'CBTSessionCreated',
    test_run: {
      uuid: 'bd8243c4-3986-42d9-b691-cbed11f40142',
      integrations: {
        browserstack: {
          product: 'automate',
          session_id: 'f6d3ca0f0c39dc0d153879f46c75a8fff8808294',
          capabilities: {
            acceptInsecureCerts: false,
            browserName: 'chrome',
            browserVersion: '148.0.7778.97',
            chrome: {
              chromedriverVersion: '148.0.7778.97 (6b3fa66a923a9442c8ab0bc71b4b41ff24528d3b-refs/branch-heads/7778@{#1905})',
              userDataDir: 'C:\\Windows\\proxy\\scoped_dir14448_264927024'
            },
            'fedcm:accounts': true,
            'goog:chromeOptions': { debuggerAddress: 'localhost:7791' },
            'goog:processID': 15296,
            javascriptEnabled: true,
            networkConnectionEnabled: false,
            optimalHubUrl: 'hub-aps.browserstack.com',
            pageLoadStrategy: 'normal',
            platform: 'WINDOWS',
            platformName: 'WINDOWS',
            proxy: {
              proxyType: 'UNSPECIFIED',
              autodetect: false,
              ftpProxy: null,
              httpProxy: null,
              noProxy: null,
              sslProxy: null,
              socksProxy: null,
              socksVersion: null,
              socksUsername: null,
              socksPassword: null,
              proxyAutoconfigUrl: null
            },
            setWindowRect: true,
            strictFileInteractability: false,
            timeouts: { implicit: 0, pageLoad: 300000, script: 30000 },
            unhandledPromptBehavior: 'dismiss and notify',
            'webauthn:extension:credBlob': true,
            'webauthn:extension:largeBlob': true,
            'webauthn:extension:minPinLength': true,
            'webauthn:extension:prf': true,
            'webauthn:virtualAuthenticators': true,
            'webdriver.remote.sessionid': 'f6d3ca0f0c39dc0d153879f46c75a8fff8808294'
          },
          platform: 'Windows',
          platform_version: '11',
          browser: 'Chrome',
          browser_version: '148.0'
        }
      }
    }
  },
  {
    event_type: 'TestRunStarted',
    test_run: {
      type: 'test',
      framework: 'TestNG',
      uuid: 'bd8243c4-3986-42d9-b691-cbed11f40142',
      name: 'addProductToCart',
      body: {
        lang: 'java',
        code: 'public void com.browserstack.BStackDemoTest.addProductToCart() throws java.lang.Exception'
      },
      identifier: 'addProductToCart',
      scope: 'Cross-Platform.com.browserstack.BStackDemoTest',
      scopes: [ 'Cross-Platform', 'com.browserstack.BStackDemoTest' ],
      file_name: 'src/test/java/com/browserstack/BStackDemoTest.java',
      vc_filepath: '',
      location: 'src/test/java/com/browserstack/BStackDemoTest.java',
      meta: {},
      result: 'pending',
      duration_in_ms: null,
      started_at: '2026-08-01T15:25:41.457Z',
      failure: undefined,
      failure_type: undefined,
      failure_reason: undefined,
      retry_of: null,
      custom_metadata: {},
      tags: [],
      customRerunParam: { rerun_name: 'BStackDemo-0' },
      hooks: [],
      product_map: {
        observability: true,
        accessibility: false,
        percy: false,
        automate: true,
        app_automate: false,
        lts: false
      },
      integrations: {
        browserstack: {
          product: 'automate',
          session_id: 'f6d3ca0f0c39dc0d153879f46c75a8fff8808294',
          capabilities: {
            acceptInsecureCerts: false,
            browserName: 'chrome',
            browserVersion: '148.0.7778.97',
            chrome: {
              chromedriverVersion: '148.0.7778.97 (6b3fa66a923a9442c8ab0bc71b4b41ff24528d3b-refs/branch-heads/7778@{#1905})',
              userDataDir: 'C:\\Windows\\proxy\\scoped_dir14448_264927024'
            },
            'fedcm:accounts': true,
            'goog:chromeOptions': { debuggerAddress: 'localhost:7791' },
            'goog:processID': 15296,
            javascriptEnabled: true,
            networkConnectionEnabled: false,
            optimalHubUrl: 'hub-aps.browserstack.com',
            pageLoadStrategy: 'normal',
            platform: 'WINDOWS',
            platformName: 'WINDOWS',
            proxy: {
              proxyType: 'UNSPECIFIED',
              autodetect: false,
              ftpProxy: null,
              httpProxy: null,
              noProxy: null,
              sslProxy: null,
              socksProxy: null,
              socksVersion: null,
              socksUsername: null,
              socksPassword: null,
              proxyAutoconfigUrl: null
            },
            setWindowRect: true,
            strictFileInteractability: false,
            timeouts: { implicit: 0, pageLoad: 300000, script: 30000 },
            unhandledPromptBehavior: 'dismiss and notify',
            'webauthn:extension:credBlob': true,
            'webauthn:extension:largeBlob': true,
            'webauthn:extension:minPinLength': true,
            'webauthn:extension:prf': true,
            'webauthn:virtualAuthenticators': true,
            'webdriver.remote.sessionid': 'f6d3ca0f0c39dc0d153879f46c75a8fff8808294'
          },
          platform: 'Windows',
          platform_version: '11',
          browser: 'Chrome',
          browser_version: '148.0'
        }
      }
    },
    logs: []
  }
] to 26577:0
2026-08-01T15:25:42.496Z CLI info  [b1uyg241qi4vequimbf79la52m74tckaug689meu]  [4490adf5-d504-4de0-b9d9-1c98f41a7ad0]  [PRODUCTION] Making POST request to https://collector-observability.browserstack.com
2026-08-01T15:25:47.000Z CLI warn [TEST REPORTING AND ANALYTICS:java:testng]  [b1uyg241qi4vequimbf79la52m74tckaug689meu]  [4490adf5-d504-4de0-b9d9-1c98f41a7ad0]  TestRunFinished: event={"test_hook_last_started":"BEFORE_METHOD","test_failure_type":"UnhandledError","test_rerun_name":"BStackDemo-1","test_result_at":"2026-08-01T20:55:45.336964","test_scope":"Cross-Platform.com.browserstack.BStackDemoTest","test_framework_name":"TestNG","test_tags":"","cbt_session_created":true,"test_started_at":"2026-08-01T20:55:40.079745","platform_index":1,"test_failure":[{"backtrace":["org.openqa.selenium.NoSuchElementException: For documentation on this error, please visit: https://selenium.dev/exceptions/#no_such_element","Build info: version: '4.1.4', revision: '535d840ee2'","System info: host: '192.168.1.19', ip: 'fe80:0:0:0:1c91:f44:6ac5:44cc%en0', os.name: 'Mac OS X', os.arch: 'aarch64', os.version: '26.5.1', java.version: '22.0.1'","Driver info: org.openqa.selenium.chrome.ChromeDriver","Command: [df318e72a4c18a610efe2a7002613fdde06e2889, findElement {using=xpath, value=//*[@id=\"1\"]/p}]","Capabilities {acceptInsecureCerts: false, browserName: Safari, browserVersion: 15.6.1, javascriptEnabled: true, optimalHubUrl: hub-aps.browserstack.com, platform: MAC, platformName: MAC, safari:automaticInspection: false, safari:automaticProfiling: false, safari:diagnose: false, safari:platformBuildVersion: 21G83, safari:platformVersion: 12.5.1, safari:useSimulator: false, setWindowRect: true, strictFileInteractability: false, webdriver.remote.sessionid: df318e72a4c18a610efe2a70026..., webkit:WebRTC: {DisableICECandidateFiltering: false, DisableInsecureMediaCapture: false}}","Session ID: df318e72a4c18a610efe2a7002613fdde06e2889","\tat java.base/jdk.internal.reflect.DirectConstructorHandleAccessor.newInstance(DirectConstructorHandleAccessor.java:62)","\tat java.base/java.lang.reflect.Constructor.newInstanceWithCaller(Constructor.java:502)","\tat java.base/java.lang.reflect.Constructor.newInstance(Constructor.java:486)","\tat org.openqa.selenium.remote.codec.w3c.W3CHttpResponseCodec.createException(W3CHttpResponseCodec.java:200)","\tat org.openqa.selenium.remote.codec.w3c.W3CHttpResponseCodec.decode(W3CHttpResponseCodec.java:133)","\tat org.openqa.selenium.remote.codec.w3c.W3CHttpResponseCodec.decode(W3CHttpResponseCodec.java:53)","\tat org.openqa.selenium.remote.HttpCommandExecutor.execute(HttpCommandExecutor.java:184)","\tat org.openqa.selenium.remote.RemoteWebDriver.execute(RemoteWebDriver.java:567)","\tat org.openqa.selenium.remote.ElementLocation$ElementFinder$2.findElement(ElementLocation.java:162)","\tat org.openqa.selenium.remote.ElementLocation.findElement(ElementLocation.java:60)","\tat org.openqa.selenium.remote.RemoteWebDriver.findElement(RemoteWebDriver.java:385)","\tat org.openqa.selenium.remote.RemoteWebDriver.findElement(RemoteWebDriver.java:377)","\tat com.browserstack.BStackDemoTest.addProductToCart(BStackDemoTest.java:18)","\tat java.base/jdk.internal.reflect.DirectMethodHandleAccessor.invoke(DirectMethodHandleAccessor.java:103)","\tat java.base/java.lang.reflect.Method.invoke(Method.java:580)","\tat org.testng.internal.MethodInvocationHelper.invokeMethod(MethodInvocationHelper.java:133)","\tat org.testng.internal.TestInvoker.invokeMethod(TestInvoker.java:598)","\tat org.testng.internal.TestInvoker.invokeTestMethod(TestInvoker.java:173)","\tat org.testng.internal.MethodRunner.runInSequence(MethodRunner.java:46)","\tat org.testng.internal.TestInvoker$MethodInvocationAgent.invoke(TestInvoker.java:824)","\tat org.testng.internal.TestInvoker.invokeTestMethods(TestInvoker.java:146)","\tat org.testng.internal.TestMethodWorker.invokeTestMethods(TestMethodWorker.java:146)","\tat org.testng.internal.TestMethodWorker.run(TestMethodWorker.java:128)","\tat java.base/java.util.ArrayList.forEach(ArrayList.java:1597)","\tat org.testng.TestRunner.privateRun(TestRunner.java:794)","\tat org.testng.TestRunner.run(TestRunner.java:596)","\tat org.testng.SuiteRunner.runTest(SuiteRunner.java:377)","\tat org.testng.SuiteRunner.access$000(SuiteRunner.java:28)","\tat org.testng.SuiteRunner$SuiteWorker.run(SuiteRunner.java:418)","\tat org.testng.internal.thread.ThreadUtil.lambda$execute$0(ThreadUtil.java:64)","\tat java.base/java.util.concurrent.FutureTask.run(FutureTask.java:317)","\tat java.base/java.util.concurrent.ThreadPoolExecutor.runWorker(ThreadPoolExecutor.java:1144)","\tat java.base/java.util.concurrent.ThreadPoolExecutor$Worker.run(ThreadPoolExecutor.java:642)","\tat java.base/java.lang.Thread.run(Thread.java:1570)"]}],"test_framework_version":"7.4.0","test_logs":[],"test_scopes":["Cross-Platform","com.browserstack.BStackDemoTest"],"test_code":"public void com.browserstack.BStackDemoTest.addProductToCart() throws java.lang.Exception","test_id":"BStackDemo-1@1","test_uuid":"a9b41e17-58f7-468a-8265-bc72b7d0521b","test_ended_at":"2026-08-01T20:55:45.338122","automate_session_name":"BStackDemo-11","hookAttachStartMs":1785597932228,"test_hook_last_finished":"BEFORE_METHOD","test_session_name":"com.browserstack.BStackDemoTest-addProductToCart","custom_metadata":{},"test_failure_reason":"org.openqa.selenium.NoSuchElementException: For documentation on this error, please visit: https://selenium.dev/exceptions/#no_such_element\nBuild info: version: '4.1.4', revision: '535d840ee2'\nSystem info: host: '192.168.1.19', ip: 'fe80:0:0:0:1c91:f44:6ac5:44cc%en0', os.name: 'Mac OS X', os.arch: 'aarch64', os.version: '26.5.1', java.version: '22.0.1'\nDriver info: org.openqa.selenium.chrome.ChromeDriver\nCommand: [df318e72a4c18a610efe2a7002613fdde06e2889, findElement {using=xpath, value=//*[@id=\"1\"]/p}]\nCapabilities {acceptInsecureCerts: false, browserName: Safari, browserVersion: 15.6.1, javascriptEnabled: true, optimalHubUrl: hub-aps.browserstack.com, platform: MAC, platformName: MAC, safari:automaticInspection: false, safari:automaticProfiling: false, safari:diagnose: false, safari:platformBuildVersion: 21G83, safari:platformVersion: 12.5.1, safari:useSimulator: false, setWindowRect: true, strictFileInteractability: false, webdriver.remote.sessionid: df318e72a4c18a610efe2a70026..., webkit:WebRTC: {DisableICECandidateFiltering: false, DisableInsecureMediaCapture: false}}\nSession ID: df318e72a4c18a610efe2a7002613fdde06e2889","test_location":"src/test/java/com/browserstack/BStackDemoTest.java","test_hooks_started":{"BEFORE_METHOD":[]},"test_file_path":"src/test/java/com/browserstack/BStackDemoTest.java","test_result":"failed","test_hooks_finished":{"BEFORE_METHOD":[{"hook_name":"setUp","hook_result":"passed","test_file_path":"testng-browserstack-master/src/test/java/com/browserstack/BStackDemoTest.java","event_started_at":"2026-08-01T20:55:32.263966","hook_id":"199733bf-95c3-4131-b909-07b87831af33","hook_logs":[],"logs":[],"key":"BEFORE_METHOD","custom_metadata":{},"event_ended_at":"2026-08-01T20:55:40.067577","test_location":"testng-browserstack-master/src/test/java/com/browserstack/BStackDemoTest.java"}]},"hook_id":"199733bf-95c3-4131-b909-07b87831af33","test_meta":{},"isBrowserstackAutomationSession":true,"test_name":"addProductToCart","logs":[]}
2026-08-01T15:25:47.001Z CLI info [testhub:request-queue-handler]  [b1uyg241qi4vequimbf79la52m74tckaug689meu]  [4490adf5-d504-4de0-b9d9-1c98f41a7ad0]  Added the event {
  event_type: 'TestRunFinished',
  test_run: {
    type: 'test',
    framework: 'TestNG',
    uuid: 'a9b41e17-58f7-468a-8265-bc72b7d0521b',
    name: 'addProductToCart',
    body: {
      lang: 'java',
      code: 'public void com.browserstack.BStackDemoTest.addProductToCart() throws java.lang.Exception'
    },
    identifier: 'addProductToCart',
    scope: 'Cross-Platform.com.browserstack.BStackDemoTest',
    scopes: [ 'Cross-Platform', 'com.browserstack.BStackDemoTest' ],
    file_name: 'src/test/java/com/browserstack/BStackDemoTest.java',
    vc_filepath: '',
    location: 'src/test/java/com/browserstack/BStackDemoTest.java',
    meta: {},
    result: 'failed',
    duration_in_ms: 5259,
    started_at: '2026-08-01T15:25:40.079Z',
    finished_at: '2026-08-01T15:25:45.338Z',
    failure: [ [Object] ],
    failure_type: 'UnhandledError',
    failure_reason: 'org.openqa.selenium.NoSuchElementException: For documentation on this error, please visit: https://selenium.dev/exceptions/#no_such_element\n' +
      "Build info: version: '4.1.4', revision: '535d840ee2'\n" +
      "System info: host: '192.168.1.19', ip: 'fe80:0:0:0:1c91:f44:6ac5:44cc%en0', os.name: 'Mac OS X', os.arch: 'aarch64', os.version: '26.5.1', java.version: '22.0.1'\n" +
      'Driver info: org.openqa.selenium.chrome.ChromeDriver\n' +
      'Command: [df318e72a4c18a610efe2a7002613fdde06e2889, findElement {using=xpath, value=//*[@id="1"]/p}]\n' +
      'Capabilities {acceptInsecureCerts: false, browserName: Safari, browserVersion: 15.6.1, javascriptEnabled: true, optimalHubUrl: hub-aps.browserstack.com, platform: MAC, platformName: MAC, safari:automaticInspection: false, safari:automaticProfiling: false, safari:diagnose: false, safari:platformBuildVersion: 21G83, safari:platformVersion: 12.5.1, safari:useSimulator: false, setWindowRect: true, strictFileInteractability: false, webdriver.remote.sessionid: df318e72a4c18a610efe2a70026..., webkit:WebRTC: {DisableICECandidateFiltering: false, DisableInsecureMediaCapture: false}}\n' +
      'Session ID: df318e72a4c18a610efe2a7002613fdde06e2889',
    retry_of: null,
    custom_metadata: {},
    tags: [],
    customRerunParam: { rerun_name: 'BStackDemo-1' },
    hooks: [ '199733bf-95c3-4131-b909-07b87831af33' ],
    product_map: {
      observability: true,
      accessibility: false,
      percy: false,
      automate: true,
      app_automate: false,
      lts: false
    }
  },
  logs: []
} to 26577:0
2026-08-01T15:25:47.021Z CLI info [testhub:request-queue-handler]  [b1uyg241qi4vequimbf79la52m74tckaug689meu]  [4490adf5-d504-4de0-b9d9-1c98f41a7ad0]  Added the event {
  event_type: 'CBTSessionCreated',
  test_run: {
    uuid: '353ca176-08c8-463b-9ef3-5bdddbde42a8',
    integrations: { browserstack: [Object] }
  }
} to 26577:0
2026-08-01T15:25:47.028Z CLI info [testhub:request-queue-handler]  [b1uyg241qi4vequimbf79la52m74tckaug689meu]  [4490adf5-d504-4de0-b9d9-1c98f41a7ad0]  Added the event {
  event_type: 'HookRunStarted',
  hook_run: {
    type: 'hook',
    hook_type: 'AFTER_METHOD',
    framework: 'TestNG',
    uuid: '353ca176-08c8-463b-9ef3-5bdddbde42a8',
    name: 'tearDown',
    result: 'pending',
    test_run_id: 'a9b41e17-58f7-468a-8265-bc72b7d0521b',
    body: { lang: 'java', code: null },
    scope: 'Cross-Platform.com.browserstack.BStackDemoTest',
    custom_metadata: {},
    tags: [],
    scopes: [ 'Cross-Platform', 'com.browserstack.BStackDemoTest' ],
    file_name: 'testng-browserstack-master/src/test/java/com/browserstack/BStackDemoTest.java',
    vc_filepath: '',
    location: 'testng-browserstack-master/src/test/java/com/browserstack/BStackDemoTest.java',
    started_at: '2026-08-01T15:25:47.014Z'
  },
  logs: []
} to 26577:0
2026-08-01T15:25:48.499Z CLI info [testhub:request-queue-handler]  [b1uyg241qi4vequimbf79la52m74tckaug689meu]  [4490adf5-d504-4de0-b9d9-1c98f41a7ad0]  Processing batch event [
  {
    event_type: 'TestRunFinished',
    test_run: {
      type: 'test',
      framework: 'TestNG',
      uuid: 'a9b41e17-58f7-468a-8265-bc72b7d0521b',
      name: 'addProductToCart',
      body: {
        lang: 'java',
        code: 'public void com.browserstack.BStackDemoTest.addProductToCart() throws java.lang.Exception'
      },
      identifier: 'addProductToCart',
      scope: 'Cross-Platform.com.browserstack.BStackDemoTest',
      scopes: [ 'Cross-Platform', 'com.browserstack.BStackDemoTest' ],
      file_name: 'src/test/java/com/browserstack/BStackDemoTest.java',
      vc_filepath: '',
      location: 'src/test/java/com/browserstack/BStackDemoTest.java',
      meta: {},
      result: 'failed',
      duration_in_ms: 5259,
      started_at: '2026-08-01T15:25:40.079Z',
      finished_at: '2026-08-01T15:25:45.338Z',
      failure: [
        {
          backtrace: [
            'org.openqa.selenium.NoSuchElementException: For documentation on this error, please visit: https://selenium.dev/exceptions/#no_such_element',
            "Build info: version: '4.1.4', revision: '535d840ee2'",
            "System info: host: '192.168.1.19', ip: 'fe80:0:0:0:1c91:f44:6ac5:44cc%en0', os.name: 'Mac OS X', os.arch: 'aarch64', os.version: '26.5.1', java.version: '22.0.1'",
            'Driver info: org.openqa.selenium.chrome.ChromeDriver',
            'Command: [df318e72a4c18a610efe2a7002613fdde06e2889, findElement {using=xpath, value=//*[@id="1"]/p}]',
            'Capabilities {acceptInsecureCerts: false, browserName: Safari, browserVersion: 15.6.1, javascriptEnabled: true, optimalHubUrl: hub-aps.browserstack.com, platform: MAC, platformName: MAC, safari:automaticInspection: false, safari:automaticProfiling: false, safari:diagnose: false, safari:platformBuildVersion: 21G83, safari:platformVersion: 12.5.1, safari:useSimulator: false, setWindowRect: true, strictFileInteractability: false, webdriver.remote.sessionid: df318e72a4c18a610efe2a70026..., webkit:WebRTC: {DisableICECandidateFiltering: false, DisableInsecureMediaCapture: false}}',
            'Session ID: df318e72a4c18a610efe2a7002613fdde06e2889',
            '\tat java.base/jdk.internal.reflect.DirectConstructorHandleAccessor.newInstance(DirectConstructorHandleAccessor.java:62)',
            '\tat java.base/java.lang.reflect.Constructor.newInstanceWithCaller(Constructor.java:502)',
            '\tat java.base/java.lang.reflect.Constructor.newInstance(Constructor.java:486)',
            '\tat org.openqa.selenium.remote.codec.w3c.W3CHttpResponseCodec.createException(W3CHttpResponseCodec.java:200)',
            '\tat org.openqa.selenium.remote.codec.w3c.W3CHttpResponseCodec.decode(W3CHttpResponseCodec.java:133)',
            '\tat org.openqa.selenium.remote.codec.w3c.W3CHttpResponseCodec.decode(W3CHttpResponseCodec.java:53)',
            '\tat org.openqa.selenium.remote.HttpCommandExecutor.execute(HttpCommandExecutor.java:184)',
            '\tat org.openqa.selenium.remote.RemoteWebDriver.execute(RemoteWebDriver.java:567)',
            '\tat org.openqa.selenium.remote.ElementLocation$ElementFinder$2.findElement(ElementLocation.java:162)',
            '\tat org.openqa.selenium.remote.ElementLocation.findElement(ElementLocation.java:60)',
            '\tat org.openqa.selenium.remote.RemoteWebDriver.findElement(RemoteWebDriver.java:385)',
            '\tat org.openqa.selenium.remote.RemoteWebDriver.findElement(RemoteWebDriver.java:377)',
            '\tat com.browserstack.BStackDemoTest.addProductToCart(BStackDemoTest.java:18)',
            '\tat java.base/jdk.internal.reflect.DirectMethodHandleAccessor.invoke(DirectMethodHandleAccessor.java:103)',
            '\tat java.base/java.lang.reflect.Method.invoke(Method.java:580)',
            '\tat org.testng.internal.MethodInvocationHelper.invokeMethod(MethodInvocationHelper.java:133)',
            '\tat org.testng.internal.TestInvoker.invokeMethod(TestInvoker.java:598)',
            '\tat org.testng.internal.TestInvoker.invokeTestMethod(TestInvoker.java:173)',
            '\tat org.testng.internal.MethodRunner.runInSequence(MethodRunner.java:46)',
            '\tat org.testng.internal.TestInvoker$MethodInvocationAgent.invoke(TestInvoker.java:824)',
            '\tat org.testng.internal.TestInvoker.invokeTestMethods(TestInvoker.java:146)',
            '\tat org.testng.internal.TestMethodWorker.invokeTestMethods(TestMethodWorker.java:146)',
            '\tat org.testng.internal.TestMethodWorker.run(TestMethodWorker.java:128)',
            '\tat java.base/java.util.ArrayList.forEach(ArrayList.java:1597)',
            '\tat org.testng.TestRunner.privateRun(TestRunner.java:794)',
            '\tat org.testng.TestRunner.run(TestRunner.java:596)',
            '\tat org.testng.SuiteRunner.runTest(SuiteRunner.java:377)',
            '\tat org.testng.SuiteRunner.access$000(SuiteRunner.java:28)',
            '\tat org.testng.SuiteRunner$SuiteWorker.run(SuiteRunner.java:418)',
            '\tat org.testng.internal.thread.ThreadUtil.lambda$execute$0(ThreadUtil.java:64)',
            '\tat java.base/java.util.concurrent.FutureTask.run(FutureTask.java:317)',
            '\tat java.base/java.util.concurrent.ThreadPoolExecutor.runWorker(ThreadPoolExecutor.java:1144)',
            '\tat java.base/java.util.concurrent.ThreadPoolExecutor$Worker.run(ThreadPoolExecutor.java:642)',
            '\tat java.base/java.lang.Thread.run(Thread.java:1570)'
          ]
        }
      ],
      failure_type: 'UnhandledError',
      failure_reason: 'org.openqa.selenium.NoSuchElementException: For documentation on this error, please visit: https://selenium.dev/exceptions/#no_such_element\n' +
        "Build info: version: '4.1.4', revision: '535d840ee2'\n" +
        "System info: host: '192.168.1.19', ip: 'fe80:0:0:0:1c91:f44:6ac5:44cc%en0', os.name: 'Mac OS X', os.arch: 'aarch64', os.version: '26.5.1', java.version: '22.0.1'\n" +
        'Driver info: org.openqa.selenium.chrome.ChromeDriver\n' +
        'Command: [df318e72a4c18a610efe2a7002613fdde06e2889, findElement {using=xpath, value=//*[@id="1"]/p}]\n' +
        'Capabilities {acceptInsecureCerts: false, browserName: Safari, browserVersion: 15.6.1, javascriptEnabled: true, optimalHubUrl: hub-aps.browserstack.com, platform: MAC, platformName: MAC, safari:automaticInspection: false, safari:automaticProfiling: false, safari:diagnose: false, safari:platformBuildVersion: 21G83, safari:platformVersion: 12.5.1, safari:useSimulator: false, setWindowRect: true, strictFileInteractability: false, webdriver.remote.sessionid: df318e72a4c18a610efe2a70026..., webkit:WebRTC: {DisableICECandidateFiltering: false, DisableInsecureMediaCapture: false}}\n' +
        'Session ID: df318e72a4c18a610efe2a7002613fdde06e2889',
      retry_of: null,
      custom_metadata: {},
      tags: [],
      customRerunParam: { rerun_name: 'BStackDemo-1' },
      hooks: [ '199733bf-95c3-4131-b909-07b87831af33' ],
      product_map: {
        observability: true,
        accessibility: false,
        percy: false,
        automate: true,
        app_automate: false,
        lts: false
      }
    },
    logs: []
  },
  {
    event_type: 'CBTSessionCreated',
    test_run: {
      uuid: '353ca176-08c8-463b-9ef3-5bdddbde42a8',
      integrations: {
        browserstack: {
          product: 'automate',
          session_id: 'df318e72a4c18a610efe2a7002613fdde06e2889',
          capabilities: {
            acceptInsecureCerts: false,
            browserName: 'Safari',
            browserVersion: '15.6.1',
            javascriptEnabled: true,
            optimalHubUrl: 'hub-aps.browserstack.com',
            platform: 'MAC',
            platformName: 'MAC',
            'safari:automaticInspection': false,
            'safari:automaticProfiling': false,
            'safari:diagnose': false,
            'safari:platformBuildVersion': '21G83',
            'safari:platformVersion': '12.5.1',
            'safari:useSimulator': false,
            setWindowRect: true,
            strictFileInteractability: false,
            'webdriver.remote.sessionid': 'df318e72a4c18a610efe2a7002613fdde06e2889',
            'webkit:WebRTC': {
              DisableICECandidateFiltering: false,
              DisableInsecureMediaCapture: false
            }
          },
          platform: 'OS X',
          platform_version: 'Monterey',
          browser: 'Safari',
          browser_version: '15.6'
        }
      }
    }
  },
  {
    event_type: 'HookRunStarted',
    hook_run: {
      type: 'hook',
      hook_type: 'AFTER_METHOD',
      framework: 'TestNG',
      uuid: '353ca176-08c8-463b-9ef3-5bdddbde42a8',
      name: 'tearDown',
      result: 'pending',
      test_run_id: 'a9b41e17-58f7-468a-8265-bc72b7d0521b',
      body: { lang: 'java', code: null },
      scope: 'Cross-Platform.com.browserstack.BStackDemoTest',
      custom_metadata: {},
      tags: [],
      scopes: [ 'Cross-Platform', 'com.browserstack.BStackDemoTest' ],
      file_name: 'testng-browserstack-master/src/test/java/com/browserstack/BStackDemoTest.java',
      vc_filepath: '',
      location: 'testng-browserstack-master/src/test/java/com/browserstack/BStackDemoTest.java',
      started_at: '2026-08-01T15:25:47.014Z'
    },
    logs: []
  }
] to 26577:0
2026-08-01T15:25:48.502Z CLI info  [b1uyg241qi4vequimbf79la52m74tckaug689meu]  [4490adf5-d504-4de0-b9d9-1c98f41a7ad0]  [PRODUCTION] Making POST request to https://collector-observability.browserstack.com
2026-08-01T15:25:48.984Z CLI info [testhub:request-queue-handler]  [b1uyg241qi4vequimbf79la52m74tckaug689meu]  [4490adf5-d504-4de0-b9d9-1c98f41a7ad0]  Added the event {
  event_type: 'HookRunFinished',
  hook_run: {
    type: 'hook',
    hook_type: 'AFTER_METHOD',
    framework: 'TestNG',
    uuid: '353ca176-08c8-463b-9ef3-5bdddbde42a8',
    name: 'tearDown',
    result: 'passed',
    test_run_id: 'a9b41e17-58f7-468a-8265-bc72b7d0521b',
    body: { lang: 'java', code: null },
    scope: 'Cross-Platform.com.browserstack.BStackDemoTest',
    custom_metadata: {},
    tags: [],
    scopes: [ 'Cross-Platform', 'com.browserstack.BStackDemoTest' ],
    file_name: 'testng-browserstack-master/src/test/java/com/browserstack/BStackDemoTest.java',
    vc_filepath: '',
    location: 'testng-browserstack-master/src/test/java/com/browserstack/BStackDemoTest.java',
    started_at: '2026-08-01T15:25:47.014Z',
    finished_at: '2026-08-01T15:25:48.979Z'
  },
  logs: []
} to 26577:0
2026-08-01T15:25:50.502Z CLI info [testhub:request-queue-handler]  [b1uyg241qi4vequimbf79la52m74tckaug689meu]  [4490adf5-d504-4de0-b9d9-1c98f41a7ad0]  Processing batch event [
  {
    event_type: 'HookRunFinished',
    hook_run: {
      type: 'hook',
      hook_type: 'AFTER_METHOD',
      framework: 'TestNG',
      uuid: '353ca176-08c8-463b-9ef3-5bdddbde42a8',
      name: 'tearDown',
      result: 'passed',
      test_run_id: 'a9b41e17-58f7-468a-8265-bc72b7d0521b',
      body: { lang: 'java', code: null },
      scope: 'Cross-Platform.com.browserstack.BStackDemoTest',
      custom_metadata: {},
      tags: [],
      scopes: [ 'Cross-Platform', 'com.browserstack.BStackDemoTest' ],
      file_name: 'testng-browserstack-master/src/test/java/com/browserstack/BStackDemoTest.java',
      vc_filepath: '',
      location: 'testng-browserstack-master/src/test/java/com/browserstack/BStackDemoTest.java',
      started_at: '2026-08-01T15:25:47.014Z',
      finished_at: '2026-08-01T15:25:48.979Z'
    },
    logs: []
  }
] to 26577:0
2026-08-01T15:25:50.511Z CLI info  [b1uyg241qi4vequimbf79la52m74tckaug689meu]  [4490adf5-d504-4de0-b9d9-1c98f41a7ad0]  [PRODUCTION] Making POST request to https://collector-observability.browserstack.com
2026-08-01T15:25:51.432Z CLI info [ai:module]  [b1uyg241qi4vequimbf79la52m74tckaug689meu]  [4490adf5-d504-4de0-b9d9-1c98f41a7ad0]  beforeSession: 4490adf5-d504-4de0-b9d9-1c98f41a7ad0
2026-08-01T15:25:51.457Z CLI info [testhub:request-queue-handler]  [b1uyg241qi4vequimbf79la52m74tckaug689meu]  [4490adf5-d504-4de0-b9d9-1c98f41a7ad0]  Added the event {
  event_type: 'HookRunFinished',
  hook_run: {
    type: 'hook',
    hook_type: 'BEFORE_METHOD',
    framework: 'TestNG',
    uuid: '459e613c-a344-48a3-98a2-9e188febeb5e',
    name: 'setUp',
    result: 'passed',
    test_run_id: '0f0c1feb-8ffc-4a5e-a763-0c3c279872ba',
    body: { lang: 'java', code: null },
    scope: 'Cross-Platform.com.browserstack.BStackDemoTest',
    custom_metadata: {},
    tags: [],
    scopes: [ 'Cross-Platform', 'com.browserstack.BStackDemoTest' ],
    file_name: 'testng-browserstack-master/src/test/java/com/browserstack/BStackDemoTest.java',
    vc_filepath: '',
    location: 'testng-browserstack-master/src/test/java/com/browserstack/BStackDemoTest.java',
    started_at: '2026-08-01T15:25:32.263Z',
    finished_at: '2026-08-01T15:25:51.452Z'
  },
  logs: []
} to 26577:0
2026-08-01T15:25:51.468Z CLI info [testhub:request-queue-handler]  [b1uyg241qi4vequimbf79la52m74tckaug689meu]  [4490adf5-d504-4de0-b9d9-1c98f41a7ad0]  Added the event {
  event_type: 'CBTSessionCreated',
  test_run: {
    uuid: '0f0c1feb-8ffc-4a5e-a763-0c3c279872ba',
    integrations: { browserstack: [Object] }
  }
} to 26577:0
2026-08-01T15:25:51.475Z CLI info [testhub:request-queue-handler]  [b1uyg241qi4vequimbf79la52m74tckaug689meu]  [4490adf5-d504-4de0-b9d9-1c98f41a7ad0]  Added the event {
  event_type: 'TestRunStarted',
  test_run: {
    type: 'test',
    framework: 'TestNG',
    uuid: '0f0c1feb-8ffc-4a5e-a763-0c3c279872ba',
    name: 'addProductToCart',
    body: {
      lang: 'java',
      code: 'public void com.browserstack.BStackDemoTest.addProductToCart() throws java.lang.Exception'
    },
    identifier: 'addProductToCart',
    scope: 'Cross-Platform.com.browserstack.BStackDemoTest',
    scopes: [ 'Cross-Platform', 'com.browserstack.BStackDemoTest' ],
    file_name: 'src/test/java/com/browserstack/BStackDemoTest.java',
    vc_filepath: '',
    location: 'src/test/java/com/browserstack/BStackDemoTest.java',
    meta: {},
    result: 'pending',
    duration_in_ms: null,
    started_at: '2026-08-01T15:25:51.464Z',
    failure: undefined,
    failure_type: undefined,
    failure_reason: undefined,
    retry_of: null,
    custom_metadata: {},
    tags: [],
    customRerunParam: { rerun_name: 'BStackDemo-2' },
    hooks: [],
    product_map: {
      observability: true,
      accessibility: false,
      percy: false,
      automate: true,
      app_automate: false,
      lts: false
    },
    integrations: { browserstack: [Object] }
  },
  logs: []
} to 26577:0
2026-08-01T15:25:52.497Z CLI info [testhub:request-queue-handler]  [b1uyg241qi4vequimbf79la52m74tckaug689meu]  [4490adf5-d504-4de0-b9d9-1c98f41a7ad0]  Processing batch event [
  {
    event_type: 'HookRunFinished',
    hook_run: {
      type: 'hook',
      hook_type: 'BEFORE_METHOD',
      framework: 'TestNG',
      uuid: '459e613c-a344-48a3-98a2-9e188febeb5e',
      name: 'setUp',
      result: 'passed',
      test_run_id: '0f0c1feb-8ffc-4a5e-a763-0c3c279872ba',
      body: { lang: 'java', code: null },
      scope: 'Cross-Platform.com.browserstack.BStackDemoTest',
      custom_metadata: {},
      tags: [],
      scopes: [ 'Cross-Platform', 'com.browserstack.BStackDemoTest' ],
      file_name: 'testng-browserstack-master/src/test/java/com/browserstack/BStackDemoTest.java',
      vc_filepath: '',
      location: 'testng-browserstack-master/src/test/java/com/browserstack/BStackDemoTest.java',
      started_at: '2026-08-01T15:25:32.263Z',
      finished_at: '2026-08-01T15:25:51.452Z'
    },
    logs: []
  },
  {
    event_type: 'CBTSessionCreated',
    test_run: {
      uuid: '0f0c1feb-8ffc-4a5e-a763-0c3c279872ba',
      integrations: {
        browserstack: {
          product: 'automate',
          session_id: 'a619525fcc78914e61949f658f8d0f58ffa81af9',
          capabilities: {
            automationName: 'XCUITest',
            bootstrapPath: '/usr/local/.browserstack/config/wda_derived_data_15_3.3.0.11.0.0_515e29e8-234f-4a0f-a938-5ab844beed3d/Build/Products',
            browserName: 'safari',
            'browserstack.isTargetBased': 'true',
            databaseEnabled: false,
            deviceName: 'iPhone 13',
            deviceOrientation: 'PORTRAIT',
            javascriptEnabled: true,
            keychainPassword: '[REDACTED VALUE]',
            keychainPath: '[REDACTED VALUE]',
            locationContextEnabled: false,
            networkConnectionEnabled: false,
            newCommandTimeout: 0,
            noReset: true,
            optimalHubUrl: 'hub-aps.browserstack.com',
            orientation: 'PORTRAIT',
            platform: 'MAC',
            platformName: 'MAC',
            realMobile: 'true',
            safariIgnoreFraudWarning: true,
            takesScreenshot: true,
            udid: '00008110-0001059E3E61401E',
            useXctestrunFile: true,
            webStorageEnabled: false
          },
          platform: 'MAC',
          platform_version: '15',
          browser: 'Chromium',
          browser_version: undefined,
          device_name: 'iPhone 13'
        }
      }
    }
  },
  {
    event_type: 'TestRunStarted',
    test_run: {
      type: 'test',
      framework: 'TestNG',
      uuid: '0f0c1feb-8ffc-4a5e-a763-0c3c279872ba',
      name: 'addProductToCart',
      body: {
        lang: 'java',
        code: 'public void com.browserstack.BStackDemoTest.addProductToCart() throws java.lang.Exception'
      },
      identifier: 'addProductToCart',
      scope: 'Cross-Platform.com.browserstack.BStackDemoTest',
      scopes: [ 'Cross-Platform', 'com.browserstack.BStackDemoTest' ],
      file_name: 'src/test/java/com/browserstack/BStackDemoTest.java',
      vc_filepath: '',
      location: 'src/test/java/com/browserstack/BStackDemoTest.java',
      meta: {},
      result: 'pending',
      duration_in_ms: null,
      started_at: '2026-08-01T15:25:51.464Z',
      failure: undefined,
      failure_type: undefined,
      failure_reason: undefined,
      retry_of: null,
      custom_metadata: {},
      tags: [],
      customRerunParam: { rerun_name: 'BStackDemo-2' },
      hooks: [],
      product_map: {
        observability: true,
        accessibility: false,
        percy: false,
        automate: true,
        app_automate: false,
        lts: false
      },
      integrations: {
        browserstack: {
          product: 'automate',
          session_id: 'a619525fcc78914e61949f658f8d0f58ffa81af9',
          capabilities: {
            automationName: 'XCUITest',
            bootstrapPath: '/usr/local/.browserstack/config/wda_derived_data_15_3.3.0.11.0.0_515e29e8-234f-4a0f-a938-5ab844beed3d/Build/Products',
            browserName: 'safari',
            'browserstack.isTargetBased': 'true',
            databaseEnabled: false,
            deviceName: 'iPhone 13',
            deviceOrientation: 'PORTRAIT',
            javascriptEnabled: true,
            keychainPassword: '[REDACTED VALUE]',
            keychainPath: '[REDACTED VALUE]',
            locationContextEnabled: false,
            networkConnectionEnabled: false,
            newCommandTimeout: 0,
            noReset: true,
            optimalHubUrl: 'hub-aps.browserstack.com',
            orientation: 'PORTRAIT',
            platform: 'MAC',
            platformName: 'MAC',
            realMobile: 'true',
            safariIgnoreFraudWarning: true,
            takesScreenshot: true,
            udid: '00008110-0001059E3E61401E',
            useXctestrunFile: true,
            webStorageEnabled: false
          },
          platform: 'MAC',
          platform_version: '15',
          browser: 'Chromium',
          browser_version: undefined,
          device_name: 'iPhone 13'
        }
      }
    },
    logs: []
  }
] to 26577:0
2026-08-01T15:25:52.498Z CLI info  [b1uyg241qi4vequimbf79la52m74tckaug689meu]  [4490adf5-d504-4de0-b9d9-1c98f41a7ad0]  [PRODUCTION] Making POST request to https://collector-observability.browserstack.com
2026-08-01T15:25:53.822Z CLI warn [TEST REPORTING AND ANALYTICS:java:testng]  [b1uyg241qi4vequimbf79la52m74tckaug689meu]  [4490adf5-d504-4de0-b9d9-1c98f41a7ad0]  TestRunFinished: event={"test_hook_last_started":"BEFORE_METHOD","test_failure_type":"AssertionError","test_rerun_name":"BStackDemo-2","test_result_at":"2026-08-01T20:55:53.182577","test_scope":"Cross-Platform.com.browserstack.BStackDemoTest","test_framework_name":"TestNG","test_tags":"","cbt_session_created":true,"test_started_at":"2026-08-01T20:55:51.464023","platform_index":2,"test_failure":[{"backtrace":["java.lang.AssertionError: expected [true] but found [false]","\tat org.testng.Assert.fail(Assert.java:99)","\tat org.testng.Assert.failNotEquals(Assert.java:1037)","\tat org.testng.Assert.assertTrue(Assert.java:45)","\tat org.testng.Assert.assertTrue(Assert.java:55)","\tat com.browserstack.BStackDemoTest.addProductToCart(BStackDemoTest.java:15)","\tat java.base/jdk.internal.reflect.DirectMethodHandleAccessor.invoke(DirectMethodHandleAccessor.java:103)","\tat java.base/java.lang.reflect.Method.invoke(Method.java:580)","\tat org.testng.internal.MethodInvocationHelper.invokeMethod(MethodInvocationHelper.java:133)","\tat org.testng.internal.TestInvoker.invokeMethod(TestInvoker.java:598)","\tat org.testng.internal.TestInvoker.invokeTestMethod(TestInvoker.java:173)","\tat org.testng.internal.MethodRunner.runInSequence(MethodRunner.java:46)","\tat org.testng.internal.TestInvoker$MethodInvocationAgent.invoke(TestInvoker.java:824)","\tat org.testng.internal.TestInvoker.invokeTestMethods(TestInvoker.java:146)","\tat org.testng.internal.TestMethodWorker.invokeTestMethods(TestMethodWorker.java:146)","\tat org.testng.internal.TestMethodWorker.run(TestMethodWorker.java:128)","\tat java.base/java.util.ArrayList.forEach(ArrayList.java:1597)","\tat org.testng.TestRunner.privateRun(TestRunner.java:794)","\tat org.testng.TestRunner.run(TestRunner.java:596)","\tat org.testng.SuiteRunner.runTest(SuiteRunner.java:377)","\tat org.testng.SuiteRunner.access$000(SuiteRunner.java:28)","\tat org.testng.SuiteRunner$SuiteWorker.run(SuiteRunner.java:418)","\tat org.testng.internal.thread.ThreadUtil.lambda$execute$0(ThreadUtil.java:64)","\tat java.base/java.util.concurrent.FutureTask.run(FutureTask.java:317)","\tat java.base/java.util.concurrent.ThreadPoolExecutor.runWorker(ThreadPoolExecutor.java:1144)","\tat java.base/java.util.concurrent.ThreadPoolExecutor$Worker.run(ThreadPoolExecutor.java:642)","\tat java.base/java.lang.Thread.run(Thread.java:1570)"]}],"test_framework_version":"7.4.0","test_logs":[],"test_scopes":["Cross-Platform","com.browserstack.BStackDemoTest"],"test_code":"public void com.browserstack.BStackDemoTest.addProductToCart() throws java.lang.Exception","test_id":"BStackDemo-2@2","test_uuid":"0f0c1feb-8ffc-4a5e-a763-0c3c279872ba","test_ended_at":"2026-08-01T20:55:53.183767","automate_session_name":"BStackDemo-22","hookAttachStartMs":1785597932228,"test_hook_last_finished":"BEFORE_METHOD","test_session_name":"com.browserstack.BStackDemoTest-addProductToCart","custom_metadata":{},"test_failure_reason":"java.lang.AssertionError: expected [true] but found [false]","test_location":"src/test/java/com/browserstack/BStackDemoTest.java","test_hooks_started":{"BEFORE_METHOD":[]},"test_file_path":"src/test/java/com/browserstack/BStackDemoTest.java","test_result":"failed","test_hooks_finished":{"BEFORE_METHOD":[{"hook_name":"setUp","hook_result":"passed","test_file_path":"testng-browserstack-master/src/test/java/com/browserstack/BStackDemoTest.java","event_started_at":"2026-08-01T20:55:32.263947","hook_id":"459e613c-a344-48a3-98a2-9e188febeb5e","hook_logs":[],"logs":[],"key":"BEFORE_METHOD","custom_metadata":{},"event_ended_at":"2026-08-01T20:55:51.452825","test_location":"testng-browserstack-master/src/test/java/com/browserstack/BStackDemoTest.java"}]},"hook_id":"459e613c-a344-48a3-98a2-9e188febeb5e","test_meta":{},"isBrowserstackAutomationSession":true,"test_name":"addProductToCart","logs":[]}
2026-08-01T15:25:53.824Z CLI info [testhub:request-queue-handler]  [b1uyg241qi4vequimbf79la52m74tckaug689meu]  [4490adf5-d504-4de0-b9d9-1c98f41a7ad0]  Added the event {
  event_type: 'TestRunFinished',
  test_run: {
    type: 'test',
    framework: 'TestNG',
    uuid: '0f0c1feb-8ffc-4a5e-a763-0c3c279872ba',
    name: 'addProductToCart',
    body: {
      lang: 'java',
      code: 'public void com.browserstack.BStackDemoTest.addProductToCart() throws java.lang.Exception'
    },
    identifier: 'addProductToCart',
    scope: 'Cross-Platform.com.browserstack.BStackDemoTest',
    scopes: [ 'Cross-Platform', 'com.browserstack.BStackDemoTest' ],
    file_name: 'src/test/java/com/browserstack/BStackDemoTest.java',
    vc_filepath: '',
    location: 'src/test/java/com/browserstack/BStackDemoTest.java',
    meta: {},
    result: 'failed',
    duration_in_ms: 1719,
    started_at: '2026-08-01T15:25:51.464Z',
    finished_at: '2026-08-01T15:25:53.183Z',
    failure: [ [Object] ],
    failure_type: 'AssertionError',
    failure_reason: 'java.lang.AssertionError: expected [true] but found [false]',
    retry_of: null,
    custom_metadata: {},
    tags: [],
    customRerunParam: { rerun_name: 'BStackDemo-2' },
    hooks: [ '459e613c-a344-48a3-98a2-9e188febeb5e' ],
    product_map: {
      observability: true,
      accessibility: false,
      percy: false,
      automate: true,
      app_automate: false,
      lts: false
    }
  },
  logs: []
} to 26577:0
2026-08-01T15:25:53.857Z CLI info [testhub:request-queue-handler]  [b1uyg241qi4vequimbf79la52m74tckaug689meu]  [4490adf5-d504-4de0-b9d9-1c98f41a7ad0]  Added the event {
  event_type: 'CBTSessionCreated',
  test_run: {
    uuid: 'ffa5ae18-3f4d-4bb5-8966-f538fa90a065',
    integrations: { browserstack: [Object] }
  }
} to 26577:0
2026-08-01T15:25:53.863Z CLI info [testhub:request-queue-handler]  [b1uyg241qi4vequimbf79la52m74tckaug689meu]  [4490adf5-d504-4de0-b9d9-1c98f41a7ad0]  Added the event {
  event_type: 'HookRunStarted',
  hook_run: {
    type: 'hook',
    hook_type: 'AFTER_METHOD',
    framework: 'TestNG',
    uuid: 'ffa5ae18-3f4d-4bb5-8966-f538fa90a065',
    name: 'tearDown',
    result: 'pending',
    test_run_id: '0f0c1feb-8ffc-4a5e-a763-0c3c279872ba',
    body: { lang: 'java', code: null },
    scope: 'Cross-Platform.com.browserstack.BStackDemoTest',
    custom_metadata: {},
    tags: [],
    scopes: [ 'Cross-Platform', 'com.browserstack.BStackDemoTest' ],
    file_name: 'testng-browserstack-master/src/test/java/com/browserstack/BStackDemoTest.java',
    vc_filepath: '',
    location: 'testng-browserstack-master/src/test/java/com/browserstack/BStackDemoTest.java',
    started_at: '2026-08-01T15:25:53.840Z'
  },
  logs: []
} to 26577:0
2026-08-01T15:25:54.499Z CLI info [testhub:request-queue-handler]  [b1uyg241qi4vequimbf79la52m74tckaug689meu]  [4490adf5-d504-4de0-b9d9-1c98f41a7ad0]  Processing batch event [
  {
    event_type: 'TestRunFinished',
    test_run: {
      type: 'test',
      framework: 'TestNG',
      uuid: '0f0c1feb-8ffc-4a5e-a763-0c3c279872ba',
      name: 'addProductToCart',
      body: {
        lang: 'java',
        code: 'public void com.browserstack.BStackDemoTest.addProductToCart() throws java.lang.Exception'
      },
      identifier: 'addProductToCart',
      scope: 'Cross-Platform.com.browserstack.BStackDemoTest',
      scopes: [ 'Cross-Platform', 'com.browserstack.BStackDemoTest' ],
      file_name: 'src/test/java/com/browserstack/BStackDemoTest.java',
      vc_filepath: '',
      location: 'src/test/java/com/browserstack/BStackDemoTest.java',
      meta: {},
      result: 'failed',
      duration_in_ms: 1719,
      started_at: '2026-08-01T15:25:51.464Z',
      finished_at: '2026-08-01T15:25:53.183Z',
      failure: [
        {
          backtrace: [
            'java.lang.AssertionError: expected [true] but found [false]',
            '\tat org.testng.Assert.fail(Assert.java:99)',
            '\tat org.testng.Assert.failNotEquals(Assert.java:1037)',
            '\tat org.testng.Assert.assertTrue(Assert.java:45)',
            '\tat org.testng.Assert.assertTrue(Assert.java:55)',
            '\tat com.browserstack.BStackDemoTest.addProductToCart(BStackDemoTest.java:15)',
            '\tat java.base/jdk.internal.reflect.DirectMethodHandleAccessor.invoke(DirectMethodHandleAccessor.java:103)',
            '\tat java.base/java.lang.reflect.Method.invoke(Method.java:580)',
            '\tat org.testng.internal.MethodInvocationHelper.invokeMethod(MethodInvocationHelper.java:133)',
            '\tat org.testng.internal.TestInvoker.invokeMethod(TestInvoker.java:598)',
            '\tat org.testng.internal.TestInvoker.invokeTestMethod(TestInvoker.java:173)',
            '\tat org.testng.internal.MethodRunner.runInSequence(MethodRunner.java:46)',
            '\tat org.testng.internal.TestInvoker$MethodInvocationAgent.invoke(TestInvoker.java:824)',
            '\tat org.testng.internal.TestInvoker.invokeTestMethods(TestInvoker.java:146)',
            '\tat org.testng.internal.TestMethodWorker.invokeTestMethods(TestMethodWorker.java:146)',
            '\tat org.testng.internal.TestMethodWorker.run(TestMethodWorker.java:128)',
            '\tat java.base/java.util.ArrayList.forEach(ArrayList.java:1597)',
            '\tat org.testng.TestRunner.privateRun(TestRunner.java:794)',
            '\tat org.testng.TestRunner.run(TestRunner.java:596)',
            '\tat org.testng.SuiteRunner.runTest(SuiteRunner.java:377)',
            '\tat org.testng.SuiteRunner.access$000(SuiteRunner.java:28)',
            '\tat org.testng.SuiteRunner$SuiteWorker.run(SuiteRunner.java:418)',
            '\tat org.testng.internal.thread.ThreadUtil.lambda$execute$0(ThreadUtil.java:64)',
            '\tat java.base/java.util.concurrent.FutureTask.run(FutureTask.java:317)',
            '\tat java.base/java.util.concurrent.ThreadPoolExecutor.runWorker(ThreadPoolExecutor.java:1144)',
            '\tat java.base/java.util.concurrent.ThreadPoolExecutor$Worker.run(ThreadPoolExecutor.java:642)',
            '\tat java.base/java.lang.Thread.run(Thread.java:1570)'
          ]
        }
      ],
      failure_type: 'AssertionError',
      failure_reason: 'java.lang.AssertionError: expected [true] but found [false]',
      retry_of: null,
      custom_metadata: {},
      tags: [],
      customRerunParam: { rerun_name: 'BStackDemo-2' },
      hooks: [ '459e613c-a344-48a3-98a2-9e188febeb5e' ],
      product_map: {
        observability: true,
        accessibility: false,
        percy: false,
        automate: true,
        app_automate: false,
        lts: false
      }
    },
    logs: []
  },
  {
    event_type: 'CBTSessionCreated',
    test_run: {
      uuid: 'ffa5ae18-3f4d-4bb5-8966-f538fa90a065',
      integrations: {
        browserstack: {
          product: 'automate',
          session_id: 'a619525fcc78914e61949f658f8d0f58ffa81af9',
          capabilities: {
            automationName: 'XCUITest',
            bootstrapPath: '/usr/local/.browserstack/config/wda_derived_data_15_3.3.0.11.0.0_515e29e8-234f-4a0f-a938-5ab844beed3d/Build/Products',
            browserName: 'safari',
            'browserstack.isTargetBased': 'true',
            databaseEnabled: false,
            deviceName: 'iPhone 13',
            deviceOrientation: 'PORTRAIT',
            javascriptEnabled: true,
            keychainPassword: '[REDACTED VALUE]',
            keychainPath: '[REDACTED VALUE]',
            locationContextEnabled: false,
            networkConnectionEnabled: false,
            newCommandTimeout: 0,
            noReset: true,
            optimalHubUrl: 'hub-aps.browserstack.com',
            orientation: 'PORTRAIT',
            platform: 'MAC',
            platformName: 'MAC',
            realMobile: 'true',
            safariIgnoreFraudWarning: true,
            takesScreenshot: true,
            udid: '00008110-0001059E3E61401E',
            useXctestrunFile: true,
            webStorageEnabled: false
          },
          platform: 'MAC',
          platform_version: '15',
          browser: 'Chromium',
          browser_version: undefined,
          device_name: 'iPhone 13'
        }
      }
    }
  },
  {
    event_type: 'HookRunStarted',
    hook_run: {
      type: 'hook',
      hook_type: 'AFTER_METHOD',
      framework: 'TestNG',
      uuid: 'ffa5ae18-3f4d-4bb5-8966-f538fa90a065',
      name: 'tearDown',
      result: 'pending',
      test_run_id: '0f0c1feb-8ffc-4a5e-a763-0c3c279872ba',
      body: { lang: 'java', code: null },
      scope: 'Cross-Platform.com.browserstack.BStackDemoTest',
      custom_metadata: {},
      tags: [],
      scopes: [ 'Cross-Platform', 'com.browserstack.BStackDemoTest' ],
      file_name: 'testng-browserstack-master/src/test/java/com/browserstack/BStackDemoTest.java',
      vc_filepath: '',
      location: 'testng-browserstack-master/src/test/java/com/browserstack/BStackDemoTest.java',
      started_at: '2026-08-01T15:25:53.840Z'
    },
    logs: []
  }
] to 26577:0
2026-08-01T15:25:54.501Z CLI info  [b1uyg241qi4vequimbf79la52m74tckaug689meu]  [4490adf5-d504-4de0-b9d9-1c98f41a7ad0]  [PRODUCTION] Making POST request to https://collector-observability.browserstack.com
2026-08-01T15:25:55.437Z CLI info [testhub:request-queue-handler]  [b1uyg241qi4vequimbf79la52m74tckaug689meu]  [4490adf5-d504-4de0-b9d9-1c98f41a7ad0]  Added the event {
  event_type: 'HookRunFinished',
  hook_run: {
    type: 'hook',
    hook_type: 'AFTER_METHOD',
    framework: 'TestNG',
    uuid: 'ffa5ae18-3f4d-4bb5-8966-f538fa90a065',
    name: 'tearDown',
    result: 'passed',
    test_run_id: '0f0c1feb-8ffc-4a5e-a763-0c3c279872ba',
    body: { lang: 'java', code: null },
    scope: 'Cross-Platform.com.browserstack.BStackDemoTest',
    custom_metadata: {},
    tags: [],
    scopes: [ 'Cross-Platform', 'com.browserstack.BStackDemoTest' ],
    file_name: 'testng-browserstack-master/src/test/java/com/browserstack/BStackDemoTest.java',
    vc_filepath: '',
    location: 'testng-browserstack-master/src/test/java/com/browserstack/BStackDemoTest.java',
    started_at: '2026-08-01T15:25:53.840Z',
    finished_at: '2026-08-01T15:25:55.429Z'
  },
  logs: []
} to 26577:0
2026-08-01T15:25:56.498Z CLI info [testhub:request-queue-handler]  [b1uyg241qi4vequimbf79la52m74tckaug689meu]  [4490adf5-d504-4de0-b9d9-1c98f41a7ad0]  Processing batch event [
  {
    event_type: 'HookRunFinished',
    hook_run: {
      type: 'hook',
      hook_type: 'AFTER_METHOD',
      framework: 'TestNG',
      uuid: 'ffa5ae18-3f4d-4bb5-8966-f538fa90a065',
      name: 'tearDown',
      result: 'passed',
      test_run_id: '0f0c1feb-8ffc-4a5e-a763-0c3c279872ba',
      body: { lang: 'java', code: null },
      scope: 'Cross-Platform.com.browserstack.BStackDemoTest',
      custom_metadata: {},
      tags: [],
      scopes: [ 'Cross-Platform', 'com.browserstack.BStackDemoTest' ],
      file_name: 'testng-browserstack-master/src/test/java/com/browserstack/BStackDemoTest.java',
      vc_filepath: '',
      location: 'testng-browserstack-master/src/test/java/com/browserstack/BStackDemoTest.java',
      started_at: '2026-08-01T15:25:53.840Z',
      finished_at: '2026-08-01T15:25:55.429Z'
    },
    logs: []
  }
] to 26577:0
2026-08-01T15:25:56.499Z CLI info  [b1uyg241qi4vequimbf79la52m74tckaug689meu]  [4490adf5-d504-4de0-b9d9-1c98f41a7ad0]  [PRODUCTION] Making POST request to https://collector-observability.browserstack.com
2026-08-01T15:26:27.506Z CLI warn [TEST REPORTING AND ANALYTICS:java:testng]  [b1uyg241qi4vequimbf79la52m74tckaug689meu]  [4490adf5-d504-4de0-b9d9-1c98f41a7ad0]  TestRunFinished: event={"test_hook_last_started":"BEFORE_METHOD","test_failure_type":"AssertionError","test_rerun_name":"BStackDemo-0","test_result_at":"2026-08-01T20:56:26.862568","test_scope":"Cross-Platform.com.browserstack.BStackDemoTest","test_framework_name":"TestNG","test_tags":"","cbt_session_created":true,"test_started_at":"2026-08-01T20:55:41.457446","platform_index":0,"test_failure":[{"backtrace":["java.lang.AssertionError: expected [true] but found [false]","\tat org.testng.Assert.fail(Assert.java:99)","\tat org.testng.Assert.failNotEquals(Assert.java:1037)","\tat org.testng.Assert.assertTrue(Assert.java:45)","\tat org.testng.Assert.assertTrue(Assert.java:55)","\tat com.browserstack.BStackDemoTest.addProductToCart(BStackDemoTest.java:15)","\tat java.base/jdk.internal.reflect.DirectMethodHandleAccessor.invoke(DirectMethodHandleAccessor.java:103)","\tat java.base/java.lang.reflect.Method.invoke(Method.java:580)","\tat org.testng.internal.MethodInvocationHelper.invokeMethod(MethodInvocationHelper.java:133)","\tat org.testng.internal.TestInvoker.invokeMethod(TestInvoker.java:598)","\tat org.testng.internal.TestInvoker.invokeTestMethod(TestInvoker.java:173)","\tat org.testng.internal.MethodRunner.runInSequence(MethodRunner.java:46)","\tat org.testng.internal.TestInvoker$MethodInvocationAgent.invoke(TestInvoker.java:824)","\tat org.testng.internal.TestInvoker.invokeTestMethods(TestInvoker.java:146)","\tat org.testng.internal.TestMethodWorker.invokeTestMethods(TestMethodWorker.java:146)","\tat org.testng.internal.TestMethodWorker.run(TestMethodWorker.java:128)","\tat java.base/java.util.ArrayList.forEach(ArrayList.java:1597)","\tat org.testng.TestRunner.privateRun(TestRunner.java:794)","\tat org.testng.TestRunner.run(TestRunner.java:596)","\tat org.testng.SuiteRunner.runTest(SuiteRunner.java:377)","\tat org.testng.SuiteRunner.access$000(SuiteRunner.java:28)","\tat org.testng.SuiteRunner$SuiteWorker.run(SuiteRunner.java:418)","\tat org.testng.internal.thread.ThreadUtil.lambda$execute$0(ThreadUtil.java:64)","\tat java.base/java.util.concurrent.FutureTask.run(FutureTask.java:317)","\tat java.base/java.util.concurrent.ThreadPoolExecutor.runWorker(ThreadPoolExecutor.java:1144)","\tat java.base/java.util.concurrent.ThreadPoolExecutor$Worker.run(ThreadPoolExecutor.java:642)","\tat java.base/java.lang.Thread.run(Thread.java:1570)"]}],"test_framework_version":"7.4.0","test_logs":[],"test_scopes":["Cross-Platform","com.browserstack.BStackDemoTest"],"test_code":"public void com.browserstack.BStackDemoTest.addProductToCart() throws java.lang.Exception","test_id":"BStackDemo-0@0","test_uuid":"bd8243c4-3986-42d9-b691-cbed11f40142","test_ended_at":"2026-08-01T20:56:26.864094","automate_session_name":"BStackDemo-00","hookAttachStartMs":1785597932228,"test_hook_last_finished":"BEFORE_METHOD","test_session_name":"com.browserstack.BStackDemoTest-addProductToCart","custom_metadata":{},"test_failure_reason":"java.lang.AssertionError: expected [true] but found [false]","test_location":"src/test/java/com/browserstack/BStackDemoTest.java","test_hooks_started":{"BEFORE_METHOD":[]},"test_file_path":"src/test/java/com/browserstack/BStackDemoTest.java","test_result":"failed","test_hooks_finished":{"BEFORE_METHOD":[{"hook_name":"setUp","hook_result":"passed","test_file_path":"testng-browserstack-master/src/test/java/com/browserstack/BStackDemoTest.java","event_started_at":"2026-08-01T20:55:32.263820","hook_id":"56aef778-63cf-4764-986e-80ba87899f90","hook_logs":[],"logs":[],"key":"BEFORE_METHOD","custom_metadata":{},"event_ended_at":"2026-08-01T20:55:41.446904","test_location":"testng-browserstack-master/src/test/java/com/browserstack/BStackDemoTest.java"}]},"hook_id":"56aef778-63cf-4764-986e-80ba87899f90","test_meta":{},"isBrowserstackAutomationSession":true,"test_name":"addProductToCart","logs":[]}
2026-08-01T15:26:27.508Z CLI info [testhub:request-queue-handler]  [b1uyg241qi4vequimbf79la52m74tckaug689meu]  [4490adf5-d504-4de0-b9d9-1c98f41a7ad0]  Added the event {
  event_type: 'TestRunFinished',
  test_run: {
    type: 'test',
    framework: 'TestNG',
    uuid: 'bd8243c4-3986-42d9-b691-cbed11f40142',
    name: 'addProductToCart',
    body: {
      lang: 'java',
      code: 'public void com.browserstack.BStackDemoTest.addProductToCart() throws java.lang.Exception'
    },
    identifier: 'addProductToCart',
    scope: 'Cross-Platform.com.browserstack.BStackDemoTest',
    scopes: [ 'Cross-Platform', 'com.browserstack.BStackDemoTest' ],
    file_name: 'src/test/java/com/browserstack/BStackDemoTest.java',
    vc_filepath: '',
    location: 'src/test/java/com/browserstack/BStackDemoTest.java',
    meta: {},
    result: 'failed',
    duration_in_ms: 45407,
    started_at: '2026-08-01T15:25:41.457Z',
    finished_at: '2026-08-01T15:26:26.864Z',
    failure: [ [Object] ],
    failure_type: 'AssertionError',
    failure_reason: 'java.lang.AssertionError: expected [true] but found [false]',
    retry_of: null,
    custom_metadata: {},
    tags: [],
    customRerunParam: { rerun_name: 'BStackDemo-0' },
    hooks: [ '56aef778-63cf-4764-986e-80ba87899f90' ],
    product_map: {
      observability: true,
      accessibility: false,
      percy: false,
      automate: true,
      app_automate: false,
      lts: false
    }
  },
  logs: []
} to 26577:0
2026-08-01T15:26:27.534Z CLI info [testhub:request-queue-handler]  [b1uyg241qi4vequimbf79la52m74tckaug689meu]  [4490adf5-d504-4de0-b9d9-1c98f41a7ad0]  Added the event {
  event_type: 'CBTSessionCreated',
  test_run: {
    uuid: '322d19f1-2d28-46a2-b45e-316e0a451229',
    integrations: { browserstack: [Object] }
  }
} to 26577:0
2026-08-01T15:26:27.540Z CLI info [testhub:request-queue-handler]  [b1uyg241qi4vequimbf79la52m74tckaug689meu]  [4490adf5-d504-4de0-b9d9-1c98f41a7ad0]  Added the event {
  event_type: 'HookRunStarted',
  hook_run: {
    type: 'hook',
    hook_type: 'AFTER_METHOD',
    framework: 'TestNG',
    uuid: '322d19f1-2d28-46a2-b45e-316e0a451229',
    name: 'tearDown',
    result: 'pending',
    test_run_id: 'bd8243c4-3986-42d9-b691-cbed11f40142',
    body: { lang: 'java', code: null },
    scope: 'Cross-Platform.com.browserstack.BStackDemoTest',
    custom_metadata: {},
    tags: [],
    scopes: [ 'Cross-Platform', 'com.browserstack.BStackDemoTest' ],
    file_name: 'testng-browserstack-master/src/test/java/com/browserstack/BStackDemoTest.java',
    vc_filepath: '',
    location: 'testng-browserstack-master/src/test/java/com/browserstack/BStackDemoTest.java',
    started_at: '2026-08-01T15:26:27.525Z'
  },
  logs: []
} to 26577:0
2026-08-01T15:26:28.518Z CLI info [testhub:request-queue-handler]  [b1uyg241qi4vequimbf79la52m74tckaug689meu]  [4490adf5-d504-4de0-b9d9-1c98f41a7ad0]  Processing batch event [
  {
    event_type: 'TestRunFinished',
    test_run: {
      type: 'test',
      framework: 'TestNG',
      uuid: 'bd8243c4-3986-42d9-b691-cbed11f40142',
      name: 'addProductToCart',
      body: {
        lang: 'java',
        code: 'public void com.browserstack.BStackDemoTest.addProductToCart() throws java.lang.Exception'
      },
      identifier: 'addProductToCart',
      scope: 'Cross-Platform.com.browserstack.BStackDemoTest',
      scopes: [ 'Cross-Platform', 'com.browserstack.BStackDemoTest' ],
      file_name: 'src/test/java/com/browserstack/BStackDemoTest.java',
      vc_filepath: '',
      location: 'src/test/java/com/browserstack/BStackDemoTest.java',
      meta: {},
      result: 'failed',
      duration_in_ms: 45407,
      started_at: '2026-08-01T15:25:41.457Z',
      finished_at: '2026-08-01T15:26:26.864Z',
      failure: [
        {
          backtrace: [
            'java.lang.AssertionError: expected [true] but found [false]',
            '\tat org.testng.Assert.fail(Assert.java:99)',
            '\tat org.testng.Assert.failNotEquals(Assert.java:1037)',
            '\tat org.testng.Assert.assertTrue(Assert.java:45)',
            '\tat org.testng.Assert.assertTrue(Assert.java:55)',
            '\tat com.browserstack.BStackDemoTest.addProductToCart(BStackDemoTest.java:15)',
            '\tat java.base/jdk.internal.reflect.DirectMethodHandleAccessor.invoke(DirectMethodHandleAccessor.java:103)',
            '\tat java.base/java.lang.reflect.Method.invoke(Method.java:580)',
            '\tat org.testng.internal.MethodInvocationHelper.invokeMethod(MethodInvocationHelper.java:133)',
            '\tat org.testng.internal.TestInvoker.invokeMethod(TestInvoker.java:598)',
            '\tat org.testng.internal.TestInvoker.invokeTestMethod(TestInvoker.java:173)',
            '\tat org.testng.internal.MethodRunner.runInSequence(MethodRunner.java:46)',
            '\tat org.testng.internal.TestInvoker$MethodInvocationAgent.invoke(TestInvoker.java:824)',
            '\tat org.testng.internal.TestInvoker.invokeTestMethods(TestInvoker.java:146)',
            '\tat org.testng.internal.TestMethodWorker.invokeTestMethods(TestMethodWorker.java:146)',
            '\tat org.testng.internal.TestMethodWorker.run(TestMethodWorker.java:128)',
            '\tat java.base/java.util.ArrayList.forEach(ArrayList.java:1597)',
            '\tat org.testng.TestRunner.privateRun(TestRunner.java:794)',
            '\tat org.testng.TestRunner.run(TestRunner.java:596)',
            '\tat org.testng.SuiteRunner.runTest(SuiteRunner.java:377)',
            '\tat org.testng.SuiteRunner.access$000(SuiteRunner.java:28)',
            '\tat org.testng.SuiteRunner$SuiteWorker.run(SuiteRunner.java:418)',
            '\tat org.testng.internal.thread.ThreadUtil.lambda$execute$0(ThreadUtil.java:64)',
            '\tat java.base/java.util.concurrent.FutureTask.run(FutureTask.java:317)',
            '\tat java.base/java.util.concurrent.ThreadPoolExecutor.runWorker(ThreadPoolExecutor.java:1144)',
            '\tat java.base/java.util.concurrent.ThreadPoolExecutor$Worker.run(ThreadPoolExecutor.java:642)',
            '\tat java.base/java.lang.Thread.run(Thread.java:1570)'
          ]
        }
      ],
      failure_type: 'AssertionError',
      failure_reason: 'java.lang.AssertionError: expected [true] but found [false]',
      retry_of: null,
      custom_metadata: {},
      tags: [],
      customRerunParam: { rerun_name: 'BStackDemo-0' },
      hooks: [ '56aef778-63cf-4764-986e-80ba87899f90' ],
      product_map: {
        observability: true,
        accessibility: false,
        percy: false,
        automate: true,
        app_automate: false,
        lts: false
      }
    },
    logs: []
  },
  {
    event_type: 'CBTSessionCreated',
    test_run: {
      uuid: '322d19f1-2d28-46a2-b45e-316e0a451229',
      integrations: {
        browserstack: {
          product: 'automate',
          session_id: 'f6d3ca0f0c39dc0d153879f46c75a8fff8808294',
          capabilities: {
            acceptInsecureCerts: false,
            browserName: 'chrome',
            browserVersion: '148.0.7778.97',
            chrome: {
              chromedriverVersion: '148.0.7778.97 (6b3fa66a923a9442c8ab0bc71b4b41ff24528d3b-refs/branch-heads/7778@{#1905})',
              userDataDir: 'C:\\Windows\\proxy\\scoped_dir14448_264927024'
            },
            'fedcm:accounts': true,
            'goog:chromeOptions': { debuggerAddress: 'localhost:7791' },
            'goog:processID': 15296,
            javascriptEnabled: true,
            networkConnectionEnabled: false,
            optimalHubUrl: 'hub-aps.browserstack.com',
            pageLoadStrategy: 'normal',
            platform: 'WINDOWS',
            platformName: 'WINDOWS',
            proxy: {
              proxyType: 'UNSPECIFIED',
              autodetect: false,
              ftpProxy: null,
              httpProxy: null,
              noProxy: null,
              sslProxy: null,
              socksProxy: null,
              socksVersion: null,
              socksUsername: null,
              socksPassword: null,
              proxyAutoconfigUrl: null
            },
            setWindowRect: true,
            strictFileInteractability: false,
            timeouts: { implicit: 0, pageLoad: 300000, script: 30000 },
            unhandledPromptBehavior: 'dismiss and notify',
            'webauthn:extension:credBlob': true,
            'webauthn:extension:largeBlob': true,
            'webauthn:extension:minPinLength': true,
            'webauthn:extension:prf': true,
            'webauthn:virtualAuthenticators': true,
            'webdriver.remote.sessionid': 'f6d3ca0f0c39dc0d153879f46c75a8fff8808294'
          },
          platform: 'Windows',
          platform_version: '11',
          browser: 'Chrome',
          browser_version: '148.0'
        }
      }
    }
  },
  {
    event_type: 'HookRunStarted',
    hook_run: {
      type: 'hook',
      hook_type: 'AFTER_METHOD',
      framework: 'TestNG',
      uuid: '322d19f1-2d28-46a2-b45e-316e0a451229',
      name: 'tearDown',
      result: 'pending',
      test_run_id: 'bd8243c4-3986-42d9-b691-cbed11f40142',
      body: { lang: 'java', code: null },
      scope: 'Cross-Platform.com.browserstack.BStackDemoTest',
      custom_metadata: {},
      tags: [],
      scopes: [ 'Cross-Platform', 'com.browserstack.BStackDemoTest' ],
      file_name: 'testng-browserstack-master/src/test/java/com/browserstack/BStackDemoTest.java',
      vc_filepath: '',
      location: 'testng-browserstack-master/src/test/java/com/browserstack/BStackDemoTest.java',
      started_at: '2026-08-01T15:26:27.525Z'
    },
    logs: []
  }
] to 26577:0
2026-08-01T15:26:28.520Z CLI info  [b1uyg241qi4vequimbf79la52m74tckaug689meu]  [4490adf5-d504-4de0-b9d9-1c98f41a7ad0]  [PRODUCTION] Making POST request to https://collector-observability.browserstack.com
2026-08-01T15:26:29.084Z CLI info [testhub:request-queue-handler]  [b1uyg241qi4vequimbf79la52m74tckaug689meu]  [4490adf5-d504-4de0-b9d9-1c98f41a7ad0]  Added the event {
  event_type: 'HookRunFinished',
  hook_run: {
    type: 'hook',
    hook_type: 'AFTER_METHOD',
    framework: 'TestNG',
    uuid: '322d19f1-2d28-46a2-b45e-316e0a451229',
    name: 'tearDown',
    result: 'passed',
    test_run_id: 'bd8243c4-3986-42d9-b691-cbed11f40142',
    body: { lang: 'java', code: null },
    scope: 'Cross-Platform.com.browserstack.BStackDemoTest',
    custom_metadata: {},
    tags: [],
    scopes: [ 'Cross-Platform', 'com.browserstack.BStackDemoTest' ],
    file_name: 'testng-browserstack-master/src/test/java/com/browserstack/BStackDemoTest.java',
    vc_filepath: '',
    location: 'testng-browserstack-master/src/test/java/com/browserstack/BStackDemoTest.java',
    started_at: '2026-08-01T15:26:27.525Z',
    finished_at: '2026-08-01T15:26:29.078Z'
  },
  logs: []
} to 26577:0
2026-08-01T15:26:29.664Z CLI info  [b1uyg241qi4vequimbf79la52m74tckaug689meu]  [4490adf5-d504-4de0-b9d9-1c98f41a7ad0]  [PRODUCTION] Making GET request to https://api.browserstack.com
2026-08-01T15:26:29.672Z CLI info  [b1uyg241qi4vequimbf79la52m74tckaug689meu]  [4490adf5-d504-4de0-b9d9-1c98f41a7ad0]  [PRODUCTION] Making POST request to https://collector-observability.browserstack.com
2026-08-01T15:26:30.862Z CLI info  [b1uyg241qi4vequimbf79la52m74tckaug689meu]  [4490adf5-d504-4de0-b9d9-1c98f41a7ad0]  [PRODUCTION] Making PUT request to https://collector-observability.browserstack.com
2026-08-01T15:26:31.539Z CLI info [testhub:module]  [b1uyg241qi4vequimbf79la52m74tckaug689meu]  [4490adf5-d504-4de0-b9d9-1c98f41a7ad0]  stopBuild: b1uyg241qi4vequimbf79la52m74tckaug689meu request={"finished_at":"2026-08-01T15:26:29.664Z","finished_metadata":[],"custom_metadata":{}} response={"data":""}
2026-08-01T15:26:31.541Z CLI info  [b1uyg241qi4vequimbf79la52m74tckaug689meu]  [4490adf5-d504-4de0-b9d9-1c98f41a7ad0]  [PRODUCTION] Making POST request to https://api.browserstack.com
2026-08-01T15:26:33.408Z CLI info [TEST REPORTING AND ANALYTICS:module]  [b1uyg241qi4vequimbf79la52m74tckaug689meu]  [4490adf5-d504-4de0-b9d9-1c98f41a7ad0]  Visit https://automation.browserstack.com/builds/b1uyg241qi4vequimbf79la52m74tckaug689meu to view build report, insights, and many more debugging information all at one place!
2026-08-01T15:26:33.409Z CLI info [ai:module]  [b1uyg241qi4vequimbf79la52m74tckaug689meu]  [4490adf5-d504-4de0-b9d9-1c98f41a7ad0]  onStop: 4490adf5-d504-4de0-b9d9-1c98f41a7ad0
2026-08-01T15:26:33.534Z CLI info [main]  [b1uyg241qi4vequimbf79la52m74tckaug689meu]  [4490adf5-d504-4de0-b9d9-1c98f41a7ad0]  Received graceful signal termination (SIGTERM), performing cleanup
2026-08-01T15:28:01.373Z CLI info [main]    Server listening on port: 5400
2026-08-01T15:28:01.604Z CLI info    Config : {"userName":"[REDACTED]","accessKey":"[REDACTED]","platforms":[{"os":"Windows","osVersion":"11","browserName":"Chrome","browserVersion":"148.0"},{"os":"OS X","osVersion":"Monterey","browserName":"Safari","browserVersion":"15.6"},{"deviceName":"iPhone 13","osVersion":"15","browserName":"Chromium","deviceOrientation":"portrait"}],"browserstackLocal":true,"buildName":"browserstack-build-1","projectName":"BrowserStack Sample","selfHeal":true,"aiAuthoring":true,"buildIdentifier":"#${BUILD_NUMBER}","framework":"testng"}
2026-08-01T15:28:01.621Z CLI info    Should start debug utility: undefined
2026-08-01T15:28:01.622Z CLI info [testhub:module]   [20f12334-ece9-4e36-9484-763a087b6195]  Starting testhub from 27397:0
2026-08-01T15:28:02.214Z CLI info   [20f12334-ece9-4e36-9484-763a087b6195]  [PRODUCTION] Making POST request to https://sdk.browserstack.com
2026-08-01T15:28:02.216Z CLI info   [20f12334-ece9-4e36-9484-763a087b6195]  [PRODUCTION] Making GET request to https://hub.browserstack.com
2026-08-01T15:28:02.446Z CLI info   [20f12334-ece9-4e36-9484-763a087b6195]  [PRODUCTION] Making GET request to https://hub-aps.browserstack.com
2026-08-01T15:28:02.447Z CLI info   [20f12334-ece9-4e36-9484-763a087b6195]  [PRODUCTION] Making GET request to https://hub-euw.browserstack.com
2026-08-01T15:28:02.448Z CLI info   [20f12334-ece9-4e36-9484-763a087b6195]  [PRODUCTION] Making GET request to https://hub-apse.browserstack.com
2026-08-01T15:28:03.260Z CLI info [testhub:module]   [20f12334-ece9-4e36-9484-763a087b6195]  startBuild: response=gzpozzkkrfqwrcm7vcwgl32ti52gz8wo83xqkd3m
2026-08-01T15:28:03.264Z CLI info  [gzpozzkkrfqwrcm7vcwgl32ti52gz8wo83xqkd3m]  [20f12334-ece9-4e36-9484-763a087b6195]  [PRODUCTION] Making POST request to https://api.browserstack.com
2026-08-01T15:28:05.360Z CLI error  [gzpozzkkrfqwrcm7vcwgl32ti52gz8wo83xqkd3m]  [20f12334-ece9-4e36-9484-763a087b6195]  error invoking callback for eventName onStart: ENOENT: no such file or directory, mkdir '/snapshot/browserstack-binary/cli/dist/extensions'
2026-08-01T15:28:05.361Z CLI error  [gzpozzkkrfqwrcm7vcwgl32ti52gz8wo83xqkd3m]  [20f12334-ece9-4e36-9484-763a087b6195]  Error: ENOENT: no such file or directory, mkdir '/snapshot/browserstack-binary/cli/dist/extensions'
2026-08-01T15:28:09.103Z CLI info  [gzpozzkkrfqwrcm7vcwgl32ti52gz8wo83xqkd3m]  [20f12334-ece9-4e36-9484-763a087b6195]  [PRODUCTION] Making POST request to https://api.browserstack.com
2026-08-01T15:28:14.024Z CLI info [testhub:request-queue-handler]  [gzpozzkkrfqwrcm7vcwgl32ti52gz8wo83xqkd3m]  [20f12334-ece9-4e36-9484-763a087b6195]  Added the event {
  event_type: 'HookRunStarted',
  hook_run: {
    type: 'hook',
    hook_type: 'BEFORE_METHOD',
    framework: 'TestNG',
    uuid: 'aa50bec4-d136-4439-a297-7c4c6abc9b56',
    name: 'setUp',
    result: 'pending',
    test_run_id: '92e89495-c2e7-4e64-993d-99c9d5ae56bb',
    body: { lang: 'java', code: null },
    scope: 'Cross-Platform.com.browserstack.BStackDemoTest',
    custom_metadata: {},
    tags: [],
    scopes: [ 'Cross-Platform', 'com.browserstack.BStackDemoTest' ],
    file_name: 'testng-browserstack-master/src/test/java/com/browserstack/BStackDemoTest.java',
    vc_filepath: '',
    location: 'testng-browserstack-master/src/test/java/com/browserstack/BStackDemoTest.java',
    started_at: '2026-08-01T15:28:13.956Z'
  },
  logs: []
} to 27397:0
2026-08-01T15:28:14.027Z CLI info [testhub:request-queue-handler]  [gzpozzkkrfqwrcm7vcwgl32ti52gz8wo83xqkd3m]  [20f12334-ece9-4e36-9484-763a087b6195]  Added the event {
  event_type: 'HookRunStarted',
  hook_run: {
    type: 'hook',
    hook_type: 'BEFORE_METHOD',
    framework: 'TestNG',
    uuid: 'ea8289a1-e266-43b0-8c18-4e5dacb9b5c7',
    name: 'setUp',
    result: 'pending',
    test_run_id: '95ba0524-82fb-4838-9c45-f8bfe93485b1',
    body: { lang: 'java', code: null },
    scope: 'Cross-Platform.com.browserstack.BStackDemoTest',
    custom_metadata: {},
    tags: [],
    scopes: [ 'Cross-Platform', 'com.browserstack.BStackDemoTest' ],
    file_name: 'testng-browserstack-master/src/test/java/com/browserstack/BStackDemoTest.java',
    vc_filepath: '',
    location: 'testng-browserstack-master/src/test/java/com/browserstack/BStackDemoTest.java',
    started_at: '2026-08-01T15:28:13.953Z'
  },
  logs: []
} to 27397:0
2026-08-01T15:28:14.029Z CLI info [testhub:request-queue-handler]  [gzpozzkkrfqwrcm7vcwgl32ti52gz8wo83xqkd3m]  [20f12334-ece9-4e36-9484-763a087b6195]  Added the event {
  event_type: 'HookRunStarted',
  hook_run: {
    type: 'hook',
    hook_type: 'BEFORE_METHOD',
    framework: 'TestNG',
    uuid: 'ad5bf394-6d28-4719-b3ee-4849ceb01438',
    name: 'setUp',
    result: 'pending',
    test_run_id: 'df25e4a5-7473-4ca1-a3b2-8eda34a14fb8',
    body: { lang: 'java', code: null },
    scope: 'Cross-Platform.com.browserstack.BStackDemoTest',
    custom_metadata: {},
    tags: [],
    scopes: [ 'Cross-Platform', 'com.browserstack.BStackDemoTest' ],
    file_name: 'testng-browserstack-master/src/test/java/com/browserstack/BStackDemoTest.java',
    vc_filepath: '',
    location: 'testng-browserstack-master/src/test/java/com/browserstack/BStackDemoTest.java',
    started_at: '2026-08-01T15:28:13.945Z'
  },
  logs: []
} to 27397:0
2026-08-01T15:28:15.270Z CLI info [testhub:request-queue-handler]  [gzpozzkkrfqwrcm7vcwgl32ti52gz8wo83xqkd3m]  [20f12334-ece9-4e36-9484-763a087b6195]  Processing batch event [
  {
    event_type: 'HookRunStarted',
    hook_run: {
      type: 'hook',
      hook_type: 'BEFORE_METHOD',
      framework: 'TestNG',
      uuid: 'aa50bec4-d136-4439-a297-7c4c6abc9b56',
      name: 'setUp',
      result: 'pending',
      test_run_id: '92e89495-c2e7-4e64-993d-99c9d5ae56bb',
      body: { lang: 'java', code: null },
      scope: 'Cross-Platform.com.browserstack.BStackDemoTest',
      custom_metadata: {},
      tags: [],
      scopes: [ 'Cross-Platform', 'com.browserstack.BStackDemoTest' ],
      file_name: 'testng-browserstack-master/src/test/java/com/browserstack/BStackDemoTest.java',
      vc_filepath: '',
      location: 'testng-browserstack-master/src/test/java/com/browserstack/BStackDemoTest.java',
      started_at: '2026-08-01T15:28:13.956Z'
    },
    logs: []
  },
  {
    event_type: 'HookRunStarted',
    hook_run: {
      type: 'hook',
      hook_type: 'BEFORE_METHOD',
      framework: 'TestNG',
      uuid: 'ea8289a1-e266-43b0-8c18-4e5dacb9b5c7',
      name: 'setUp',
      result: 'pending',
      test_run_id: '95ba0524-82fb-4838-9c45-f8bfe93485b1',
      body: { lang: 'java', code: null },
      scope: 'Cross-Platform.com.browserstack.BStackDemoTest',
      custom_metadata: {},
      tags: [],
      scopes: [ 'Cross-Platform', 'com.browserstack.BStackDemoTest' ],
      file_name: 'testng-browserstack-master/src/test/java/com/browserstack/BStackDemoTest.java',
      vc_filepath: '',
      location: 'testng-browserstack-master/src/test/java/com/browserstack/BStackDemoTest.java',
      started_at: '2026-08-01T15:28:13.953Z'
    },
    logs: []
  },
  {
    event_type: 'HookRunStarted',
    hook_run: {
      type: 'hook',
      hook_type: 'BEFORE_METHOD',
      framework: 'TestNG',
      uuid: 'ad5bf394-6d28-4719-b3ee-4849ceb01438',
      name: 'setUp',
      result: 'pending',
      test_run_id: 'df25e4a5-7473-4ca1-a3b2-8eda34a14fb8',
      body: { lang: 'java', code: null },
      scope: 'Cross-Platform.com.browserstack.BStackDemoTest',
      custom_metadata: {},
      tags: [],
      scopes: [ 'Cross-Platform', 'com.browserstack.BStackDemoTest' ],
      file_name: 'testng-browserstack-master/src/test/java/com/browserstack/BStackDemoTest.java',
      vc_filepath: '',
      location: 'testng-browserstack-master/src/test/java/com/browserstack/BStackDemoTest.java',
      started_at: '2026-08-01T15:28:13.945Z'
    },
    logs: []
  }
] to 27397:0
2026-08-01T15:28:15.271Z CLI info  [gzpozzkkrfqwrcm7vcwgl32ti52gz8wo83xqkd3m]  [20f12334-ece9-4e36-9484-763a087b6195]  [PRODUCTION] Making POST request to https://collector-observability.browserstack.com
2026-08-01T15:28:16.809Z CLI info [ai:module]  [gzpozzkkrfqwrcm7vcwgl32ti52gz8wo83xqkd3m]  [20f12334-ece9-4e36-9484-763a087b6195]  initSession: 20f12334-ece9-4e36-9484-763a087b6195
2026-08-01T15:28:16.810Z CLI info [sdk:service]  [gzpozzkkrfqwrcm7vcwgl32ti52gz8wo83xqkd3m]  [20f12334-ece9-4e36-9484-763a087b6195]  Driver initialized as primary driver: platformIndex=1
2026-08-01T15:28:17.690Z CLI info [ai:module]  [gzpozzkkrfqwrcm7vcwgl32ti52gz8wo83xqkd3m]  [20f12334-ece9-4e36-9484-763a087b6195]  initSession: 20f12334-ece9-4e36-9484-763a087b6195
2026-08-01T15:28:17.690Z CLI info [sdk:service]  [gzpozzkkrfqwrcm7vcwgl32ti52gz8wo83xqkd3m]  [20f12334-ece9-4e36-9484-763a087b6195]  Driver initialized as primary driver: platformIndex=0
2026-08-01T15:28:17.783Z CLI info [ai:module]  [gzpozzkkrfqwrcm7vcwgl32ti52gz8wo83xqkd3m]  [20f12334-ece9-4e36-9484-763a087b6195]  initSession: 20f12334-ece9-4e36-9484-763a087b6195
2026-08-01T15:28:17.783Z CLI info [sdk:service]  [gzpozzkkrfqwrcm7vcwgl32ti52gz8wo83xqkd3m]  [20f12334-ece9-4e36-9484-763a087b6195]  Driver initialized as primary driver: platformIndex=2
2026-08-01T15:28:25.036Z CLI info [ai:module]  [gzpozzkkrfqwrcm7vcwgl32ti52gz8wo83xqkd3m]  [20f12334-ece9-4e36-9484-763a087b6195]  beforeSession: 20f12334-ece9-4e36-9484-763a087b6195
2026-08-01T15:28:25.069Z CLI info [testhub:request-queue-handler]  [gzpozzkkrfqwrcm7vcwgl32ti52gz8wo83xqkd3m]  [20f12334-ece9-4e36-9484-763a087b6195]  Added the event {
  event_type: 'HookRunFinished',
  hook_run: {
    type: 'hook',
    hook_type: 'BEFORE_METHOD',
    framework: 'TestNG',
    uuid: 'ea8289a1-e266-43b0-8c18-4e5dacb9b5c7',
    name: 'setUp',
    result: 'passed',
    test_run_id: '95ba0524-82fb-4838-9c45-f8bfe93485b1',
    body: { lang: 'java', code: null },
    scope: 'Cross-Platform.com.browserstack.BStackDemoTest',
    custom_metadata: {},
    tags: [],
    scopes: [ 'Cross-Platform', 'com.browserstack.BStackDemoTest' ],
    file_name: 'testng-browserstack-master/src/test/java/com/browserstack/BStackDemoTest.java',
    vc_filepath: '',
    location: 'testng-browserstack-master/src/test/java/com/browserstack/BStackDemoTest.java',
    started_at: '2026-08-01T15:28:13.953Z',
    finished_at: '2026-08-01T15:28:25.065Z'
  },
  logs: []
} to 27397:0
2026-08-01T15:28:25.098Z CLI info [testhub:request-queue-handler]  [gzpozzkkrfqwrcm7vcwgl32ti52gz8wo83xqkd3m]  [20f12334-ece9-4e36-9484-763a087b6195]  Added the event {
  event_type: 'CBTSessionCreated',
  test_run: {
    uuid: '95ba0524-82fb-4838-9c45-f8bfe93485b1',
    integrations: { browserstack: [Object] }
  }
} to 27397:0
2026-08-01T15:28:25.104Z CLI info [testhub:request-queue-handler]  [gzpozzkkrfqwrcm7vcwgl32ti52gz8wo83xqkd3m]  [20f12334-ece9-4e36-9484-763a087b6195]  Added the event {
  event_type: 'TestRunStarted',
  test_run: {
    type: 'test',
    framework: 'TestNG',
    uuid: '95ba0524-82fb-4838-9c45-f8bfe93485b1',
    name: 'addProductToCart',
    body: {
      lang: 'java',
      code: 'public void com.browserstack.BStackDemoTest.addProductToCart() throws java.lang.Exception'
    },
    identifier: 'addProductToCart',
    scope: 'Cross-Platform.com.browserstack.BStackDemoTest',
    scopes: [ 'Cross-Platform', 'com.browserstack.BStackDemoTest' ],
    file_name: 'src/test/java/com/browserstack/BStackDemoTest.java',
    vc_filepath: '',
    location: 'src/test/java/com/browserstack/BStackDemoTest.java',
    meta: {},
    result: 'pending',
    duration_in_ms: null,
    started_at: '2026-08-01T15:28:25.078Z',
    failure: undefined,
    failure_type: undefined,
    failure_reason: undefined,
    retry_of: null,
    custom_metadata: {},
    tags: [],
    customRerunParam: { rerun_name: 'BStackDemo-1' },
    hooks: [],
    product_map: {
      observability: true,
      accessibility: false,
      percy: false,
      automate: true,
      app_automate: false,
      lts: false
    },
    integrations: { browserstack: [Object] }
  },
  logs: []
} to 27397:0
2026-08-01T15:28:25.271Z CLI info [testhub:request-queue-handler]  [gzpozzkkrfqwrcm7vcwgl32ti52gz8wo83xqkd3m]  [20f12334-ece9-4e36-9484-763a087b6195]  Processing batch event [
  {
    event_type: 'HookRunFinished',
    hook_run: {
      type: 'hook',
      hook_type: 'BEFORE_METHOD',
      framework: 'TestNG',
      uuid: 'ea8289a1-e266-43b0-8c18-4e5dacb9b5c7',
      name: 'setUp',
      result: 'passed',
      test_run_id: '95ba0524-82fb-4838-9c45-f8bfe93485b1',
      body: { lang: 'java', code: null },
      scope: 'Cross-Platform.com.browserstack.BStackDemoTest',
      custom_metadata: {},
      tags: [],
      scopes: [ 'Cross-Platform', 'com.browserstack.BStackDemoTest' ],
      file_name: 'testng-browserstack-master/src/test/java/com/browserstack/BStackDemoTest.java',
      vc_filepath: '',
      location: 'testng-browserstack-master/src/test/java/com/browserstack/BStackDemoTest.java',
      started_at: '2026-08-01T15:28:13.953Z',
      finished_at: '2026-08-01T15:28:25.065Z'
    },
    logs: []
  },
  {
    event_type: 'CBTSessionCreated',
    test_run: {
      uuid: '95ba0524-82fb-4838-9c45-f8bfe93485b1',
      integrations: {
        browserstack: {
          product: 'automate',
          session_id: '86a53d0cdb4e93e41901d861a17d25d4da8c11a8',
          capabilities: {
            acceptInsecureCerts: false,
            browserName: 'Safari',
            browserVersion: '15.6.1',
            optimalHubUrl: 'hub-aps.browserstack.com',
            platformName: 'MAC',
            'safari:automaticInspection': false,
            'safari:automaticProfiling': false,
            'safari:diagnose': false,
            'safari:platformBuildVersion': '21G83',
            'safari:platformVersion': '12.5.1',
            'safari:useSimulator': false,
            setWindowRect: true,
            strictFileInteractability: false,
            'webdriver.remote.sessionid': '86a53d0cdb4e93e41901d861a17d25d4da8c11a8',
            'webkit:WebRTC': {
              DisableICECandidateFiltering: false,
              DisableInsecureMediaCapture: false
            }
          },
          platform: 'OS X',
          platform_version: 'Monterey',
          browser: 'Safari',
          browser_version: '15.6'
        }
      }
    }
  },
  {
    event_type: 'TestRunStarted',
    test_run: {
      type: 'test',
      framework: 'TestNG',
      uuid: '95ba0524-82fb-4838-9c45-f8bfe93485b1',
      name: 'addProductToCart',
      body: {
        lang: 'java',
        code: 'public void com.browserstack.BStackDemoTest.addProductToCart() throws java.lang.Exception'
      },
      identifier: 'addProductToCart',
      scope: 'Cross-Platform.com.browserstack.BStackDemoTest',
      scopes: [ 'Cross-Platform', 'com.browserstack.BStackDemoTest' ],
      file_name: 'src/test/java/com/browserstack/BStackDemoTest.java',
      vc_filepath: '',
      location: 'src/test/java/com/browserstack/BStackDemoTest.java',
      meta: {},
      result: 'pending',
      duration_in_ms: null,
      started_at: '2026-08-01T15:28:25.078Z',
      failure: undefined,
      failure_type: undefined,
      failure_reason: undefined,
      retry_of: null,
      custom_metadata: {},
      tags: [],
      customRerunParam: { rerun_name: 'BStackDemo-1' },
      hooks: [],
      product_map: {
        observability: true,
        accessibility: false,
        percy: false,
        automate: true,
        app_automate: false,
        lts: false
      },
      integrations: {
        browserstack: {
          product: 'automate',
          session_id: '86a53d0cdb4e93e41901d861a17d25d4da8c11a8',
          capabilities: {
            acceptInsecureCerts: false,
            browserName: 'Safari',
            browserVersion: '15.6.1',
            optimalHubUrl: 'hub-aps.browserstack.com',
            platformName: 'MAC',
            'safari:automaticInspection': false,
            'safari:automaticProfiling': false,
            'safari:diagnose': false,
            'safari:platformBuildVersion': '21G83',
            'safari:platformVersion': '12.5.1',
            'safari:useSimulator': false,
            setWindowRect: true,
            strictFileInteractability: false,
            'webdriver.remote.sessionid': '86a53d0cdb4e93e41901d861a17d25d4da8c11a8',
            'webkit:WebRTC': {
              DisableICECandidateFiltering: false,
              DisableInsecureMediaCapture: false
            }
          },
          platform: 'OS X',
          platform_version: 'Monterey',
          browser: 'Safari',
          browser_version: '15.6'
        }
      }
    },
    logs: []
  }
] to 27397:0
2026-08-01T15:28:25.272Z CLI info  [gzpozzkkrfqwrcm7vcwgl32ti52gz8wo83xqkd3m]  [20f12334-ece9-4e36-9484-763a087b6195]  [PRODUCTION] Making POST request to https://collector-observability.browserstack.com
2026-08-01T15:28:26.319Z CLI info [ai:module]  [gzpozzkkrfqwrcm7vcwgl32ti52gz8wo83xqkd3m]  [20f12334-ece9-4e36-9484-763a087b6195]  beforeSession: 20f12334-ece9-4e36-9484-763a087b6195
2026-08-01T15:28:26.346Z CLI info [testhub:request-queue-handler]  [gzpozzkkrfqwrcm7vcwgl32ti52gz8wo83xqkd3m]  [20f12334-ece9-4e36-9484-763a087b6195]  Added the event {
  event_type: 'HookRunFinished',
  hook_run: {
    type: 'hook',
    hook_type: 'BEFORE_METHOD',
    framework: 'TestNG',
    uuid: 'aa50bec4-d136-4439-a297-7c4c6abc9b56',
    name: 'setUp',
    result: 'passed',
    test_run_id: '92e89495-c2e7-4e64-993d-99c9d5ae56bb',
    body: { lang: 'java', code: null },
    scope: 'Cross-Platform.com.browserstack.BStackDemoTest',
    custom_metadata: {},
    tags: [],
    scopes: [ 'Cross-Platform', 'com.browserstack.BStackDemoTest' ],
    file_name: 'testng-browserstack-master/src/test/java/com/browserstack/BStackDemoTest.java',
    vc_filepath: '',
    location: 'testng-browserstack-master/src/test/java/com/browserstack/BStackDemoTest.java',
    started_at: '2026-08-01T15:28:13.956Z',
    finished_at: '2026-08-01T15:28:26.342Z'
  },
  logs: []
} to 27397:0
2026-08-01T15:28:26.358Z CLI info [testhub:request-queue-handler]  [gzpozzkkrfqwrcm7vcwgl32ti52gz8wo83xqkd3m]  [20f12334-ece9-4e36-9484-763a087b6195]  Added the event {
  event_type: 'CBTSessionCreated',
  test_run: {
    uuid: '92e89495-c2e7-4e64-993d-99c9d5ae56bb',
    integrations: { browserstack: [Object] }
  }
} to 27397:0
2026-08-01T15:28:26.364Z CLI info [testhub:request-queue-handler]  [gzpozzkkrfqwrcm7vcwgl32ti52gz8wo83xqkd3m]  [20f12334-ece9-4e36-9484-763a087b6195]  Added the event {
  event_type: 'TestRunStarted',
  test_run: {
    type: 'test',
    framework: 'TestNG',
    uuid: '92e89495-c2e7-4e64-993d-99c9d5ae56bb',
    name: 'addProductToCart',
    body: {
      lang: 'java',
      code: 'public void com.browserstack.BStackDemoTest.addProductToCart() throws java.lang.Exception'
    },
    identifier: 'addProductToCart',
    scope: 'Cross-Platform.com.browserstack.BStackDemoTest',
    scopes: [ 'Cross-Platform', 'com.browserstack.BStackDemoTest' ],
    file_name: 'src/test/java/com/browserstack/BStackDemoTest.java',
    vc_filepath: '',
    location: 'src/test/java/com/browserstack/BStackDemoTest.java',
    meta: {},
    result: 'pending',
    duration_in_ms: null,
    started_at: '2026-08-01T15:28:26.352Z',
    failure: undefined,
    failure_type: undefined,
    failure_reason: undefined,
    retry_of: null,
    custom_metadata: {},
    tags: [],
    customRerunParam: { rerun_name: 'BStackDemo-0' },
    hooks: [],
    product_map: {
      observability: true,
      accessibility: false,
      percy: false,
      automate: true,
      app_automate: false,
      lts: false
    },
    integrations: { browserstack: [Object] }
  },
  logs: []
} to 27397:0
2026-08-01T15:28:27.274Z CLI info [testhub:request-queue-handler]  [gzpozzkkrfqwrcm7vcwgl32ti52gz8wo83xqkd3m]  [20f12334-ece9-4e36-9484-763a087b6195]  Processing batch event [
  {
    event_type: 'HookRunFinished',
    hook_run: {
      type: 'hook',
      hook_type: 'BEFORE_METHOD',
      framework: 'TestNG',
      uuid: 'aa50bec4-d136-4439-a297-7c4c6abc9b56',
      name: 'setUp',
      result: 'passed',
      test_run_id: '92e89495-c2e7-4e64-993d-99c9d5ae56bb',
      body: { lang: 'java', code: null },
      scope: 'Cross-Platform.com.browserstack.BStackDemoTest',
      custom_metadata: {},
      tags: [],
      scopes: [ 'Cross-Platform', 'com.browserstack.BStackDemoTest' ],
      file_name: 'testng-browserstack-master/src/test/java/com/browserstack/BStackDemoTest.java',
      vc_filepath: '',
      location: 'testng-browserstack-master/src/test/java/com/browserstack/BStackDemoTest.java',
      started_at: '2026-08-01T15:28:13.956Z',
      finished_at: '2026-08-01T15:28:26.342Z'
    },
    logs: []
  },
  {
    event_type: 'CBTSessionCreated',
    test_run: {
      uuid: '92e89495-c2e7-4e64-993d-99c9d5ae56bb',
      integrations: {
        browserstack: {
          product: 'automate',
          session_id: '52e22cafa2bad30d2e5773a35e25a18246c136b9',
          capabilities: {
            acceptInsecureCerts: false,
            browserName: 'chrome',
            browserVersion: '148.0.7778.97',
            chrome: {
              chromedriverVersion: '148.0.7778.97 (6b3fa66a923a9442c8ab0bc71b4b41ff24528d3b-refs/branch-heads/7778@{#1905})',
              userDataDir: 'C:\\Windows\\proxy\\scoped_dir13504_255927164'
            },
            'fedcm:accounts': true,
            'goog:chromeOptions': { debuggerAddress: 'localhost:6709' },
            'goog:processID': 13336,
            networkConnectionEnabled: false,
            optimalHubUrl: 'hub-aps.browserstack.com',
            pageLoadStrategy: 'normal',
            platformName: 'WINDOWS',
            proxy: {
              proxyType: 'UNSPECIFIED',
              autodetect: false,
              ftpProxy: null,
              httpProxy: null,
              noProxy: null,
              sslProxy: null,
              socksProxy: null,
              socksVersion: null,
              socksUsername: null,
              socksPassword: null,
              proxyAutoconfigUrl: null
            },
            setWindowRect: true,
            strictFileInteractability: false,
            timeouts: { implicit: 0, pageLoad: 300000, script: 30000 },
            unhandledPromptBehavior: 'dismiss and notify',
            'webauthn:extension:credBlob': true,
            'webauthn:extension:largeBlob': true,
            'webauthn:extension:minPinLength': true,
            'webauthn:extension:prf': true,
            'webauthn:virtualAuthenticators': true,
            'webdriver.remote.sessionid': '52e22cafa2bad30d2e5773a35e25a18246c136b9'
          },
          platform: 'Windows',
          platform_version: '11',
          browser: 'Chrome',
          browser_version: '148.0'
        }
      }
    }
  },
  {
    event_type: 'TestRunStarted',
    test_run: {
      type: 'test',
      framework: 'TestNG',
      uuid: '92e89495-c2e7-4e64-993d-99c9d5ae56bb',
      name: 'addProductToCart',
      body: {
        lang: 'java',
        code: 'public void com.browserstack.BStackDemoTest.addProductToCart() throws java.lang.Exception'
      },
      identifier: 'addProductToCart',
      scope: 'Cross-Platform.com.browserstack.BStackDemoTest',
      scopes: [ 'Cross-Platform', 'com.browserstack.BStackDemoTest' ],
      file_name: 'src/test/java/com/browserstack/BStackDemoTest.java',
      vc_filepath: '',
      location: 'src/test/java/com/browserstack/BStackDemoTest.java',
      meta: {},
      result: 'pending',
      duration_in_ms: null,
      started_at: '2026-08-01T15:28:26.352Z',
      failure: undefined,
      failure_type: undefined,
      failure_reason: undefined,
      retry_of: null,
      custom_metadata: {},
      tags: [],
      customRerunParam: { rerun_name: 'BStackDemo-0' },
      hooks: [],
      product_map: {
        observability: true,
        accessibility: false,
        percy: false,
        automate: true,
        app_automate: false,
        lts: false
      },
      integrations: {
        browserstack: {
          product: 'automate',
          session_id: '52e22cafa2bad30d2e5773a35e25a18246c136b9',
          capabilities: {
            acceptInsecureCerts: false,
            browserName: 'chrome',
            browserVersion: '148.0.7778.97',
            chrome: {
              chromedriverVersion: '148.0.7778.97 (6b3fa66a923a9442c8ab0bc71b4b41ff24528d3b-refs/branch-heads/7778@{#1905})',
              userDataDir: 'C:\\Windows\\proxy\\scoped_dir13504_255927164'
            },
            'fedcm:accounts': true,
            'goog:chromeOptions': { debuggerAddress: 'localhost:6709' },
            'goog:processID': 13336,
            networkConnectionEnabled: false,
            optimalHubUrl: 'hub-aps.browserstack.com',
            pageLoadStrategy: 'normal',
            platformName: 'WINDOWS',
            proxy: {
              proxyType: 'UNSPECIFIED',
              autodetect: false,
              ftpProxy: null,
              httpProxy: null,
              noProxy: null,
              sslProxy: null,
              socksProxy: null,
              socksVersion: null,
              socksUsername: null,
              socksPassword: null,
              proxyAutoconfigUrl: null
            },
            setWindowRect: true,
            strictFileInteractability: false,
            timeouts: { implicit: 0, pageLoad: 300000, script: 30000 },
            unhandledPromptBehavior: 'dismiss and notify',
            'webauthn:extension:credBlob': true,
            'webauthn:extension:largeBlob': true,
            'webauthn:extension:minPinLength': true,
            'webauthn:extension:prf': true,
            'webauthn:virtualAuthenticators': true,
            'webdriver.remote.sessionid': '52e22cafa2bad30d2e5773a35e25a18246c136b9'
          },
          platform: 'Windows',
          platform_version: '11',
          browser: 'Chrome',
          browser_version: '148.0'
        }
      }
    },
    logs: []
  }
] to 27397:0
2026-08-01T15:28:27.276Z CLI info  [gzpozzkkrfqwrcm7vcwgl32ti52gz8wo83xqkd3m]  [20f12334-ece9-4e36-9484-763a087b6195]  [PRODUCTION] Making POST request to https://collector-observability.browserstack.com
2026-08-01T15:28:30.850Z CLI warn [TEST REPORTING AND ANALYTICS:java:testng]  [gzpozzkkrfqwrcm7vcwgl32ti52gz8wo83xqkd3m]  [20f12334-ece9-4e36-9484-763a087b6195]  TestRunFinished: event={"test_hook_last_started":"BEFORE_METHOD","test_failure_type":"UnhandledError","test_rerun_name":"BStackDemo-1","test_result_at":"2026-08-01T20:58:30.246845","test_scope":"Cross-Platform.com.browserstack.BStackDemoTest","test_framework_name":"TestNG","test_tags":"","cbt_session_created":true,"test_started_at":"2026-08-01T20:58:25.078382","platform_index":1,"test_failure":[{"backtrace":["org.openqa.selenium.NoSuchElementException: For documentation on this error, please visit: https://www.selenium.dev/documentation/webdriver/troubleshooting/errors#no-such-element-exception","Build info: version: '4.34.0', revision: '707dcb4246*'","System info: os.name: 'Mac OS X', os.arch: 'aarch64', os.version: '26.5.1', java.version: '22.0.1'","Driver info: org.openqa.selenium.chrome.ChromeDriver","Command: [86a53d0cdb4e93e41901d861a17d25d4da8c11a8, findElement {using=xpath, value=//*[@id=\"1\"]/p}]","Capabilities {acceptInsecureCerts: false, browserName: Safari, browserVersion: 15.6.1, optimalHubUrl: hub-aps.browserstack.com, platformName: mac, safari:automaticInspection: false, safari:automaticProfiling: false, safari:diagnose: false, safari:platformBuildVersion: 21G83, safari:platformVersion: 12.5.1, safari:useSimulator: false, setWindowRect: true, strictFileInteractability: false, webdriver.remote.sessionid: 86a53d0cdb4e93e41901d861a17..., webkit:WebRTC: {DisableICECandidateFiltering: false, DisableInsecureMediaCapture: false}}","Session ID: 86a53d0cdb4e93e41901d861a17d25d4da8c11a8","\tat java.base/jdk.internal.reflect.DirectConstructorHandleAccessor.newInstance(DirectConstructorHandleAccessor.java:62)","\tat java.base/java.lang.reflect.Constructor.newInstanceWithCaller(Constructor.java:502)","\tat java.base/java.lang.reflect.Constructor.newInstance(Constructor.java:486)","\tat org.openqa.selenium.remote.ErrorCodec.decode(ErrorCodec.java:167)","\tat org.openqa.selenium.remote.codec.w3c.W3CHttpResponseCodec.decode(W3CHttpResponseCodec.java:138)","\tat org.openqa.selenium.remote.codec.w3c.W3CHttpResponseCodec.decode(W3CHttpResponseCodec.java:50)","\tat org.openqa.selenium.remote.HttpCommandExecutor.execute(HttpCommandExecutor.java:215)","\tat org.openqa.selenium.remote.RemoteWebDriver.execute(RemoteWebDriver.java:544)","\tat org.openqa.selenium.remote.ElementLocation$ElementFinder$2.findElement(ElementLocation.java:165)","\tat org.openqa.selenium.remote.ElementLocation.findElement(ElementLocation.java:59)","\tat org.openqa.selenium.remote.RemoteWebDriver.findElement(RemoteWebDriver.java:367)","\tat org.openqa.selenium.remote.RemoteWebDriver.findElement(RemoteWebDriver.java:361)","\tat com.browserstack.BStackDemoTest.addProductToCart(BStackDemoTest.java:18)","\tat java.base/jdk.internal.reflect.DirectMethodHandleAccessor.invoke(DirectMethodHandleAccessor.java:103)","\tat java.base/java.lang.reflect.Method.invoke(Method.java:580)","\tat org.testng.internal.MethodInvocationHelper.invokeMethod(MethodInvocationHelper.java:133)","\tat org.testng.internal.TestInvoker.invokeMethod(TestInvoker.java:598)","\tat org.testng.internal.TestInvoker.invokeTestMethod(TestInvoker.java:173)","\tat org.testng.internal.MethodRunner.runInSequence(MethodRunner.java:46)","\tat org.testng.internal.TestInvoker$MethodInvocationAgent.invoke(TestInvoker.java:824)","\tat org.testng.internal.TestInvoker.invokeTestMethods(TestInvoker.java:146)","\tat org.testng.internal.TestMethodWorker.invokeTestMethods(TestMethodWorker.java:146)","\tat org.testng.internal.TestMethodWorker.run(TestMethodWorker.java:128)","\tat java.base/java.util.ArrayList.forEach(ArrayList.java:1597)","\tat org.testng.TestRunner.privateRun(TestRunner.java:794)","\tat org.testng.TestRunner.run(TestRunner.java:596)","\tat org.testng.SuiteRunner.runTest(SuiteRunner.java:377)","\tat org.testng.SuiteRunner.access$000(SuiteRunner.java:28)","\tat org.testng.SuiteRunner$SuiteWorker.run(SuiteRunner.java:418)","\tat org.testng.internal.thread.ThreadUtil.lambda$execute$0(ThreadUtil.java:64)","\tat java.base/java.util.concurrent.FutureTask.run(FutureTask.java:317)","\tat java.base/java.util.concurrent.ThreadPoolExecutor.runWorker(ThreadPoolExecutor.java:1144)","\tat java.base/java.util.concurrent.ThreadPoolExecutor$Worker.run(ThreadPoolExecutor.java:642)","\tat java.base/java.lang.Thread.run(Thread.java:1570)"]}],"test_framework_version":"7.4.0","test_logs":[],"test_scopes":["Cross-Platform","com.browserstack.BStackDemoTest"],"test_code":"public void com.browserstack.BStackDemoTest.addProductToCart() throws java.lang.Exception","test_id":"BStackDemo-1@1","test_uuid":"95ba0524-82fb-4838-9c45-f8bfe93485b1","test_ended_at":"2026-08-01T20:58:30.248953","automate_session_name":"BStackDemo-11","hookAttachStartMs":1785598093868,"test_hook_last_finished":"BEFORE_METHOD","test_session_name":"com.browserstack.BStackDemoTest-addProductToCart","custom_metadata":{},"test_failure_reason":"org.openqa.selenium.NoSuchElementException: For documentation on this error, please visit: https://www.selenium.dev/documentation/webdriver/troubleshooting/errors#no-such-element-exception\nBuild info: version: '4.34.0', revision: '707dcb4246*'\nSystem info: os.name: 'Mac OS X', os.arch: 'aarch64', os.version: '26.5.1', java.version: '22.0.1'\nDriver info: org.openqa.selenium.chrome.ChromeDriver\nCommand: [86a53d0cdb4e93e41901d861a17d25d4da8c11a8, findElement {using=xpath, value=//*[@id=\"1\"]/p}]\nCapabilities {acceptInsecureCerts: false, browserName: Safari, browserVersion: 15.6.1, optimalHubUrl: hub-aps.browserstack.com, platformName: mac, safari:automaticInspection: false, safari:automaticProfiling: false, safari:diagnose: false, safari:platformBuildVersion: 21G83, safari:platformVersion: 12.5.1, safari:useSimulator: false, setWindowRect: true, strictFileInteractability: false, webdriver.remote.sessionid: 86a53d0cdb4e93e41901d861a17..., webkit:WebRTC: {DisableICECandidateFiltering: false, DisableInsecureMediaCapture: false}}\nSession ID: 86a53d0cdb4e93e41901d861a17d25d4da8c11a8","test_location":"src/test/java/com/browserstack/BStackDemoTest.java","test_hooks_started":{"BEFORE_METHOD":[]},"test_file_path":"src/test/java/com/browserstack/BStackDemoTest.java","test_result":"failed","test_hooks_finished":{"BEFORE_METHOD":[{"hook_name":"setUp","hook_result":"passed","test_file_path":"testng-browserstack-master/src/test/java/com/browserstack/BStackDemoTest.java","event_started_at":"2026-08-01T20:58:13.953468","hook_id":"ea8289a1-e266-43b0-8c18-4e5dacb9b5c7","hook_logs":[],"logs":[],"key":"BEFORE_METHOD","custom_metadata":{},"event_ended_at":"2026-08-01T20:58:25.065932","test_location":"testng-browserstack-master/src/test/java/com/browserstack/BStackDemoTest.java"}]},"hook_id":"ea8289a1-e266-43b0-8c18-4e5dacb9b5c7","test_meta":{},"isBrowserstackAutomationSession":true,"test_name":"addProductToCart","logs":[]}
2026-08-01T15:28:30.851Z CLI info [testhub:request-queue-handler]  [gzpozzkkrfqwrcm7vcwgl32ti52gz8wo83xqkd3m]  [20f12334-ece9-4e36-9484-763a087b6195]  Added the event {
  event_type: 'TestRunFinished',
  test_run: {
    type: 'test',
    framework: 'TestNG',
    uuid: '95ba0524-82fb-4838-9c45-f8bfe93485b1',
    name: 'addProductToCart',
    body: {
      lang: 'java',
      code: 'public void com.browserstack.BStackDemoTest.addProductToCart() throws java.lang.Exception'
    },
    identifier: 'addProductToCart',
    scope: 'Cross-Platform.com.browserstack.BStackDemoTest',
    scopes: [ 'Cross-Platform', 'com.browserstack.BStackDemoTest' ],
    file_name: 'src/test/java/com/browserstack/BStackDemoTest.java',
    vc_filepath: '',
    location: 'src/test/java/com/browserstack/BStackDemoTest.java',
    meta: {},
    result: 'failed',
    duration_in_ms: 5170,
    started_at: '2026-08-01T15:28:25.078Z',
    finished_at: '2026-08-01T15:28:30.248Z',
    failure: [ [Object] ],
    failure_type: 'UnhandledError',
    failure_reason: 'org.openqa.selenium.NoSuchElementException: For documentation on this error, please visit: https://www.selenium.dev/documentation/webdriver/troubleshooting/errors#no-such-element-exception\n' +
      "Build info: version: '4.34.0', revision: '707dcb4246*'\n" +
      "System info: os.name: 'Mac OS X', os.arch: 'aarch64', os.version: '26.5.1', java.version: '22.0.1'\n" +
      'Driver info: org.openqa.selenium.chrome.ChromeDriver\n' +
      'Command: [86a53d0cdb4e93e41901d861a17d25d4da8c11a8, findElement {using=xpath, value=//*[@id="1"]/p}]\n' +
      'Capabilities {acceptInsecureCerts: false, browserName: Safari, browserVersion: 15.6.1, optimalHubUrl: hub-aps.browserstack.com, platformName: mac, safari:automaticInspection: false, safari:automaticProfiling: false, safari:diagnose: false, safari:platformBuildVersion: 21G83, safari:platformVersion: 12.5.1, safari:useSimulator: false, setWindowRect: true, strictFileInteractability: false, webdriver.remote.sessionid: 86a53d0cdb4e93e41901d861a17..., webkit:WebRTC: {DisableICECandidateFiltering: false, DisableInsecureMediaCapture: false}}\n' +
      'Session ID: 86a53d0cdb4e93e41901d861a17d25d4da8c11a8',
    retry_of: null,
    custom_metadata: {},
    tags: [],
    customRerunParam: { rerun_name: 'BStackDemo-1' },
    hooks: [ 'ea8289a1-e266-43b0-8c18-4e5dacb9b5c7' ],
    product_map: {
      observability: true,
      accessibility: false,
      percy: false,
      automate: true,
      app_automate: false,
      lts: false
    }
  },
  logs: []
} to 27397:0
2026-08-01T15:28:30.865Z CLI info [testhub:request-queue-handler]  [gzpozzkkrfqwrcm7vcwgl32ti52gz8wo83xqkd3m]  [20f12334-ece9-4e36-9484-763a087b6195]  Added the event {
  event_type: 'CBTSessionCreated',
  test_run: {
    uuid: 'c088ea24-506e-409d-8cbf-6121277d5686',
    integrations: { browserstack: [Object] }
  }
} to 27397:0
2026-08-01T15:28:30.869Z CLI info [testhub:request-queue-handler]  [gzpozzkkrfqwrcm7vcwgl32ti52gz8wo83xqkd3m]  [20f12334-ece9-4e36-9484-763a087b6195]  Added the event {
  event_type: 'HookRunStarted',
  hook_run: {
    type: 'hook',
    hook_type: 'AFTER_METHOD',
    framework: 'TestNG',
    uuid: 'c088ea24-506e-409d-8cbf-6121277d5686',
    name: 'tearDown',
    result: 'pending',
    test_run_id: '95ba0524-82fb-4838-9c45-f8bfe93485b1',
    body: { lang: 'java', code: null },
    scope: 'Cross-Platform.com.browserstack.BStackDemoTest',
    custom_metadata: {},
    tags: [],
    scopes: [ 'Cross-Platform', 'com.browserstack.BStackDemoTest' ],
    file_name: 'testng-browserstack-master/src/test/java/com/browserstack/BStackDemoTest.java',
    vc_filepath: '',
    location: 'testng-browserstack-master/src/test/java/com/browserstack/BStackDemoTest.java',
    started_at: '2026-08-01T15:28:30.861Z'
  },
  logs: []
} to 27397:0
2026-08-01T15:28:31.276Z CLI info [testhub:request-queue-handler]  [gzpozzkkrfqwrcm7vcwgl32ti52gz8wo83xqkd3m]  [20f12334-ece9-4e36-9484-763a087b6195]  Processing batch event [
  {
    event_type: 'TestRunFinished',
    test_run: {
      type: 'test',
      framework: 'TestNG',
      uuid: '95ba0524-82fb-4838-9c45-f8bfe93485b1',
      name: 'addProductToCart',
      body: {
        lang: 'java',
        code: 'public void com.browserstack.BStackDemoTest.addProductToCart() throws java.lang.Exception'
      },
      identifier: 'addProductToCart',
      scope: 'Cross-Platform.com.browserstack.BStackDemoTest',
      scopes: [ 'Cross-Platform', 'com.browserstack.BStackDemoTest' ],
      file_name: 'src/test/java/com/browserstack/BStackDemoTest.java',
      vc_filepath: '',
      location: 'src/test/java/com/browserstack/BStackDemoTest.java',
      meta: {},
      result: 'failed',
      duration_in_ms: 5170,
      started_at: '2026-08-01T15:28:25.078Z',
      finished_at: '2026-08-01T15:28:30.248Z',
      failure: [
        {
          backtrace: [
            'org.openqa.selenium.NoSuchElementException: For documentation on this error, please visit: https://www.selenium.dev/documentation/webdriver/troubleshooting/errors#no-such-element-exception',
            "Build info: version: '4.34.0', revision: '707dcb4246*'",
            "System info: os.name: 'Mac OS X', os.arch: 'aarch64', os.version: '26.5.1', java.version: '22.0.1'",
            'Driver info: org.openqa.selenium.chrome.ChromeDriver',
            'Command: [86a53d0cdb4e93e41901d861a17d25d4da8c11a8, findElement {using=xpath, value=//*[@id="1"]/p}]',
            'Capabilities {acceptInsecureCerts: false, browserName: Safari, browserVersion: 15.6.1, optimalHubUrl: hub-aps.browserstack.com, platformName: mac, safari:automaticInspection: false, safari:automaticProfiling: false, safari:diagnose: false, safari:platformBuildVersion: 21G83, safari:platformVersion: 12.5.1, safari:useSimulator: false, setWindowRect: true, strictFileInteractability: false, webdriver.remote.sessionid: 86a53d0cdb4e93e41901d861a17..., webkit:WebRTC: {DisableICECandidateFiltering: false, DisableInsecureMediaCapture: false}}',
            'Session ID: 86a53d0cdb4e93e41901d861a17d25d4da8c11a8',
            '\tat java.base/jdk.internal.reflect.DirectConstructorHandleAccessor.newInstance(DirectConstructorHandleAccessor.java:62)',
            '\tat java.base/java.lang.reflect.Constructor.newInstanceWithCaller(Constructor.java:502)',
            '\tat java.base/java.lang.reflect.Constructor.newInstance(Constructor.java:486)',
            '\tat org.openqa.selenium.remote.ErrorCodec.decode(ErrorCodec.java:167)',
            '\tat org.openqa.selenium.remote.codec.w3c.W3CHttpResponseCodec.decode(W3CHttpResponseCodec.java:138)',
            '\tat org.openqa.selenium.remote.codec.w3c.W3CHttpResponseCodec.decode(W3CHttpResponseCodec.java:50)',
            '\tat org.openqa.selenium.remote.HttpCommandExecutor.execute(HttpCommandExecutor.java:215)',
            '\tat org.openqa.selenium.remote.RemoteWebDriver.execute(RemoteWebDriver.java:544)',
            '\tat org.openqa.selenium.remote.ElementLocation$ElementFinder$2.findElement(ElementLocation.java:165)',
            '\tat org.openqa.selenium.remote.ElementLocation.findElement(ElementLocation.java:59)',
            '\tat org.openqa.selenium.remote.RemoteWebDriver.findElement(RemoteWebDriver.java:367)',
            '\tat org.openqa.selenium.remote.RemoteWebDriver.findElement(RemoteWebDriver.java:361)',
            '\tat com.browserstack.BStackDemoTest.addProductToCart(BStackDemoTest.java:18)',
            '\tat java.base/jdk.internal.reflect.DirectMethodHandleAccessor.invoke(DirectMethodHandleAccessor.java:103)',
            '\tat java.base/java.lang.reflect.Method.invoke(Method.java:580)',
            '\tat org.testng.internal.MethodInvocationHelper.invokeMethod(MethodInvocationHelper.java:133)',
            '\tat org.testng.internal.TestInvoker.invokeMethod(TestInvoker.java:598)',
            '\tat org.testng.internal.TestInvoker.invokeTestMethod(TestInvoker.java:173)',
            '\tat org.testng.internal.MethodRunner.runInSequence(MethodRunner.java:46)',
            '\tat org.testng.internal.TestInvoker$MethodInvocationAgent.invoke(TestInvoker.java:824)',
            '\tat org.testng.internal.TestInvoker.invokeTestMethods(TestInvoker.java:146)',
            '\tat org.testng.internal.TestMethodWorker.invokeTestMethods(TestMethodWorker.java:146)',
            '\tat org.testng.internal.TestMethodWorker.run(TestMethodWorker.java:128)',
            '\tat java.base/java.util.ArrayList.forEach(ArrayList.java:1597)',
            '\tat org.testng.TestRunner.privateRun(TestRunner.java:794)',
            '\tat org.testng.TestRunner.run(TestRunner.java:596)',
            '\tat org.testng.SuiteRunner.runTest(SuiteRunner.java:377)',
            '\tat org.testng.SuiteRunner.access$000(SuiteRunner.java:28)',
            '\tat org.testng.SuiteRunner$SuiteWorker.run(SuiteRunner.java:418)',
            '\tat org.testng.internal.thread.ThreadUtil.lambda$execute$0(ThreadUtil.java:64)',
            '\tat java.base/java.util.concurrent.FutureTask.run(FutureTask.java:317)',
            '\tat java.base/java.util.concurrent.ThreadPoolExecutor.runWorker(ThreadPoolExecutor.java:1144)',
            '\tat java.base/java.util.concurrent.ThreadPoolExecutor$Worker.run(ThreadPoolExecutor.java:642)',
            '\tat java.base/java.lang.Thread.run(Thread.java:1570)'
          ]
        }
      ],
      failure_type: 'UnhandledError',
      failure_reason: 'org.openqa.selenium.NoSuchElementException: For documentation on this error, please visit: https://www.selenium.dev/documentation/webdriver/troubleshooting/errors#no-such-element-exception\n' +
        "Build info: version: '4.34.0', revision: '707dcb4246*'\n" +
        "System info: os.name: 'Mac OS X', os.arch: 'aarch64', os.version: '26.5.1', java.version: '22.0.1'\n" +
        'Driver info: org.openqa.selenium.chrome.ChromeDriver\n' +
        'Command: [86a53d0cdb4e93e41901d861a17d25d4da8c11a8, findElement {using=xpath, value=//*[@id="1"]/p}]\n' +
        'Capabilities {acceptInsecureCerts: false, browserName: Safari, browserVersion: 15.6.1, optimalHubUrl: hub-aps.browserstack.com, platformName: mac, safari:automaticInspection: false, safari:automaticProfiling: false, safari:diagnose: false, safari:platformBuildVersion: 21G83, safari:platformVersion: 12.5.1, safari:useSimulator: false, setWindowRect: true, strictFileInteractability: false, webdriver.remote.sessionid: 86a53d0cdb4e93e41901d861a17..., webkit:WebRTC: {DisableICECandidateFiltering: false, DisableInsecureMediaCapture: false}}\n' +
        'Session ID: 86a53d0cdb4e93e41901d861a17d25d4da8c11a8',
      retry_of: null,
      custom_metadata: {},
      tags: [],
      customRerunParam: { rerun_name: 'BStackDemo-1' },
      hooks: [ 'ea8289a1-e266-43b0-8c18-4e5dacb9b5c7' ],
      product_map: {
        observability: true,
        accessibility: false,
        percy: false,
        automate: true,
        app_automate: false,
        lts: false
      }
    },
    logs: []
  },
  {
    event_type: 'CBTSessionCreated',
    test_run: {
      uuid: 'c088ea24-506e-409d-8cbf-6121277d5686',
      integrations: {
        browserstack: {
          product: 'automate',
          session_id: '86a53d0cdb4e93e41901d861a17d25d4da8c11a8',
          capabilities: {
            acceptInsecureCerts: false,
            browserName: 'Safari',
            browserVersion: '15.6.1',
            optimalHubUrl: 'hub-aps.browserstack.com',
            platformName: 'MAC',
            'safari:automaticInspection': false,
            'safari:automaticProfiling': false,
            'safari:diagnose': false,
            'safari:platformBuildVersion': '21G83',
            'safari:platformVersion': '12.5.1',
            'safari:useSimulator': false,
            setWindowRect: true,
            strictFileInteractability: false,
            'webdriver.remote.sessionid': '86a53d0cdb4e93e41901d861a17d25d4da8c11a8',
            'webkit:WebRTC': {
              DisableICECandidateFiltering: false,
              DisableInsecureMediaCapture: false
            }
          },
          platform: 'OS X',
          platform_version: 'Monterey',
          browser: 'Safari',
          browser_version: '15.6'
        }
      }
    }
  },
  {
    event_type: 'HookRunStarted',
    hook_run: {
      type: 'hook',
      hook_type: 'AFTER_METHOD',
      framework: 'TestNG',
      uuid: 'c088ea24-506e-409d-8cbf-6121277d5686',
      name: 'tearDown',
      result: 'pending',
      test_run_id: '95ba0524-82fb-4838-9c45-f8bfe93485b1',
      body: { lang: 'java', code: null },
      scope: 'Cross-Platform.com.browserstack.BStackDemoTest',
      custom_metadata: {},
      tags: [],
      scopes: [ 'Cross-Platform', 'com.browserstack.BStackDemoTest' ],
      file_name: 'testng-browserstack-master/src/test/java/com/browserstack/BStackDemoTest.java',
      vc_filepath: '',
      location: 'testng-browserstack-master/src/test/java/com/browserstack/BStackDemoTest.java',
      started_at: '2026-08-01T15:28:30.861Z'
    },
    logs: []
  }
] to 27397:0
2026-08-01T15:28:31.277Z CLI info  [gzpozzkkrfqwrcm7vcwgl32ti52gz8wo83xqkd3m]  [20f12334-ece9-4e36-9484-763a087b6195]  [PRODUCTION] Making POST request to https://collector-observability.browserstack.com
2026-08-01T15:28:32.786Z CLI info [testhub:request-queue-handler]  [gzpozzkkrfqwrcm7vcwgl32ti52gz8wo83xqkd3m]  [20f12334-ece9-4e36-9484-763a087b6195]  Added the event {
  event_type: 'HookRunFinished',
  hook_run: {
    type: 'hook',
    hook_type: 'AFTER_METHOD',
    framework: 'TestNG',
    uuid: 'c088ea24-506e-409d-8cbf-6121277d5686',
    name: 'tearDown',
    result: 'passed',
    test_run_id: '95ba0524-82fb-4838-9c45-f8bfe93485b1',
    body: { lang: 'java', code: null },
    scope: 'Cross-Platform.com.browserstack.BStackDemoTest',
    custom_metadata: {},
    tags: [],
    scopes: [ 'Cross-Platform', 'com.browserstack.BStackDemoTest' ],
    file_name: 'testng-browserstack-master/src/test/java/com/browserstack/BStackDemoTest.java',
    vc_filepath: '',
    location: 'testng-browserstack-master/src/test/java/com/browserstack/BStackDemoTest.java',
    started_at: '2026-08-01T15:28:30.861Z',
    finished_at: '2026-08-01T15:28:32.779Z'
  },
  logs: []
} to 27397:0
2026-08-01T15:28:33.277Z CLI info [testhub:request-queue-handler]  [gzpozzkkrfqwrcm7vcwgl32ti52gz8wo83xqkd3m]  [20f12334-ece9-4e36-9484-763a087b6195]  Processing batch event [
  {
    event_type: 'HookRunFinished',
    hook_run: {
      type: 'hook',
      hook_type: 'AFTER_METHOD',
      framework: 'TestNG',
      uuid: 'c088ea24-506e-409d-8cbf-6121277d5686',
      name: 'tearDown',
      result: 'passed',
      test_run_id: '95ba0524-82fb-4838-9c45-f8bfe93485b1',
      body: { lang: 'java', code: null },
      scope: 'Cross-Platform.com.browserstack.BStackDemoTest',
      custom_metadata: {},
      tags: [],
      scopes: [ 'Cross-Platform', 'com.browserstack.BStackDemoTest' ],
      file_name: 'testng-browserstack-master/src/test/java/com/browserstack/BStackDemoTest.java',
      vc_filepath: '',
      location: 'testng-browserstack-master/src/test/java/com/browserstack/BStackDemoTest.java',
      started_at: '2026-08-01T15:28:30.861Z',
      finished_at: '2026-08-01T15:28:32.779Z'
    },
    logs: []
  }
] to 27397:0
2026-08-01T15:28:33.280Z CLI info  [gzpozzkkrfqwrcm7vcwgl32ti52gz8wo83xqkd3m]  [20f12334-ece9-4e36-9484-763a087b6195]  [PRODUCTION] Making POST request to https://collector-observability.browserstack.com
2026-08-01T15:28:35.849Z CLI info [ai:module]  [gzpozzkkrfqwrcm7vcwgl32ti52gz8wo83xqkd3m]  [20f12334-ece9-4e36-9484-763a087b6195]  beforeSession: 20f12334-ece9-4e36-9484-763a087b6195
2026-08-01T15:28:35.871Z CLI info [testhub:request-queue-handler]  [gzpozzkkrfqwrcm7vcwgl32ti52gz8wo83xqkd3m]  [20f12334-ece9-4e36-9484-763a087b6195]  Added the event {
  event_type: 'HookRunFinished',
  hook_run: {
    type: 'hook',
    hook_type: 'BEFORE_METHOD',
    framework: 'TestNG',
    uuid: 'ad5bf394-6d28-4719-b3ee-4849ceb01438',
    name: 'setUp',
    result: 'passed',
    test_run_id: 'df25e4a5-7473-4ca1-a3b2-8eda34a14fb8',
    body: { lang: 'java', code: null },
    scope: 'Cross-Platform.com.browserstack.BStackDemoTest',
    custom_metadata: {},
    tags: [],
    scopes: [ 'Cross-Platform', 'com.browserstack.BStackDemoTest' ],
    file_name: 'testng-browserstack-master/src/test/java/com/browserstack/BStackDemoTest.java',
    vc_filepath: '',
    location: 'testng-browserstack-master/src/test/java/com/browserstack/BStackDemoTest.java',
    started_at: '2026-08-01T15:28:13.945Z',
    finished_at: '2026-08-01T15:28:35.866Z'
  },
  logs: []
} to 27397:0
2026-08-01T15:28:35.880Z CLI info [testhub:request-queue-handler]  [gzpozzkkrfqwrcm7vcwgl32ti52gz8wo83xqkd3m]  [20f12334-ece9-4e36-9484-763a087b6195]  Added the event {
  event_type: 'CBTSessionCreated',
  test_run: {
    uuid: 'df25e4a5-7473-4ca1-a3b2-8eda34a14fb8',
    integrations: { browserstack: [Object] }
  }
} to 27397:0
2026-08-01T15:28:35.885Z CLI info [testhub:request-queue-handler]  [gzpozzkkrfqwrcm7vcwgl32ti52gz8wo83xqkd3m]  [20f12334-ece9-4e36-9484-763a087b6195]  Added the event {
  event_type: 'TestRunStarted',
  test_run: {
    type: 'test',
    framework: 'TestNG',
    uuid: 'df25e4a5-7473-4ca1-a3b2-8eda34a14fb8',
    name: 'addProductToCart',
    body: {
      lang: 'java',
      code: 'public void com.browserstack.BStackDemoTest.addProductToCart() throws java.lang.Exception'
    },
    identifier: 'addProductToCart',
    scope: 'Cross-Platform.com.browserstack.BStackDemoTest',
    scopes: [ 'Cross-Platform', 'com.browserstack.BStackDemoTest' ],
    file_name: 'src/test/java/com/browserstack/BStackDemoTest.java',
    vc_filepath: '',
    location: 'src/test/java/com/browserstack/BStackDemoTest.java',
    meta: {},
    result: 'pending',
    duration_in_ms: null,
    started_at: '2026-08-01T15:28:35.876Z',
    failure: undefined,
    failure_type: undefined,
    failure_reason: undefined,
    retry_of: null,
    custom_metadata: {},
    tags: [],
    customRerunParam: { rerun_name: 'BStackDemo-2' },
    hooks: [],
    product_map: {
      observability: true,
      accessibility: false,
      percy: false,
      automate: true,
      app_automate: false,
      lts: false
    },
    integrations: { browserstack: [Object] }
  },
  logs: []
} to 27397:0
2026-08-01T15:28:37.018Z CLI warn [TEST REPORTING AND ANALYTICS:java:testng]  [gzpozzkkrfqwrcm7vcwgl32ti52gz8wo83xqkd3m]  [20f12334-ece9-4e36-9484-763a087b6195]  TestRunFinished: event={"test_hook_last_started":"BEFORE_METHOD","test_failure_type":null,"test_rerun_name":"BStackDemo-0","test_result_at":"2026-08-01T20:58:36.437171","test_scope":"Cross-Platform.com.browserstack.BStackDemoTest","test_framework_name":"TestNG","test_tags":"","cbt_session_created":true,"test_started_at":"2026-08-01T20:58:26.352765","platform_index":0,"test_failure":null,"test_framework_version":"7.4.0","test_logs":[],"test_scopes":["Cross-Platform","com.browserstack.BStackDemoTest"],"test_code":"public void com.browserstack.BStackDemoTest.addProductToCart() throws java.lang.Exception","test_id":"BStackDemo-0@0","test_uuid":"92e89495-c2e7-4e64-993d-99c9d5ae56bb","test_ended_at":"2026-08-01T20:58:36.437516","automate_session_name":"BStackDemo-00","hookAttachStartMs":1785598093868,"test_hook_last_finished":"BEFORE_METHOD","test_session_name":"com.browserstack.BStackDemoTest-addProductToCart","custom_metadata":{},"test_failure_reason":null,"test_location":"src/test/java/com/browserstack/BStackDemoTest.java","test_hooks_started":{"BEFORE_METHOD":[]},"test_file_path":"src/test/java/com/browserstack/BStackDemoTest.java","test_result":"passed","test_hooks_finished":{"BEFORE_METHOD":[{"hook_name":"setUp","hook_result":"passed","test_file_path":"testng-browserstack-master/src/test/java/com/browserstack/BStackDemoTest.java","event_started_at":"2026-08-01T20:58:13.956890","hook_id":"aa50bec4-d136-4439-a297-7c4c6abc9b56","hook_logs":[],"logs":[],"key":"BEFORE_METHOD","custom_metadata":{},"event_ended_at":"2026-08-01T20:58:26.342655","test_location":"testng-browserstack-master/src/test/java/com/browserstack/BStackDemoTest.java"}]},"hook_id":"aa50bec4-d136-4439-a297-7c4c6abc9b56","test_meta":{},"isBrowserstackAutomationSession":true,"test_name":"addProductToCart","logs":[]}
2026-08-01T15:28:37.018Z CLI info [testhub:request-queue-handler]  [gzpozzkkrfqwrcm7vcwgl32ti52gz8wo83xqkd3m]  [20f12334-ece9-4e36-9484-763a087b6195]  Added the event {
  event_type: 'TestRunFinished',
  test_run: {
    type: 'test',
    framework: 'TestNG',
    uuid: '92e89495-c2e7-4e64-993d-99c9d5ae56bb',
    name: 'addProductToCart',
    body: {
      lang: 'java',
      code: 'public void com.browserstack.BStackDemoTest.addProductToCart() throws java.lang.Exception'
    },
    identifier: 'addProductToCart',
    scope: 'Cross-Platform.com.browserstack.BStackDemoTest',
    scopes: [ 'Cross-Platform', 'com.browserstack.BStackDemoTest' ],
    file_name: 'src/test/java/com/browserstack/BStackDemoTest.java',
    vc_filepath: '',
    location: 'src/test/java/com/browserstack/BStackDemoTest.java',
    meta: {},
    result: 'passed',
    duration_in_ms: 10085,
    started_at: '2026-08-01T15:28:26.352Z',
    finished_at: '2026-08-01T15:28:36.437Z',
    failure: null,
    failure_type: null,
    failure_reason: null,
    retry_of: null,
    custom_metadata: {},
    tags: [],
    customRerunParam: { rerun_name: 'BStackDemo-0' },
    hooks: [ 'aa50bec4-d136-4439-a297-7c4c6abc9b56' ],
    product_map: {
      observability: true,
      accessibility: false,
      percy: false,
      automate: true,
      app_automate: false,
      lts: false
    }
  },
  logs: []
} to 27397:0
2026-08-01T15:28:37.034Z CLI info [testhub:request-queue-handler]  [gzpozzkkrfqwrcm7vcwgl32ti52gz8wo83xqkd3m]  [20f12334-ece9-4e36-9484-763a087b6195]  Added the event {
  event_type: 'CBTSessionCreated',
  test_run: {
    uuid: '59e12eda-908d-4354-a31e-19b303ffabb9',
    integrations: { browserstack: [Object] }
  }
} to 27397:0
2026-08-01T15:28:37.038Z CLI info [testhub:request-queue-handler]  [gzpozzkkrfqwrcm7vcwgl32ti52gz8wo83xqkd3m]  [20f12334-ece9-4e36-9484-763a087b6195]  Added the event {
  event_type: 'HookRunStarted',
  hook_run: {
    type: 'hook',
    hook_type: 'AFTER_METHOD',
    framework: 'TestNG',
    uuid: '59e12eda-908d-4354-a31e-19b303ffabb9',
    name: 'tearDown',
    result: 'pending',
    test_run_id: '92e89495-c2e7-4e64-993d-99c9d5ae56bb',
    body: { lang: 'java', code: null },
    scope: 'Cross-Platform.com.browserstack.BStackDemoTest',
    custom_metadata: {},
    tags: [],
    scopes: [ 'Cross-Platform', 'com.browserstack.BStackDemoTest' ],
    file_name: 'testng-browserstack-master/src/test/java/com/browserstack/BStackDemoTest.java',
    vc_filepath: '',
    location: 'testng-browserstack-master/src/test/java/com/browserstack/BStackDemoTest.java',
    started_at: '2026-08-01T15:28:37.029Z'
  },
  logs: []
} to 27397:0
2026-08-01T15:28:37.278Z CLI info [testhub:request-queue-handler]  [gzpozzkkrfqwrcm7vcwgl32ti52gz8wo83xqkd3m]  [20f12334-ece9-4e36-9484-763a087b6195]  Processing batch event [
  {
    event_type: 'HookRunFinished',
    hook_run: {
      type: 'hook',
      hook_type: 'BEFORE_METHOD',
      framework: 'TestNG',
      uuid: 'ad5bf394-6d28-4719-b3ee-4849ceb01438',
      name: 'setUp',
      result: 'passed',
      test_run_id: 'df25e4a5-7473-4ca1-a3b2-8eda34a14fb8',
      body: { lang: 'java', code: null },
      scope: 'Cross-Platform.com.browserstack.BStackDemoTest',
      custom_metadata: {},
      tags: [],
      scopes: [ 'Cross-Platform', 'com.browserstack.BStackDemoTest' ],
      file_name: 'testng-browserstack-master/src/test/java/com/browserstack/BStackDemoTest.java',
      vc_filepath: '',
      location: 'testng-browserstack-master/src/test/java/com/browserstack/BStackDemoTest.java',
      started_at: '2026-08-01T15:28:13.945Z',
      finished_at: '2026-08-01T15:28:35.866Z'
    },
    logs: []
  },
  {
    event_type: 'CBTSessionCreated',
    test_run: {
      uuid: 'df25e4a5-7473-4ca1-a3b2-8eda34a14fb8',
      integrations: {
        browserstack: {
          product: 'automate',
          session_id: '2053a9910b59344ffa138b84e3025f7a8a14047b',
          capabilities: {
            automationName: 'XCUITest',
            bootstrapPath: '/usr/local/.browserstack/config/wda_derived_data_15_3.3.0.11.0.0_515e29e8-234f-4a0f-a938-5ab844beed3d/Build/Products',
            browserName: 'safari',
            'browserstack.isTargetBased': 'true',
            databaseEnabled: false,
            deviceName: 'iPhone 13',
            deviceOrientation: 'PORTRAIT',
            javascriptEnabled: true,
            keychainPassword: '[REDACTED VALUE]',
            keychainPath: '[REDACTED VALUE]',
            locationContextEnabled: false,
            networkConnectionEnabled: false,
            newCommandTimeout: 0,
            noReset: true,
            optimalHubUrl: 'hub-aps.browserstack.com',
            orientation: 'PORTRAIT',
            platform: 'MAC',
            platformName: 'IOS',
            realMobile: 'true',
            safariIgnoreFraudWarning: true,
            takesScreenshot: true,
            udid: '00008110-001C316A0169801E',
            useXctestrunFile: true,
            webStorageEnabled: false
          },
          platform: 'IOS',
          platform_version: '15',
          browser: 'Chromium',
          browser_version: undefined,
          device_name: 'iPhone 13'
        }
      }
    }
  },
  {
    event_type: 'TestRunStarted',
    test_run: {
      type: 'test',
      framework: 'TestNG',
      uuid: 'df25e4a5-7473-4ca1-a3b2-8eda34a14fb8',
      name: 'addProductToCart',
      body: {
        lang: 'java',
        code: 'public void com.browserstack.BStackDemoTest.addProductToCart() throws java.lang.Exception'
      },
      identifier: 'addProductToCart',
      scope: 'Cross-Platform.com.browserstack.BStackDemoTest',
      scopes: [ 'Cross-Platform', 'com.browserstack.BStackDemoTest' ],
      file_name: 'src/test/java/com/browserstack/BStackDemoTest.java',
      vc_filepath: '',
      location: 'src/test/java/com/browserstack/BStackDemoTest.java',
      meta: {},
      result: 'pending',
      duration_in_ms: null,
      started_at: '2026-08-01T15:28:35.876Z',
      failure: undefined,
      failure_type: undefined,
      failure_reason: undefined,
      retry_of: null,
      custom_metadata: {},
      tags: [],
      customRerunParam: { rerun_name: 'BStackDemo-2' },
      hooks: [],
      product_map: {
        observability: true,
        accessibility: false,
        percy: false,
        automate: true,
        app_automate: false,
        lts: false
      },
      integrations: {
        browserstack: {
          product: 'automate',
          session_id: '2053a9910b59344ffa138b84e3025f7a8a14047b',
          capabilities: {
            automationName: 'XCUITest',
            bootstrapPath: '/usr/local/.browserstack/config/wda_derived_data_15_3.3.0.11.0.0_515e29e8-234f-4a0f-a938-5ab844beed3d/Build/Products',
            browserName: 'safari',
            'browserstack.isTargetBased': 'true',
            databaseEnabled: false,
            deviceName: 'iPhone 13',
            deviceOrientation: 'PORTRAIT',
            javascriptEnabled: true,
            keychainPassword: '[REDACTED VALUE]',
            keychainPath: '[REDACTED VALUE]',
            locationContextEnabled: false,
            networkConnectionEnabled: false,
            newCommandTimeout: 0,
            noReset: true,
            optimalHubUrl: 'hub-aps.browserstack.com',
            orientation: 'PORTRAIT',
            platform: 'MAC',
            platformName: 'IOS',
            realMobile: 'true',
            safariIgnoreFraudWarning: true,
            takesScreenshot: true,
            udid: '00008110-001C316A0169801E',
            useXctestrunFile: true,
            webStorageEnabled: false
          },
          platform: 'IOS',
          platform_version: '15',
          browser: 'Chromium',
          browser_version: undefined,
          device_name: 'iPhone 13'
        }
      }
    },
    logs: []
  },
  {
    event_type: 'TestRunFinished',
    test_run: {
      type: 'test',
      framework: 'TestNG',
      uuid: '92e89495-c2e7-4e64-993d-99c9d5ae56bb',
      name: 'addProductToCart',
      body: {
        lang: 'java',
        code: 'public void com.browserstack.BStackDemoTest.addProductToCart() throws java.lang.Exception'
      },
      identifier: 'addProductToCart',
      scope: 'Cross-Platform.com.browserstack.BStackDemoTest',
      scopes: [ 'Cross-Platform', 'com.browserstack.BStackDemoTest' ],
      file_name: 'src/test/java/com/browserstack/BStackDemoTest.java',
      vc_filepath: '',
      location: 'src/test/java/com/browserstack/BStackDemoTest.java',
      meta: {},
      result: 'passed',
      duration_in_ms: 10085,
      started_at: '2026-08-01T15:28:26.352Z',
      finished_at: '2026-08-01T15:28:36.437Z',
      failure: null,
      failure_type: null,
      failure_reason: null,
      retry_of: null,
      custom_metadata: {},
      tags: [],
      customRerunParam: { rerun_name: 'BStackDemo-0' },
      hooks: [ 'aa50bec4-d136-4439-a297-7c4c6abc9b56' ],
      product_map: {
        observability: true,
        accessibility: false,
        percy: false,
        automate: true,
        app_automate: false,
        lts: false
      }
    },
    logs: []
  },
  {
    event_type: 'CBTSessionCreated',
    test_run: {
      uuid: '59e12eda-908d-4354-a31e-19b303ffabb9',
      integrations: {
        browserstack: {
          product: 'automate',
          session_id: '52e22cafa2bad30d2e5773a35e25a18246c136b9',
          capabilities: {
            acceptInsecureCerts: false,
            browserName: 'chrome',
            browserVersion: '148.0.7778.97',
            chrome: {
              chromedriverVersion: '148.0.7778.97 (6b3fa66a923a9442c8ab0bc71b4b41ff24528d3b-refs/branch-heads/7778@{#1905})',
              userDataDir: 'C:\\Windows\\proxy\\scoped_dir13504_255927164'
            },
            'fedcm:accounts': true,
            'goog:chromeOptions': { debuggerAddress: 'localhost:6709' },
            'goog:processID': 13336,
            networkConnectionEnabled: false,
            optimalHubUrl: 'hub-aps.browserstack.com',
            pageLoadStrategy: 'normal',
            platformName: 'WINDOWS',
            proxy: {
              proxyType: 'UNSPECIFIED',
              autodetect: false,
              ftpProxy: null,
              httpProxy: null,
              noProxy: null,
              sslProxy: null,
              socksProxy: null,
              socksVersion: null,
              socksUsername: null,
              socksPassword: null,
              proxyAutoconfigUrl: null
            },
            setWindowRect: true,
            strictFileInteractability: false,
            timeouts: { implicit: 0, pageLoad: 300000, script: 30000 },
            unhandledPromptBehavior: 'dismiss and notify',
            'webauthn:extension:credBlob': true,
            'webauthn:extension:largeBlob': true,
            'webauthn:extension:minPinLength': true,
            'webauthn:extension:prf': true,
            'webauthn:virtualAuthenticators': true,
            'webdriver.remote.sessionid': '52e22cafa2bad30d2e5773a35e25a18246c136b9'
          },
          platform: 'Windows',
          platform_version: '11',
          browser: 'Chrome',
          browser_version: '148.0'
        }
      }
    }
  },
  {
    event_type: 'HookRunStarted',
    hook_run: {
      type: 'hook',
      hook_type: 'AFTER_METHOD',
      framework: 'TestNG',
      uuid: '59e12eda-908d-4354-a31e-19b303ffabb9',
      name: 'tearDown',
      result: 'pending',
      test_run_id: '92e89495-c2e7-4e64-993d-99c9d5ae56bb',
      body: { lang: 'java', code: null },
      scope: 'Cross-Platform.com.browserstack.BStackDemoTest',
      custom_metadata: {},
      tags: [],
      scopes: [ 'Cross-Platform', 'com.browserstack.BStackDemoTest' ],
      file_name: 'testng-browserstack-master/src/test/java/com/browserstack/BStackDemoTest.java',
      vc_filepath: '',
      location: 'testng-browserstack-master/src/test/java/com/browserstack/BStackDemoTest.java',
      started_at: '2026-08-01T15:28:37.029Z'
    },
    logs: []
  }
] to 27397:0
2026-08-01T15:28:37.279Z CLI info  [gzpozzkkrfqwrcm7vcwgl32ti52gz8wo83xqkd3m]  [20f12334-ece9-4e36-9484-763a087b6195]  [PRODUCTION] Making POST request to https://collector-observability.browserstack.com
2026-08-01T15:28:38.550Z CLI warn [TEST REPORTING AND ANALYTICS:java:testng]  [gzpozzkkrfqwrcm7vcwgl32ti52gz8wo83xqkd3m]  [20f12334-ece9-4e36-9484-763a087b6195]  TestRunFinished: event={"test_hook_last_started":"BEFORE_METHOD","test_failure_type":"AssertionError","test_rerun_name":"BStackDemo-2","test_result_at":"2026-08-01T20:58:37.852864","test_scope":"Cross-Platform.com.browserstack.BStackDemoTest","test_framework_name":"TestNG","test_tags":"","cbt_session_created":true,"test_started_at":"2026-08-01T20:58:35.876830","platform_index":2,"test_failure":[{"backtrace":["java.lang.AssertionError: expected [true] but found [false]","\tat org.testng.Assert.fail(Assert.java:99)","\tat org.testng.Assert.failNotEquals(Assert.java:1037)","\tat org.testng.Assert.assertTrue(Assert.java:45)","\tat org.testng.Assert.assertTrue(Assert.java:55)","\tat com.browserstack.BStackDemoTest.addProductToCart(BStackDemoTest.java:15)","\tat java.base/jdk.internal.reflect.DirectMethodHandleAccessor.invoke(DirectMethodHandleAccessor.java:103)","\tat java.base/java.lang.reflect.Method.invoke(Method.java:580)","\tat org.testng.internal.MethodInvocationHelper.invokeMethod(MethodInvocationHelper.java:133)","\tat org.testng.internal.TestInvoker.invokeMethod(TestInvoker.java:598)","\tat org.testng.internal.TestInvoker.invokeTestMethod(TestInvoker.java:173)","\tat org.testng.internal.MethodRunner.runInSequence(MethodRunner.java:46)","\tat org.testng.internal.TestInvoker$MethodInvocationAgent.invoke(TestInvoker.java:824)","\tat org.testng.internal.TestInvoker.invokeTestMethods(TestInvoker.java:146)","\tat org.testng.internal.TestMethodWorker.invokeTestMethods(TestMethodWorker.java:146)","\tat org.testng.internal.TestMethodWorker.run(TestMethodWorker.java:128)","\tat java.base/java.util.ArrayList.forEach(ArrayList.java:1597)","\tat org.testng.TestRunner.privateRun(TestRunner.java:794)","\tat org.testng.TestRunner.run(TestRunner.java:596)","\tat org.testng.SuiteRunner.runTest(SuiteRunner.java:377)","\tat org.testng.SuiteRunner.access$000(SuiteRunner.java:28)","\tat org.testng.SuiteRunner$SuiteWorker.run(SuiteRunner.java:418)","\tat org.testng.internal.thread.ThreadUtil.lambda$execute$0(ThreadUtil.java:64)","\tat java.base/java.util.concurrent.FutureTask.run(FutureTask.java:317)","\tat java.base/java.util.concurrent.ThreadPoolExecutor.runWorker(ThreadPoolExecutor.java:1144)","\tat java.base/java.util.concurrent.ThreadPoolExecutor$Worker.run(ThreadPoolExecutor.java:642)","\tat java.base/java.lang.Thread.run(Thread.java:1570)"]}],"test_framework_version":"7.4.0","test_logs":[],"test_scopes":["Cross-Platform","com.browserstack.BStackDemoTest"],"test_code":"public void com.browserstack.BStackDemoTest.addProductToCart() throws java.lang.Exception","test_id":"BStackDemo-2@2","test_uuid":"df25e4a5-7473-4ca1-a3b2-8eda34a14fb8","test_ended_at":"2026-08-01T20:58:37.853915","automate_session_name":"BStackDemo-22","hookAttachStartMs":1785598093868,"test_hook_last_finished":"BEFORE_METHOD","test_session_name":"com.browserstack.BStackDemoTest-addProductToCart","custom_metadata":{},"test_failure_reason":"java.lang.AssertionError: expected [true] but found [false]","test_location":"src/test/java/com/browserstack/BStackDemoTest.java","test_hooks_started":{"BEFORE_METHOD":[]},"test_file_path":"src/test/java/com/browserstack/BStackDemoTest.java","test_result":"failed","test_hooks_finished":{"BEFORE_METHOD":[{"hook_name":"setUp","hook_result":"passed","test_file_path":"testng-browserstack-master/src/test/java/com/browserstack/BStackDemoTest.java","event_started_at":"2026-08-01T20:58:13.945881","hook_id":"ad5bf394-6d28-4719-b3ee-4849ceb01438","hook_logs":[],"logs":[],"key":"BEFORE_METHOD","custom_metadata":{},"event_ended_at":"2026-08-01T20:58:35.866925","test_location":"testng-browserstack-master/src/test/java/com/browserstack/BStackDemoTest.java"}]},"hook_id":"ad5bf394-6d28-4719-b3ee-4849ceb01438","test_meta":{},"isBrowserstackAutomationSession":true,"test_name":"addProductToCart","logs":[]}
2026-08-01T15:28:38.550Z CLI info [testhub:request-queue-handler]  [gzpozzkkrfqwrcm7vcwgl32ti52gz8wo83xqkd3m]  [20f12334-ece9-4e36-9484-763a087b6195]  Added the event {
  event_type: 'TestRunFinished',
  test_run: {
    type: 'test',
    framework: 'TestNG',
    uuid: 'df25e4a5-7473-4ca1-a3b2-8eda34a14fb8',
    name: 'addProductToCart',
    body: {
      lang: 'java',
      code: 'public void com.browserstack.BStackDemoTest.addProductToCart() throws java.lang.Exception'
    },
    identifier: 'addProductToCart',
    scope: 'Cross-Platform.com.browserstack.BStackDemoTest',
    scopes: [ 'Cross-Platform', 'com.browserstack.BStackDemoTest' ],
    file_name: 'src/test/java/com/browserstack/BStackDemoTest.java',
    vc_filepath: '',
    location: 'src/test/java/com/browserstack/BStackDemoTest.java',
    meta: {},
    result: 'failed',
    duration_in_ms: 1977,
    started_at: '2026-08-01T15:28:35.876Z',
    finished_at: '2026-08-01T15:28:37.853Z',
    failure: [ [Object] ],
    failure_type: 'AssertionError',
    failure_reason: 'java.lang.AssertionError: expected [true] but found [false]',
    retry_of: null,
    custom_metadata: {},
    tags: [],
    customRerunParam: { rerun_name: 'BStackDemo-2' },
    hooks: [ 'ad5bf394-6d28-4719-b3ee-4849ceb01438' ],
    product_map: {
      observability: true,
      accessibility: false,
      percy: false,
      automate: true,
      app_automate: false,
      lts: false
    }
  },
  logs: []
} to 27397:0
2026-08-01T15:28:38.556Z CLI info [testhub:request-queue-handler]  [gzpozzkkrfqwrcm7vcwgl32ti52gz8wo83xqkd3m]  [20f12334-ece9-4e36-9484-763a087b6195]  Added the event {
  event_type: 'HookRunFinished',
  hook_run: {
    type: 'hook',
    hook_type: 'AFTER_METHOD',
    framework: 'TestNG',
    uuid: '59e12eda-908d-4354-a31e-19b303ffabb9',
    name: 'tearDown',
    result: 'passed',
    test_run_id: '92e89495-c2e7-4e64-993d-99c9d5ae56bb',
    body: { lang: 'java', code: null },
    scope: 'Cross-Platform.com.browserstack.BStackDemoTest',
    custom_metadata: {},
    tags: [],
    scopes: [ 'Cross-Platform', 'com.browserstack.BStackDemoTest' ],
    file_name: 'testng-browserstack-master/src/test/java/com/browserstack/BStackDemoTest.java',
    vc_filepath: '',
    location: 'testng-browserstack-master/src/test/java/com/browserstack/BStackDemoTest.java',
    started_at: '2026-08-01T15:28:37.029Z',
    finished_at: '2026-08-01T15:28:38.551Z'
  },
  logs: []
} to 27397:0
2026-08-01T15:28:38.574Z CLI info [testhub:request-queue-handler]  [gzpozzkkrfqwrcm7vcwgl32ti52gz8wo83xqkd3m]  [20f12334-ece9-4e36-9484-763a087b6195]  Added the event {
  event_type: 'CBTSessionCreated',
  test_run: {
    uuid: '257b9276-41a2-4e52-819e-32d8736e5835',
    integrations: { browserstack: [Object] }
  }
} to 27397:0
2026-08-01T15:28:38.578Z CLI info [testhub:request-queue-handler]  [gzpozzkkrfqwrcm7vcwgl32ti52gz8wo83xqkd3m]  [20f12334-ece9-4e36-9484-763a087b6195]  Added the event {
  event_type: 'HookRunStarted',
  hook_run: {
    type: 'hook',
    hook_type: 'AFTER_METHOD',
    framework: 'TestNG',
    uuid: '257b9276-41a2-4e52-819e-32d8736e5835',
    name: 'tearDown',
    result: 'pending',
    test_run_id: 'df25e4a5-7473-4ca1-a3b2-8eda34a14fb8',
    body: { lang: 'java', code: null },
    scope: 'Cross-Platform.com.browserstack.BStackDemoTest',
    custom_metadata: {},
    tags: [],
    scopes: [ 'Cross-Platform', 'com.browserstack.BStackDemoTest' ],
    file_name: 'testng-browserstack-master/src/test/java/com/browserstack/BStackDemoTest.java',
    vc_filepath: '',
    location: 'testng-browserstack-master/src/test/java/com/browserstack/BStackDemoTest.java',
    started_at: '2026-08-01T15:28:38.569Z'
  },
  logs: []
} to 27397:0
2026-08-01T15:28:39.279Z CLI info [testhub:request-queue-handler]  [gzpozzkkrfqwrcm7vcwgl32ti52gz8wo83xqkd3m]  [20f12334-ece9-4e36-9484-763a087b6195]  Processing batch event [
  {
    event_type: 'TestRunFinished',
    test_run: {
      type: 'test',
      framework: 'TestNG',
      uuid: 'df25e4a5-7473-4ca1-a3b2-8eda34a14fb8',
      name: 'addProductToCart',
      body: {
        lang: 'java',
        code: 'public void com.browserstack.BStackDemoTest.addProductToCart() throws java.lang.Exception'
      },
      identifier: 'addProductToCart',
      scope: 'Cross-Platform.com.browserstack.BStackDemoTest',
      scopes: [ 'Cross-Platform', 'com.browserstack.BStackDemoTest' ],
      file_name: 'src/test/java/com/browserstack/BStackDemoTest.java',
      vc_filepath: '',
      location: 'src/test/java/com/browserstack/BStackDemoTest.java',
      meta: {},
      result: 'failed',
      duration_in_ms: 1977,
      started_at: '2026-08-01T15:28:35.876Z',
      finished_at: '2026-08-01T15:28:37.853Z',
      failure: [
        {
          backtrace: [
            'java.lang.AssertionError: expected [true] but found [false]',
            '\tat org.testng.Assert.fail(Assert.java:99)',
            '\tat org.testng.Assert.failNotEquals(Assert.java:1037)',
            '\tat org.testng.Assert.assertTrue(Assert.java:45)',
            '\tat org.testng.Assert.assertTrue(Assert.java:55)',
            '\tat com.browserstack.BStackDemoTest.addProductToCart(BStackDemoTest.java:15)',
            '\tat java.base/jdk.internal.reflect.DirectMethodHandleAccessor.invoke(DirectMethodHandleAccessor.java:103)',
            '\tat java.base/java.lang.reflect.Method.invoke(Method.java:580)',
            '\tat org.testng.internal.MethodInvocationHelper.invokeMethod(MethodInvocationHelper.java:133)',
            '\tat org.testng.internal.TestInvoker.invokeMethod(TestInvoker.java:598)',
            '\tat org.testng.internal.TestInvoker.invokeTestMethod(TestInvoker.java:173)',
            '\tat org.testng.internal.MethodRunner.runInSequence(MethodRunner.java:46)',
            '\tat org.testng.internal.TestInvoker$MethodInvocationAgent.invoke(TestInvoker.java:824)',
            '\tat org.testng.internal.TestInvoker.invokeTestMethods(TestInvoker.java:146)',
            '\tat org.testng.internal.TestMethodWorker.invokeTestMethods(TestMethodWorker.java:146)',
            '\tat org.testng.internal.TestMethodWorker.run(TestMethodWorker.java:128)',
            '\tat java.base/java.util.ArrayList.forEach(ArrayList.java:1597)',
            '\tat org.testng.TestRunner.privateRun(TestRunner.java:794)',
            '\tat org.testng.TestRunner.run(TestRunner.java:596)',
            '\tat org.testng.SuiteRunner.runTest(SuiteRunner.java:377)',
            '\tat org.testng.SuiteRunner.access$000(SuiteRunner.java:28)',
            '\tat org.testng.SuiteRunner$SuiteWorker.run(SuiteRunner.java:418)',
            '\tat org.testng.internal.thread.ThreadUtil.lambda$execute$0(ThreadUtil.java:64)',
            '\tat java.base/java.util.concurrent.FutureTask.run(FutureTask.java:317)',
            '\tat java.base/java.util.concurrent.ThreadPoolExecutor.runWorker(ThreadPoolExecutor.java:1144)',
            '\tat java.base/java.util.concurrent.ThreadPoolExecutor$Worker.run(ThreadPoolExecutor.java:642)',
            '\tat java.base/java.lang.Thread.run(Thread.java:1570)'
          ]
        }
      ],
      failure_type: 'AssertionError',
      failure_reason: 'java.lang.AssertionError: expected [true] but found [false]',
      retry_of: null,
      custom_metadata: {},
      tags: [],
      customRerunParam: { rerun_name: 'BStackDemo-2' },
      hooks: [ 'ad5bf394-6d28-4719-b3ee-4849ceb01438' ],
      product_map: {
        observability: true,
        accessibility: false,
        percy: false,
        automate: true,
        app_automate: false,
        lts: false
      }
    },
    logs: []
  },
  {
    event_type: 'HookRunFinished',
    hook_run: {
      type: 'hook',
      hook_type: 'AFTER_METHOD',
      framework: 'TestNG',
      uuid: '59e12eda-908d-4354-a31e-19b303ffabb9',
      name: 'tearDown',
      result: 'passed',
      test_run_id: '92e89495-c2e7-4e64-993d-99c9d5ae56bb',
      body: { lang: 'java', code: null },
      scope: 'Cross-Platform.com.browserstack.BStackDemoTest',
      custom_metadata: {},
      tags: [],
      scopes: [ 'Cross-Platform', 'com.browserstack.BStackDemoTest' ],
      file_name: 'testng-browserstack-master/src/test/java/com/browserstack/BStackDemoTest.java',
      vc_filepath: '',
      location: 'testng-browserstack-master/src/test/java/com/browserstack/BStackDemoTest.java',
      started_at: '2026-08-01T15:28:37.029Z',
      finished_at: '2026-08-01T15:28:38.551Z'
    },
    logs: []
  },
  {
    event_type: 'CBTSessionCreated',
    test_run: {
      uuid: '257b9276-41a2-4e52-819e-32d8736e5835',
      integrations: {
        browserstack: {
          product: 'automate',
          session_id: '2053a9910b59344ffa138b84e3025f7a8a14047b',
          capabilities: {
            automationName: 'XCUITest',
            bootstrapPath: '/usr/local/.browserstack/config/wda_derived_data_15_3.3.0.11.0.0_515e29e8-234f-4a0f-a938-5ab844beed3d/Build/Products',
            browserName: 'safari',
            'browserstack.isTargetBased': 'true',
            databaseEnabled: false,
            deviceName: 'iPhone 13',
            deviceOrientation: 'PORTRAIT',
            javascriptEnabled: true,
            keychainPassword: '[REDACTED VALUE]',
            keychainPath: '[REDACTED VALUE]',
            locationContextEnabled: false,
            networkConnectionEnabled: false,
            newCommandTimeout: 0,
            noReset: true,
            optimalHubUrl: 'hub-aps.browserstack.com',
            orientation: 'PORTRAIT',
            platform: 'MAC',
            platformName: 'IOS',
            realMobile: 'true',
            safariIgnoreFraudWarning: true,
            takesScreenshot: true,
            udid: '00008110-001C316A0169801E',
            useXctestrunFile: true,
            webStorageEnabled: false
          },
          platform: 'IOS',
          platform_version: '15',
          browser: 'Chromium',
          browser_version: undefined,
          device_name: 'iPhone 13'
        }
      }
    }
  },
  {
    event_type: 'HookRunStarted',
    hook_run: {
      type: 'hook',
      hook_type: 'AFTER_METHOD',
      framework: 'TestNG',
      uuid: '257b9276-41a2-4e52-819e-32d8736e5835',
      name: 'tearDown',
      result: 'pending',
      test_run_id: 'df25e4a5-7473-4ca1-a3b2-8eda34a14fb8',
      body: { lang: 'java', code: null },
      scope: 'Cross-Platform.com.browserstack.BStackDemoTest',
      custom_metadata: {},
      tags: [],
      scopes: [ 'Cross-Platform', 'com.browserstack.BStackDemoTest' ],
      file_name: 'testng-browserstack-master/src/test/java/com/browserstack/BStackDemoTest.java',
      vc_filepath: '',
      location: 'testng-browserstack-master/src/test/java/com/browserstack/BStackDemoTest.java',
      started_at: '2026-08-01T15:28:38.569Z'
    },
    logs: []
  }
] to 27397:0
2026-08-01T15:28:39.280Z CLI info  [gzpozzkkrfqwrcm7vcwgl32ti52gz8wo83xqkd3m]  [20f12334-ece9-4e36-9484-763a087b6195]  [PRODUCTION] Making POST request to https://collector-observability.browserstack.com
2026-08-01T15:28:40.271Z CLI info [testhub:request-queue-handler]  [gzpozzkkrfqwrcm7vcwgl32ti52gz8wo83xqkd3m]  [20f12334-ece9-4e36-9484-763a087b6195]  Added the event {
  event_type: 'HookRunFinished',
  hook_run: {
    type: 'hook',
    hook_type: 'AFTER_METHOD',
    framework: 'TestNG',
    uuid: '257b9276-41a2-4e52-819e-32d8736e5835',
    name: 'tearDown',
    result: 'passed',
    test_run_id: 'df25e4a5-7473-4ca1-a3b2-8eda34a14fb8',
    body: { lang: 'java', code: null },
    scope: 'Cross-Platform.com.browserstack.BStackDemoTest',
    custom_metadata: {},
    tags: [],
    scopes: [ 'Cross-Platform', 'com.browserstack.BStackDemoTest' ],
    file_name: 'testng-browserstack-master/src/test/java/com/browserstack/BStackDemoTest.java',
    vc_filepath: '',
    location: 'testng-browserstack-master/src/test/java/com/browserstack/BStackDemoTest.java',
    started_at: '2026-08-01T15:28:38.569Z',
    finished_at: '2026-08-01T15:28:40.263Z'
  },
  logs: []
} to 27397:0
2026-08-01T15:28:40.826Z CLI info  [gzpozzkkrfqwrcm7vcwgl32ti52gz8wo83xqkd3m]  [20f12334-ece9-4e36-9484-763a087b6195]  [PRODUCTION] Making GET request to https://api.browserstack.com
2026-08-01T15:28:40.829Z CLI info  [gzpozzkkrfqwrcm7vcwgl32ti52gz8wo83xqkd3m]  [20f12334-ece9-4e36-9484-763a087b6195]  [PRODUCTION] Making POST request to https://collector-observability.browserstack.com
2026-08-01T15:28:42.634Z CLI info  [gzpozzkkrfqwrcm7vcwgl32ti52gz8wo83xqkd3m]  [20f12334-ece9-4e36-9484-763a087b6195]  [PRODUCTION] Making PUT request to https://collector-observability.browserstack.com
2026-08-01T15:28:43.367Z CLI info [testhub:module]  [gzpozzkkrfqwrcm7vcwgl32ti52gz8wo83xqkd3m]  [20f12334-ece9-4e36-9484-763a087b6195]  stopBuild: gzpozzkkrfqwrcm7vcwgl32ti52gz8wo83xqkd3m request={"finished_at":"2026-08-01T15:28:40.825Z","finished_metadata":[],"custom_metadata":{}} response={"data":""}
2026-08-01T15:28:43.370Z CLI info  [gzpozzkkrfqwrcm7vcwgl32ti52gz8wo83xqkd3m]  [20f12334-ece9-4e36-9484-763a087b6195]  [PRODUCTION] Making POST request to https://api.browserstack.com
2026-08-01T15:28:44.206Z CLI info [TEST REPORTING AND ANALYTICS:module]  [gzpozzkkrfqwrcm7vcwgl32ti52gz8wo83xqkd3m]  [20f12334-ece9-4e36-9484-763a087b6195]  Visit https://automation.browserstack.com/builds/gzpozzkkrfqwrcm7vcwgl32ti52gz8wo83xqkd3m to view build report, insights, and many more debugging information all at one place!
2026-08-01T15:28:44.207Z CLI info [ai:module]  [gzpozzkkrfqwrcm7vcwgl32ti52gz8wo83xqkd3m]  [20f12334-ece9-4e36-9484-763a087b6195]  onStop: 20f12334-ece9-4e36-9484-763a087b6195
2026-08-01T15:28:44.284Z CLI info [main]  [gzpozzkkrfqwrcm7vcwgl32ti52gz8wo83xqkd3m]  [20f12334-ece9-4e36-9484-763a087b6195]  Received graceful signal termination (SIGTERM), performing cleanup
2026-08-01T15:29:58.684Z CLI info [main]    Server listening on port: 5400
2026-08-01T15:29:58.968Z CLI info    Config : {"userName":"[REDACTED]","accessKey":"[REDACTED]","platforms":[{"os":"Windows","osVersion":"11","browserName":"Chrome","browserVersion":"148.0"},{"os":"OS X","osVersion":"Monterey","browserName":"Safari","browserVersion":"15.6"},{"deviceName":"iPhone 13","osVersion":"15","browserName":"Safari","deviceOrientation":"portrait"}],"browserstackLocal":true,"buildName":"browserstack-build-1","projectName":"BrowserStack Sample","selfHeal":true,"aiAuthoring":true,"buildIdentifier":"#${BUILD_NUMBER}","framework":"testng"}
2026-08-01T15:29:58.981Z CLI info    Should start debug utility: undefined
2026-08-01T15:29:58.982Z CLI info [testhub:module]   [d0510953-c0e4-46ee-8742-4adccea646fd]  Starting testhub from 28080:0
2026-08-01T15:29:59.529Z CLI info   [d0510953-c0e4-46ee-8742-4adccea646fd]  [PRODUCTION] Making POST request to https://sdk.browserstack.com
2026-08-01T15:29:59.530Z CLI info   [d0510953-c0e4-46ee-8742-4adccea646fd]  [PRODUCTION] Making GET request to https://hub.browserstack.com
2026-08-01T15:30:00.781Z CLI info   [d0510953-c0e4-46ee-8742-4adccea646fd]  [PRODUCTION] Making GET request to https://hub-aps.browserstack.com
2026-08-01T15:30:00.782Z CLI info   [d0510953-c0e4-46ee-8742-4adccea646fd]  [PRODUCTION] Making GET request to https://hub-euw.browserstack.com
2026-08-01T15:30:00.783Z CLI info   [d0510953-c0e4-46ee-8742-4adccea646fd]  [PRODUCTION] Making GET request to https://hub-apse.browserstack.com
2026-08-01T15:30:01.558Z CLI info [testhub:module]   [d0510953-c0e4-46ee-8742-4adccea646fd]  startBuild: response=xaanhohtdvfsqq0homijoarw9zdhmjr6jcdbq5va
2026-08-01T15:30:01.560Z CLI info  [xaanhohtdvfsqq0homijoarw9zdhmjr6jcdbq5va]  [d0510953-c0e4-46ee-8742-4adccea646fd]  [PRODUCTION] Making POST request to https://api.browserstack.com
2026-08-01T15:30:07.417Z CLI info  [xaanhohtdvfsqq0homijoarw9zdhmjr6jcdbq5va]  [d0510953-c0e4-46ee-8742-4adccea646fd]  [PRODUCTION] Making POST request to https://api.browserstack.com
2026-08-01T15:30:07.422Z CLI error  [xaanhohtdvfsqq0homijoarw9zdhmjr6jcdbq5va]  [d0510953-c0e4-46ee-8742-4adccea646fd]  error invoking callback for eventName onStart: BrowserstackHealing.init method timed out
2026-08-01T15:30:07.422Z CLI error  [xaanhohtdvfsqq0homijoarw9zdhmjr6jcdbq5va]  [d0510953-c0e4-46ee-8742-4adccea646fd]  Error: BrowserstackHealing.init method timed out
    at Timeout._onTimeout (/snapshot/browserstack-binary/cli/dist/index.js)
    at listOnTimeout (node:internal/timers:569:17)
    at process.processTimers (node:internal/timers:512:7)
2026-08-01T15:30:15.664Z CLI info [testhub:request-queue-handler]  [xaanhohtdvfsqq0homijoarw9zdhmjr6jcdbq5va]  [d0510953-c0e4-46ee-8742-4adccea646fd]  Added the event {
  event_type: 'HookRunStarted',
  hook_run: {
    type: 'hook',
    hook_type: 'BEFORE_METHOD',
    framework: 'TestNG',
    uuid: '85c2e5d4-6bbd-4c15-9975-e345b1e2cbbc',
    name: 'setUp',
    result: 'pending',
    test_run_id: '6ba155db-8b69-4442-a51f-48cf48b399be',
    body: { lang: 'java', code: null },
    scope: 'Cross-Platform.com.browserstack.BStackDemoTest',
    custom_metadata: {},
    tags: [],
    scopes: [ 'Cross-Platform', 'com.browserstack.BStackDemoTest' ],
    file_name: 'testng-browserstack-master/src/test/java/com/browserstack/BStackDemoTest.java',
    vc_filepath: '',
    location: 'testng-browserstack-master/src/test/java/com/browserstack/BStackDemoTest.java',
    started_at: '2026-08-01T15:30:15.650Z'
  },
  logs: []
} to 28080:0
2026-08-01T15:30:15.665Z CLI info [testhub:request-queue-handler]  [xaanhohtdvfsqq0homijoarw9zdhmjr6jcdbq5va]  [d0510953-c0e4-46ee-8742-4adccea646fd]  Added the event {
  event_type: 'HookRunStarted',
  hook_run: {
    type: 'hook',
    hook_type: 'BEFORE_METHOD',
    framework: 'TestNG',
    uuid: '8f8a7125-e775-4b1f-b2cf-ac7ed94fef3d',
    name: 'setUp',
    result: 'pending',
    test_run_id: 'd75a2710-23e1-4834-9d8b-3321ea530c96',
    body: { lang: 'java', code: null },
    scope: 'Cross-Platform.com.browserstack.BStackDemoTest',
    custom_metadata: {},
    tags: [],
    scopes: [ 'Cross-Platform', 'com.browserstack.BStackDemoTest' ],
    file_name: 'testng-browserstack-master/src/test/java/com/browserstack/BStackDemoTest.java',
    vc_filepath: '',
    location: 'testng-browserstack-master/src/test/java/com/browserstack/BStackDemoTest.java',
    started_at: '2026-08-01T15:30:15.650Z'
  },
  logs: []
} to 28080:0
2026-08-01T15:30:15.666Z CLI info [testhub:request-queue-handler]  [xaanhohtdvfsqq0homijoarw9zdhmjr6jcdbq5va]  [d0510953-c0e4-46ee-8742-4adccea646fd]  Added the event {
  event_type: 'HookRunStarted',
  hook_run: {
    type: 'hook',
    hook_type: 'BEFORE_METHOD',
    framework: 'TestNG',
    uuid: 'ca66513a-cf5f-44a6-a156-560f145c2f95',
    name: 'setUp',
    result: 'pending',
    test_run_id: '9e5b9c94-63ef-431f-9f50-abc41c4f8a09',
    body: { lang: 'java', code: null },
    scope: 'Cross-Platform.com.browserstack.BStackDemoTest',
    custom_metadata: {},
    tags: [],
    scopes: [ 'Cross-Platform', 'com.browserstack.BStackDemoTest' ],
    file_name: 'testng-browserstack-master/src/test/java/com/browserstack/BStackDemoTest.java',
    vc_filepath: '',
    location: 'testng-browserstack-master/src/test/java/com/browserstack/BStackDemoTest.java',
    started_at: '2026-08-01T15:30:15.650Z'
  },
  logs: []
} to 28080:0
2026-08-01T15:30:17.382Z CLI info [ai:module]  [xaanhohtdvfsqq0homijoarw9zdhmjr6jcdbq5va]  [d0510953-c0e4-46ee-8742-4adccea646fd]  initSession: d0510953-c0e4-46ee-8742-4adccea646fd
2026-08-01T15:30:17.383Z CLI info [sdk:service]  [xaanhohtdvfsqq0homijoarw9zdhmjr6jcdbq5va]  [d0510953-c0e4-46ee-8742-4adccea646fd]  Driver initialized as primary driver: platformIndex=1
2026-08-01T15:30:17.384Z CLI info [ai:module]  [xaanhohtdvfsqq0homijoarw9zdhmjr6jcdbq5va]  [d0510953-c0e4-46ee-8742-4adccea646fd]  initSession: d0510953-c0e4-46ee-8742-4adccea646fd
2026-08-01T15:30:17.384Z CLI info [sdk:service]  [xaanhohtdvfsqq0homijoarw9zdhmjr6jcdbq5va]  [d0510953-c0e4-46ee-8742-4adccea646fd]  Driver initialized as primary driver: platformIndex=2
2026-08-01T15:30:17.385Z CLI info [ai:module]  [xaanhohtdvfsqq0homijoarw9zdhmjr6jcdbq5va]  [d0510953-c0e4-46ee-8742-4adccea646fd]  initSession: d0510953-c0e4-46ee-8742-4adccea646fd
2026-08-01T15:30:17.385Z CLI info [sdk:service]  [xaanhohtdvfsqq0homijoarw9zdhmjr6jcdbq5va]  [d0510953-c0e4-46ee-8742-4adccea646fd]  Driver initialized as primary driver: platformIndex=0
2026-08-01T15:30:17.567Z CLI info [testhub:request-queue-handler]  [xaanhohtdvfsqq0homijoarw9zdhmjr6jcdbq5va]  [d0510953-c0e4-46ee-8742-4adccea646fd]  Processing batch event [
  {
    event_type: 'HookRunStarted',
    hook_run: {
      type: 'hook',
      hook_type: 'BEFORE_METHOD',
      framework: 'TestNG',
      uuid: '85c2e5d4-6bbd-4c15-9975-e345b1e2cbbc',
      name: 'setUp',
      result: 'pending',
      test_run_id: '6ba155db-8b69-4442-a51f-48cf48b399be',
      body: { lang: 'java', code: null },
      scope: 'Cross-Platform.com.browserstack.BStackDemoTest',
      custom_metadata: {},
      tags: [],
      scopes: [ 'Cross-Platform', 'com.browserstack.BStackDemoTest' ],
      file_name: 'testng-browserstack-master/src/test/java/com/browserstack/BStackDemoTest.java',
      vc_filepath: '',
      location: 'testng-browserstack-master/src/test/java/com/browserstack/BStackDemoTest.java',
      started_at: '2026-08-01T15:30:15.650Z'
    },
    logs: []
  },
  {
    event_type: 'HookRunStarted',
    hook_run: {
      type: 'hook',
      hook_type: 'BEFORE_METHOD',
      framework: 'TestNG',
      uuid: '8f8a7125-e775-4b1f-b2cf-ac7ed94fef3d',
      name: 'setUp',
      result: 'pending',
      test_run_id: 'd75a2710-23e1-4834-9d8b-3321ea530c96',
      body: { lang: 'java', code: null },
      scope: 'Cross-Platform.com.browserstack.BStackDemoTest',
      custom_metadata: {},
      tags: [],
      scopes: [ 'Cross-Platform', 'com.browserstack.BStackDemoTest' ],
      file_name: 'testng-browserstack-master/src/test/java/com/browserstack/BStackDemoTest.java',
      vc_filepath: '',
      location: 'testng-browserstack-master/src/test/java/com/browserstack/BStackDemoTest.java',
      started_at: '2026-08-01T15:30:15.650Z'
    },
    logs: []
  },
  {
    event_type: 'HookRunStarted',
    hook_run: {
      type: 'hook',
      hook_type: 'BEFORE_METHOD',
      framework: 'TestNG',
      uuid: 'ca66513a-cf5f-44a6-a156-560f145c2f95',
      name: 'setUp',
      result: 'pending',
      test_run_id: '9e5b9c94-63ef-431f-9f50-abc41c4f8a09',
      body: { lang: 'java', code: null },
      scope: 'Cross-Platform.com.browserstack.BStackDemoTest',
      custom_metadata: {},
      tags: [],
      scopes: [ 'Cross-Platform', 'com.browserstack.BStackDemoTest' ],
      file_name: 'testng-browserstack-master/src/test/java/com/browserstack/BStackDemoTest.java',
      vc_filepath: '',
      location: 'testng-browserstack-master/src/test/java/com/browserstack/BStackDemoTest.java',
      started_at: '2026-08-01T15:30:15.650Z'
    },
    logs: []
  }
] to 28080:0
2026-08-01T15:30:17.567Z CLI info  [xaanhohtdvfsqq0homijoarw9zdhmjr6jcdbq5va]  [d0510953-c0e4-46ee-8742-4adccea646fd]  [PRODUCTION] Making POST request to https://collector-observability.browserstack.com
2026-08-01T15:30:25.830Z CLI info [ai:module]  [xaanhohtdvfsqq0homijoarw9zdhmjr6jcdbq5va]  [d0510953-c0e4-46ee-8742-4adccea646fd]  beforeSession: d0510953-c0e4-46ee-8742-4adccea646fd
2026-08-01T15:30:25.832Z CLI info [ai:module]  [xaanhohtdvfsqq0homijoarw9zdhmjr6jcdbq5va]  [d0510953-c0e4-46ee-8742-4adccea646fd]  beforeSession: d0510953-c0e4-46ee-8742-4adccea646fd
2026-08-01T15:30:25.860Z CLI info [testhub:request-queue-handler]  [xaanhohtdvfsqq0homijoarw9zdhmjr6jcdbq5va]  [d0510953-c0e4-46ee-8742-4adccea646fd]  Added the event {
  event_type: 'HookRunFinished',
  hook_run: {
    type: 'hook',
    hook_type: 'BEFORE_METHOD',
    framework: 'TestNG',
    uuid: '85c2e5d4-6bbd-4c15-9975-e345b1e2cbbc',
    name: 'setUp',
    result: 'passed',
    test_run_id: '6ba155db-8b69-4442-a51f-48cf48b399be',
    body: { lang: 'java', code: null },
    scope: 'Cross-Platform.com.browserstack.BStackDemoTest',
    custom_metadata: {},
    tags: [],
    scopes: [ 'Cross-Platform', 'com.browserstack.BStackDemoTest' ],
    file_name: 'testng-browserstack-master/src/test/java/com/browserstack/BStackDemoTest.java',
    vc_filepath: '',
    location: 'testng-browserstack-master/src/test/java/com/browserstack/BStackDemoTest.java',
    started_at: '2026-08-01T15:30:15.650Z',
    finished_at: '2026-08-01T15:30:25.857Z'
  },
  logs: []
} to 28080:0
2026-08-01T15:30:25.861Z CLI info [testhub:request-queue-handler]  [xaanhohtdvfsqq0homijoarw9zdhmjr6jcdbq5va]  [d0510953-c0e4-46ee-8742-4adccea646fd]  Added the event {
  event_type: 'HookRunFinished',
  hook_run: {
    type: 'hook',
    hook_type: 'BEFORE_METHOD',
    framework: 'TestNG',
    uuid: 'ca66513a-cf5f-44a6-a156-560f145c2f95',
    name: 'setUp',
    result: 'passed',
    test_run_id: '9e5b9c94-63ef-431f-9f50-abc41c4f8a09',
    body: { lang: 'java', code: null },
    scope: 'Cross-Platform.com.browserstack.BStackDemoTest',
    custom_metadata: {},
    tags: [],
    scopes: [ 'Cross-Platform', 'com.browserstack.BStackDemoTest' ],
    file_name: 'testng-browserstack-master/src/test/java/com/browserstack/BStackDemoTest.java',
    vc_filepath: '',
    location: 'testng-browserstack-master/src/test/java/com/browserstack/BStackDemoTest.java',
    started_at: '2026-08-01T15:30:15.650Z',
    finished_at: '2026-08-01T15:30:25.857Z'
  },
  logs: []
} to 28080:0
2026-08-01T15:30:25.887Z CLI info [testhub:request-queue-handler]  [xaanhohtdvfsqq0homijoarw9zdhmjr6jcdbq5va]  [d0510953-c0e4-46ee-8742-4adccea646fd]  Added the event {
  event_type: 'CBTSessionCreated',
  test_run: {
    uuid: '9e5b9c94-63ef-431f-9f50-abc41c4f8a09',
    integrations: { browserstack: [Object] }
  }
} to 28080:0
2026-08-01T15:30:25.888Z CLI info [testhub:request-queue-handler]  [xaanhohtdvfsqq0homijoarw9zdhmjr6jcdbq5va]  [d0510953-c0e4-46ee-8742-4adccea646fd]  Added the event {
  event_type: 'CBTSessionCreated',
  test_run: {
    uuid: '6ba155db-8b69-4442-a51f-48cf48b399be',
    integrations: { browserstack: [Object] }
  }
} to 28080:0
2026-08-01T15:30:25.894Z CLI info [testhub:request-queue-handler]  [xaanhohtdvfsqq0homijoarw9zdhmjr6jcdbq5va]  [d0510953-c0e4-46ee-8742-4adccea646fd]  Added the event {
  event_type: 'TestRunStarted',
  test_run: {
    type: 'test',
    framework: 'TestNG',
    uuid: '6ba155db-8b69-4442-a51f-48cf48b399be',
    name: 'addProductToCart',
    body: {
      lang: 'java',
      code: 'public void com.browserstack.BStackDemoTest.addProductToCart() throws java.lang.Exception'
    },
    identifier: 'addProductToCart',
    scope: 'Cross-Platform.com.browserstack.BStackDemoTest',
    scopes: [ 'Cross-Platform', 'com.browserstack.BStackDemoTest' ],
    file_name: 'src/test/java/com/browserstack/BStackDemoTest.java',
    vc_filepath: '',
    location: 'src/test/java/com/browserstack/BStackDemoTest.java',
    meta: {},
    result: 'pending',
    duration_in_ms: null,
    started_at: '2026-08-01T15:30:25.868Z',
    failure: undefined,
    failure_type: undefined,
    failure_reason: undefined,
    retry_of: null,
    custom_metadata: {},
    tags: [],
    customRerunParam: { rerun_name: 'BStackDemo-0' },
    hooks: [],
    product_map: {
      observability: true,
      accessibility: false,
      percy: false,
      automate: true,
      app_automate: false,
      lts: false
    },
    integrations: { browserstack: [Object] }
  },
  logs: []
} to 28080:0
2026-08-01T15:30:25.895Z CLI info [testhub:request-queue-handler]  [xaanhohtdvfsqq0homijoarw9zdhmjr6jcdbq5va]  [d0510953-c0e4-46ee-8742-4adccea646fd]  Added the event {
  event_type: 'TestRunStarted',
  test_run: {
    type: 'test',
    framework: 'TestNG',
    uuid: '9e5b9c94-63ef-431f-9f50-abc41c4f8a09',
    name: 'addProductToCart',
    body: {
      lang: 'java',
      code: 'public void com.browserstack.BStackDemoTest.addProductToCart() throws java.lang.Exception'
    },
    identifier: 'addProductToCart',
    scope: 'Cross-Platform.com.browserstack.BStackDemoTest',
    scopes: [ 'Cross-Platform', 'com.browserstack.BStackDemoTest' ],
    file_name: 'src/test/java/com/browserstack/BStackDemoTest.java',
    vc_filepath: '',
    location: 'src/test/java/com/browserstack/BStackDemoTest.java',
    meta: {},
    result: 'pending',
    duration_in_ms: null,
    started_at: '2026-08-01T15:30:25.868Z',
    failure: undefined,
    failure_type: undefined,
    failure_reason: undefined,
    retry_of: null,
    custom_metadata: {},
    tags: [],
    customRerunParam: { rerun_name: 'BStackDemo-1' },
    hooks: [],
    product_map: {
      observability: true,
      accessibility: false,
      percy: false,
      automate: true,
      app_automate: false,
      lts: false
    },
    integrations: { browserstack: [Object] }
  },
  logs: []
} to 28080:0
2026-08-01T15:30:27.574Z CLI info [testhub:request-queue-handler]  [xaanhohtdvfsqq0homijoarw9zdhmjr6jcdbq5va]  [d0510953-c0e4-46ee-8742-4adccea646fd]  Processing batch event [
  {
    event_type: 'HookRunFinished',
    hook_run: {
      type: 'hook',
      hook_type: 'BEFORE_METHOD',
      framework: 'TestNG',
      uuid: '85c2e5d4-6bbd-4c15-9975-e345b1e2cbbc',
      name: 'setUp',
      result: 'passed',
      test_run_id: '6ba155db-8b69-4442-a51f-48cf48b399be',
      body: { lang: 'java', code: null },
      scope: 'Cross-Platform.com.browserstack.BStackDemoTest',
      custom_metadata: {},
      tags: [],
      scopes: [ 'Cross-Platform', 'com.browserstack.BStackDemoTest' ],
      file_name: 'testng-browserstack-master/src/test/java/com/browserstack/BStackDemoTest.java',
      vc_filepath: '',
      location: 'testng-browserstack-master/src/test/java/com/browserstack/BStackDemoTest.java',
      started_at: '2026-08-01T15:30:15.650Z',
      finished_at: '2026-08-01T15:30:25.857Z'
    },
    logs: []
  },
  {
    event_type: 'HookRunFinished',
    hook_run: {
      type: 'hook',
      hook_type: 'BEFORE_METHOD',
      framework: 'TestNG',
      uuid: 'ca66513a-cf5f-44a6-a156-560f145c2f95',
      name: 'setUp',
      result: 'passed',
      test_run_id: '9e5b9c94-63ef-431f-9f50-abc41c4f8a09',
      body: { lang: 'java', code: null },
      scope: 'Cross-Platform.com.browserstack.BStackDemoTest',
      custom_metadata: {},
      tags: [],
      scopes: [ 'Cross-Platform', 'com.browserstack.BStackDemoTest' ],
      file_name: 'testng-browserstack-master/src/test/java/com/browserstack/BStackDemoTest.java',
      vc_filepath: '',
      location: 'testng-browserstack-master/src/test/java/com/browserstack/BStackDemoTest.java',
      started_at: '2026-08-01T15:30:15.650Z',
      finished_at: '2026-08-01T15:30:25.857Z'
    },
    logs: []
  },
  {
    event_type: 'CBTSessionCreated',
    test_run: {
      uuid: '9e5b9c94-63ef-431f-9f50-abc41c4f8a09',
      integrations: {
        browserstack: {
          product: 'automate',
          session_id: 'c714fe1b23cfc4c4efdd28ba36f1f5fe7808aa80',
          capabilities: {
            acceptInsecureCerts: false,
            browserName: 'Safari',
            browserVersion: '15.6.1',
            optimalHubUrl: 'hub-aps.browserstack.com',
            platformName: 'MAC',
            'safari:automaticInspection': false,
            'safari:automaticProfiling': false,
            'safari:diagnose': false,
            'safari:platformBuildVersion': '21G83',
            'safari:platformVersion': '12.5.1',
            'safari:useSimulator': false,
            setWindowRect: true,
            strictFileInteractability: false,
            'webdriver.remote.sessionid': 'c714fe1b23cfc4c4efdd28ba36f1f5fe7808aa80',
            'webkit:WebRTC': {
              DisableICECandidateFiltering: false,
              DisableInsecureMediaCapture: false
            }
          },
          platform: 'OS X',
          platform_version: 'Monterey',
          browser: 'Safari',
          browser_version: '15.6'
        }
      }
    }
  },
  {
    event_type: 'CBTSessionCreated',
    test_run: {
      uuid: '6ba155db-8b69-4442-a51f-48cf48b399be',
      integrations: {
        browserstack: {
          product: 'automate',
          session_id: 'e9de42fb3de6bf5a96f80975561c1029ad3b1dd4',
          capabilities: {
            acceptInsecureCerts: false,
            browserName: 'chrome',
            browserVersion: '148.0.7778.97',
            chrome: {
              chromedriverVersion: '148.0.7778.97 (6b3fa66a923a9442c8ab0bc71b4b41ff24528d3b-refs/branch-heads/7778@{#1905})',
              userDataDir: 'C:\\Windows\\proxy\\scoped_dir10520_993393911'
            },
            'fedcm:accounts': true,
            'goog:chromeOptions': { debuggerAddress: 'localhost:6534' },
            'goog:processID': 5676,
            networkConnectionEnabled: false,
            optimalHubUrl: 'hub-aps.browserstack.com',
            pageLoadStrategy: 'normal',
            platformName: 'WINDOWS',
            proxy: {
              proxyType: 'UNSPECIFIED',
              autodetect: false,
              ftpProxy: null,
              httpProxy: null,
              noProxy: null,
              sslProxy: null,
              socksProxy: null,
              socksVersion: null,
              socksUsername: null,
              socksPassword: null,
              proxyAutoconfigUrl: null
            },
            setWindowRect: true,
            strictFileInteractability: false,
            timeouts: { implicit: 0, pageLoad: 300000, script: 30000 },
            unhandledPromptBehavior: 'dismiss and notify',
            'webauthn:extension:credBlob': true,
            'webauthn:extension:largeBlob': true,
            'webauthn:extension:minPinLength': true,
            'webauthn:extension:prf': true,
            'webauthn:virtualAuthenticators': true,
            'webdriver.remote.sessionid': 'e9de42fb3de6bf5a96f80975561c1029ad3b1dd4'
          },
          platform: 'Windows',
          platform_version: '11',
          browser: 'Chrome',
          browser_version: '148.0'
        }
      }
    }
  },
  {
    event_type: 'TestRunStarted',
    test_run: {
      type: 'test',
      framework: 'TestNG',
      uuid: '6ba155db-8b69-4442-a51f-48cf48b399be',
      name: 'addProductToCart',
      body: {
        lang: 'java',
        code: 'public void com.browserstack.BStackDemoTest.addProductToCart() throws java.lang.Exception'
      },
      identifier: 'addProductToCart',
      scope: 'Cross-Platform.com.browserstack.BStackDemoTest',
      scopes: [ 'Cross-Platform', 'com.browserstack.BStackDemoTest' ],
      file_name: 'src/test/java/com/browserstack/BStackDemoTest.java',
      vc_filepath: '',
      location: 'src/test/java/com/browserstack/BStackDemoTest.java',
      meta: {},
      result: 'pending',
      duration_in_ms: null,
      started_at: '2026-08-01T15:30:25.868Z',
      failure: undefined,
      failure_type: undefined,
      failure_reason: undefined,
      retry_of: null,
      custom_metadata: {},
      tags: [],
      customRerunParam: { rerun_name: 'BStackDemo-0' },
      hooks: [],
      product_map: {
        observability: true,
        accessibility: false,
        percy: false,
        automate: true,
        app_automate: false,
        lts: false
      },
      integrations: {
        browserstack: {
          product: 'automate',
          session_id: 'e9de42fb3de6bf5a96f80975561c1029ad3b1dd4',
          capabilities: {
            acceptInsecureCerts: false,
            browserName: 'chrome',
            browserVersion: '148.0.7778.97',
            chrome: {
              chromedriverVersion: '148.0.7778.97 (6b3fa66a923a9442c8ab0bc71b4b41ff24528d3b-refs/branch-heads/7778@{#1905})',
              userDataDir: 'C:\\Windows\\proxy\\scoped_dir10520_993393911'
            },
            'fedcm:accounts': true,
            'goog:chromeOptions': { debuggerAddress: 'localhost:6534' },
            'goog:processID': 5676,
            networkConnectionEnabled: false,
            optimalHubUrl: 'hub-aps.browserstack.com',
            pageLoadStrategy: 'normal',
            platformName: 'WINDOWS',
            proxy: {
              proxyType: 'UNSPECIFIED',
              autodetect: false,
              ftpProxy: null,
              httpProxy: null,
              noProxy: null,
              sslProxy: null,
              socksProxy: null,
              socksVersion: null,
              socksUsername: null,
              socksPassword: null,
              proxyAutoconfigUrl: null
            },
            setWindowRect: true,
            strictFileInteractability: false,
            timeouts: { implicit: 0, pageLoad: 300000, script: 30000 },
            unhandledPromptBehavior: 'dismiss and notify',
            'webauthn:extension:credBlob': true,
            'webauthn:extension:largeBlob': true,
            'webauthn:extension:minPinLength': true,
            'webauthn:extension:prf': true,
            'webauthn:virtualAuthenticators': true,
            'webdriver.remote.sessionid': 'e9de42fb3de6bf5a96f80975561c1029ad3b1dd4'
          },
          platform: 'Windows',
          platform_version: '11',
          browser: 'Chrome',
          browser_version: '148.0'
        }
      }
    },
    logs: []
  },
  {
    event_type: 'TestRunStarted',
    test_run: {
      type: 'test',
      framework: 'TestNG',
      uuid: '9e5b9c94-63ef-431f-9f50-abc41c4f8a09',
      name: 'addProductToCart',
      body: {
        lang: 'java',
        code: 'public void com.browserstack.BStackDemoTest.addProductToCart() throws java.lang.Exception'
      },
      identifier: 'addProductToCart',
      scope: 'Cross-Platform.com.browserstack.BStackDemoTest',
      scopes: [ 'Cross-Platform', 'com.browserstack.BStackDemoTest' ],
      file_name: 'src/test/java/com/browserstack/BStackDemoTest.java',
      vc_filepath: '',
      location: 'src/test/java/com/browserstack/BStackDemoTest.java',
      meta: {},
      result: 'pending',
      duration_in_ms: null,
      started_at: '2026-08-01T15:30:25.868Z',
      failure: undefined,
      failure_type: undefined,
      failure_reason: undefined,
      retry_of: null,
      custom_metadata: {},
      tags: [],
      customRerunParam: { rerun_name: 'BStackDemo-1' },
      hooks: [],
      product_map: {
        observability: true,
        accessibility: false,
        percy: false,
        automate: true,
        app_automate: false,
        lts: false
      },
      integrations: {
        browserstack: {
          product: 'automate',
          session_id: 'c714fe1b23cfc4c4efdd28ba36f1f5fe7808aa80',
          capabilities: {
            acceptInsecureCerts: false,
            browserName: 'Safari',
            browserVersion: '15.6.1',
            optimalHubUrl: 'hub-aps.browserstack.com',
            platformName: 'MAC',
            'safari:automaticInspection': false,
            'safari:automaticProfiling': false,
            'safari:diagnose': false,
            'safari:platformBuildVersion': '21G83',
            'safari:platformVersion': '12.5.1',
            'safari:useSimulator': false,
            setWindowRect: true,
            strictFileInteractability: false,
            'webdriver.remote.sessionid': 'c714fe1b23cfc4c4efdd28ba36f1f5fe7808aa80',
            'webkit:WebRTC': {
              DisableICECandidateFiltering: false,
              DisableInsecureMediaCapture: false
            }
          },
          platform: 'OS X',
          platform_version: 'Monterey',
          browser: 'Safari',
          browser_version: '15.6'
        }
      }
    },
    logs: []
  }
] to 28080:0
2026-08-01T15:30:27.576Z CLI info  [xaanhohtdvfsqq0homijoarw9zdhmjr6jcdbq5va]  [d0510953-c0e4-46ee-8742-4adccea646fd]  [PRODUCTION] Making POST request to https://collector-observability.browserstack.com
2026-08-01T15:30:32.661Z CLI warn [TEST REPORTING AND ANALYTICS:java:testng]  [xaanhohtdvfsqq0homijoarw9zdhmjr6jcdbq5va]  [d0510953-c0e4-46ee-8742-4adccea646fd]  TestRunFinished: event={"test_hook_last_started":"BEFORE_METHOD","test_failure_type":"UnhandledError","test_rerun_name":"BStackDemo-1","test_result_at":"2026-08-01T21:00:32.024759","test_scope":"Cross-Platform.com.browserstack.BStackDemoTest","test_framework_name":"TestNG","test_tags":"","cbt_session_created":true,"test_started_at":"2026-08-01T21:00:25.868695","platform_index":1,"test_failure":[{"backtrace":["org.openqa.selenium.NoSuchElementException: For documentation on this error, please visit: https://www.selenium.dev/documentation/webdriver/troubleshooting/errors#no-such-element-exception","Build info: version: '4.34.0', revision: '707dcb4246*'","System info: os.name: 'Mac OS X', os.arch: 'aarch64', os.version: '26.5.1', java.version: '22.0.1'","Driver info: org.openqa.selenium.chrome.ChromeDriver","Command: [c714fe1b23cfc4c4efdd28ba36f1f5fe7808aa80, findElement {using=xpath, value=//*[@id=\"1\"]/p}]","Capabilities {acceptInsecureCerts: false, browserName: Safari, browserVersion: 15.6.1, optimalHubUrl: hub-aps.browserstack.com, platformName: mac, safari:automaticInspection: false, safari:automaticProfiling: false, safari:diagnose: false, safari:platformBuildVersion: 21G83, safari:platformVersion: 12.5.1, safari:useSimulator: false, setWindowRect: true, strictFileInteractability: false, webdriver.remote.sessionid: c714fe1b23cfc4c4efdd28ba36f..., webkit:WebRTC: {DisableICECandidateFiltering: false, DisableInsecureMediaCapture: false}}","Session ID: c714fe1b23cfc4c4efdd28ba36f1f5fe7808aa80","\tat java.base/jdk.internal.reflect.DirectConstructorHandleAccessor.newInstance(DirectConstructorHandleAccessor.java:62)","\tat java.base/java.lang.reflect.Constructor.newInstanceWithCaller(Constructor.java:502)","\tat java.base/java.lang.reflect.Constructor.newInstance(Constructor.java:486)","\tat org.openqa.selenium.remote.ErrorCodec.decode(ErrorCodec.java:167)","\tat org.openqa.selenium.remote.codec.w3c.W3CHttpResponseCodec.decode(W3CHttpResponseCodec.java:138)","\tat org.openqa.selenium.remote.codec.w3c.W3CHttpResponseCodec.decode(W3CHttpResponseCodec.java:50)","\tat org.openqa.selenium.remote.HttpCommandExecutor.execute(HttpCommandExecutor.java:215)","\tat org.openqa.selenium.remote.RemoteWebDriver.execute(RemoteWebDriver.java:544)","\tat org.openqa.selenium.remote.ElementLocation$ElementFinder$2.findElement(ElementLocation.java:165)","\tat org.openqa.selenium.remote.ElementLocation.findElement(ElementLocation.java:59)","\tat org.openqa.selenium.remote.RemoteWebDriver.findElement(RemoteWebDriver.java:367)","\tat org.openqa.selenium.remote.RemoteWebDriver.findElement(RemoteWebDriver.java:361)","\tat com.browserstack.BStackDemoTest.addProductToCart(BStackDemoTest.java:18)","\tat java.base/jdk.internal.reflect.DirectMethodHandleAccessor.invoke(DirectMethodHandleAccessor.java:103)","\tat java.base/java.lang.reflect.Method.invoke(Method.java:580)","\tat org.testng.internal.MethodInvocationHelper.invokeMethod(MethodInvocationHelper.java:133)","\tat org.testng.internal.TestInvoker.invokeMethod(TestInvoker.java:598)","\tat org.testng.internal.TestInvoker.invokeTestMethod(TestInvoker.java:173)","\tat org.testng.internal.MethodRunner.runInSequence(MethodRunner.java:46)","\tat org.testng.internal.TestInvoker$MethodInvocationAgent.invoke(TestInvoker.java:824)","\tat org.testng.internal.TestInvoker.invokeTestMethods(TestInvoker.java:146)","\tat org.testng.internal.TestMethodWorker.invokeTestMethods(TestMethodWorker.java:146)","\tat org.testng.internal.TestMethodWorker.run(TestMethodWorker.java:128)","\tat java.base/java.util.ArrayList.forEach(ArrayList.java:1597)","\tat org.testng.TestRunner.privateRun(TestRunner.java:794)","\tat org.testng.TestRunner.run(TestRunner.java:596)","\tat org.testng.SuiteRunner.runTest(SuiteRunner.java:377)","\tat org.testng.SuiteRunner.access$000(SuiteRunner.java:28)","\tat org.testng.SuiteRunner$SuiteWorker.run(SuiteRunner.java:418)","\tat org.testng.internal.thread.ThreadUtil.lambda$execute$0(ThreadUtil.java:64)","\tat java.base/java.util.concurrent.FutureTask.run(FutureTask.java:317)","\tat java.base/java.util.concurrent.ThreadPoolExecutor.runWorker(ThreadPoolExecutor.java:1144)","\tat java.base/java.util.concurrent.ThreadPoolExecutor$Worker.run(ThreadPoolExecutor.java:642)","\tat java.base/java.lang.Thread.run(Thread.java:1570)"]}],"test_framework_version":"7.4.0","test_logs":[],"test_scopes":["Cross-Platform","com.browserstack.BStackDemoTest"],"test_code":"public void com.browserstack.BStackDemoTest.addProductToCart() throws java.lang.Exception","test_id":"BStackDemo-1@1","test_uuid":"9e5b9c94-63ef-431f-9f50-abc41c4f8a09","test_ended_at":"2026-08-01T21:00:32.026734","automate_session_name":"BStackDemo-11","hookAttachStartMs":1785598215617,"test_hook_last_finished":"BEFORE_METHOD","test_session_name":"com.browserstack.BStackDemoTest-addProductToCart","custom_metadata":{},"test_failure_reason":"org.openqa.selenium.NoSuchElementException: For documentation on this error, please visit: https://www.selenium.dev/documentation/webdriver/troubleshooting/errors#no-such-element-exception\nBuild info: version: '4.34.0', revision: '707dcb4246*'\nSystem info: os.name: 'Mac OS X', os.arch: 'aarch64', os.version: '26.5.1', java.version: '22.0.1'\nDriver info: org.openqa.selenium.chrome.ChromeDriver\nCommand: [c714fe1b23cfc4c4efdd28ba36f1f5fe7808aa80, findElement {using=xpath, value=//*[@id=\"1\"]/p}]\nCapabilities {acceptInsecureCerts: false, browserName: Safari, browserVersion: 15.6.1, optimalHubUrl: hub-aps.browserstack.com, platformName: mac, safari:automaticInspection: false, safari:automaticProfiling: false, safari:diagnose: false, safari:platformBuildVersion: 21G83, safari:platformVersion: 12.5.1, safari:useSimulator: false, setWindowRect: true, strictFileInteractability: false, webdriver.remote.sessionid: c714fe1b23cfc4c4efdd28ba36f..., webkit:WebRTC: {DisableICECandidateFiltering: false, DisableInsecureMediaCapture: false}}\nSession ID: c714fe1b23cfc4c4efdd28ba36f1f5fe7808aa80","test_location":"src/test/java/com/browserstack/BStackDemoTest.java","test_hooks_started":{"BEFORE_METHOD":[]},"test_file_path":"src/test/java/com/browserstack/BStackDemoTest.java","test_result":"failed","test_hooks_finished":{"BEFORE_METHOD":[{"hook_name":"setUp","hook_result":"passed","test_file_path":"testng-browserstack-master/src/test/java/com/browserstack/BStackDemoTest.java","event_started_at":"2026-08-01T21:00:15.650511","hook_id":"ca66513a-cf5f-44a6-a156-560f145c2f95","hook_logs":[],"logs":[],"key":"BEFORE_METHOD","custom_metadata":{},"event_ended_at":"2026-08-01T21:00:25.857467","test_location":"testng-browserstack-master/src/test/java/com/browserstack/BStackDemoTest.java"}]},"hook_id":"ca66513a-cf5f-44a6-a156-560f145c2f95","test_meta":{},"isBrowserstackAutomationSession":true,"test_name":"addProductToCart","logs":[]}
2026-08-01T15:30:32.663Z CLI info [testhub:request-queue-handler]  [xaanhohtdvfsqq0homijoarw9zdhmjr6jcdbq5va]  [d0510953-c0e4-46ee-8742-4adccea646fd]  Added the event {
  event_type: 'TestRunFinished',
  test_run: {
    type: 'test',
    framework: 'TestNG',
    uuid: '9e5b9c94-63ef-431f-9f50-abc41c4f8a09',
    name: 'addProductToCart',
    body: {
      lang: 'java',
      code: 'public void com.browserstack.BStackDemoTest.addProductToCart() throws java.lang.Exception'
    },
    identifier: 'addProductToCart',
    scope: 'Cross-Platform.com.browserstack.BStackDemoTest',
    scopes: [ 'Cross-Platform', 'com.browserstack.BStackDemoTest' ],
    file_name: 'src/test/java/com/browserstack/BStackDemoTest.java',
    vc_filepath: '',
    location: 'src/test/java/com/browserstack/BStackDemoTest.java',
    meta: {},
    result: 'failed',
    duration_in_ms: 6158,
    started_at: '2026-08-01T15:30:25.868Z',
    finished_at: '2026-08-01T15:30:32.026Z',
    failure: [ [Object] ],
    failure_type: 'UnhandledError',
    failure_reason: 'org.openqa.selenium.NoSuchElementException: For documentation on this error, please visit: https://www.selenium.dev/documentation/webdriver/troubleshooting/errors#no-such-element-exception\n' +
      "Build info: version: '4.34.0', revision: '707dcb4246*'\n" +
      "System info: os.name: 'Mac OS X', os.arch: 'aarch64', os.version: '26.5.1', java.version: '22.0.1'\n" +
      'Driver info: org.openqa.selenium.chrome.ChromeDriver\n' +
      'Command: [c714fe1b23cfc4c4efdd28ba36f1f5fe7808aa80, findElement {using=xpath, value=//*[@id="1"]/p}]\n' +
      'Capabilities {acceptInsecureCerts: false, browserName: Safari, browserVersion: 15.6.1, optimalHubUrl: hub-aps.browserstack.com, platformName: mac, safari:automaticInspection: false, safari:automaticProfiling: false, safari:diagnose: false, safari:platformBuildVersion: 21G83, safari:platformVersion: 12.5.1, safari:useSimulator: false, setWindowRect: true, strictFileInteractability: false, webdriver.remote.sessionid: c714fe1b23cfc4c4efdd28ba36f..., webkit:WebRTC: {DisableICECandidateFiltering: false, DisableInsecureMediaCapture: false}}\n' +
      'Session ID: c714fe1b23cfc4c4efdd28ba36f1f5fe7808aa80',
    retry_of: null,
    custom_metadata: {},
    tags: [],
    customRerunParam: { rerun_name: 'BStackDemo-1' },
    hooks: [ 'ca66513a-cf5f-44a6-a156-560f145c2f95' ],
    product_map: {
      observability: true,
      accessibility: false,
      percy: false,
      automate: true,
      app_automate: false,
      lts: false
    }
  },
  logs: []
} to 28080:0
2026-08-01T15:30:32.689Z CLI info [testhub:request-queue-handler]  [xaanhohtdvfsqq0homijoarw9zdhmjr6jcdbq5va]  [d0510953-c0e4-46ee-8742-4adccea646fd]  Added the event {
  event_type: 'CBTSessionCreated',
  test_run: {
    uuid: '3181cda6-3bf9-4833-96f3-6a9ddd519c80',
    integrations: { browserstack: [Object] }
  }
} to 28080:0
2026-08-01T15:30:32.696Z CLI info [testhub:request-queue-handler]  [xaanhohtdvfsqq0homijoarw9zdhmjr6jcdbq5va]  [d0510953-c0e4-46ee-8742-4adccea646fd]  Added the event {
  event_type: 'HookRunStarted',
  hook_run: {
    type: 'hook',
    hook_type: 'AFTER_METHOD',
    framework: 'TestNG',
    uuid: '3181cda6-3bf9-4833-96f3-6a9ddd519c80',
    name: 'tearDown',
    result: 'pending',
    test_run_id: '9e5b9c94-63ef-431f-9f50-abc41c4f8a09',
    body: { lang: 'java', code: null },
    scope: 'Cross-Platform.com.browserstack.BStackDemoTest',
    custom_metadata: {},
    tags: [],
    scopes: [ 'Cross-Platform', 'com.browserstack.BStackDemoTest' ],
    file_name: 'testng-browserstack-master/src/test/java/com/browserstack/BStackDemoTest.java',
    vc_filepath: '',
    location: 'testng-browserstack-master/src/test/java/com/browserstack/BStackDemoTest.java',
    started_at: '2026-08-01T15:30:32.683Z'
  },
  logs: []
} to 28080:0
2026-08-01T15:30:33.581Z CLI info [testhub:request-queue-handler]  [xaanhohtdvfsqq0homijoarw9zdhmjr6jcdbq5va]  [d0510953-c0e4-46ee-8742-4adccea646fd]  Processing batch event [
  {
    event_type: 'TestRunFinished',
    test_run: {
      type: 'test',
      framework: 'TestNG',
      uuid: '9e5b9c94-63ef-431f-9f50-abc41c4f8a09',
      name: 'addProductToCart',
      body: {
        lang: 'java',
        code: 'public void com.browserstack.BStackDemoTest.addProductToCart() throws java.lang.Exception'
      },
      identifier: 'addProductToCart',
      scope: 'Cross-Platform.com.browserstack.BStackDemoTest',
      scopes: [ 'Cross-Platform', 'com.browserstack.BStackDemoTest' ],
      file_name: 'src/test/java/com/browserstack/BStackDemoTest.java',
      vc_filepath: '',
      location: 'src/test/java/com/browserstack/BStackDemoTest.java',
      meta: {},
      result: 'failed',
      duration_in_ms: 6158,
      started_at: '2026-08-01T15:30:25.868Z',
      finished_at: '2026-08-01T15:30:32.026Z',
      failure: [
        {
          backtrace: [
            'org.openqa.selenium.NoSuchElementException: For documentation on this error, please visit: https://www.selenium.dev/documentation/webdriver/troubleshooting/errors#no-such-element-exception',
            "Build info: version: '4.34.0', revision: '707dcb4246*'",
            "System info: os.name: 'Mac OS X', os.arch: 'aarch64', os.version: '26.5.1', java.version: '22.0.1'",
            'Driver info: org.openqa.selenium.chrome.ChromeDriver',
            'Command: [c714fe1b23cfc4c4efdd28ba36f1f5fe7808aa80, findElement {using=xpath, value=//*[@id="1"]/p}]',
            'Capabilities {acceptInsecureCerts: false, browserName: Safari, browserVersion: 15.6.1, optimalHubUrl: hub-aps.browserstack.com, platformName: mac, safari:automaticInspection: false, safari:automaticProfiling: false, safari:diagnose: false, safari:platformBuildVersion: 21G83, safari:platformVersion: 12.5.1, safari:useSimulator: false, setWindowRect: true, strictFileInteractability: false, webdriver.remote.sessionid: c714fe1b23cfc4c4efdd28ba36f..., webkit:WebRTC: {DisableICECandidateFiltering: false, DisableInsecureMediaCapture: false}}',
            'Session ID: c714fe1b23cfc4c4efdd28ba36f1f5fe7808aa80',
            '\tat java.base/jdk.internal.reflect.DirectConstructorHandleAccessor.newInstance(DirectConstructorHandleAccessor.java:62)',
            '\tat java.base/java.lang.reflect.Constructor.newInstanceWithCaller(Constructor.java:502)',
            '\tat java.base/java.lang.reflect.Constructor.newInstance(Constructor.java:486)',
            '\tat org.openqa.selenium.remote.ErrorCodec.decode(ErrorCodec.java:167)',
            '\tat org.openqa.selenium.remote.codec.w3c.W3CHttpResponseCodec.decode(W3CHttpResponseCodec.java:138)',
            '\tat org.openqa.selenium.remote.codec.w3c.W3CHttpResponseCodec.decode(W3CHttpResponseCodec.java:50)',
            '\tat org.openqa.selenium.remote.HttpCommandExecutor.execute(HttpCommandExecutor.java:215)',
            '\tat org.openqa.selenium.remote.RemoteWebDriver.execute(RemoteWebDriver.java:544)',
            '\tat org.openqa.selenium.remote.ElementLocation$ElementFinder$2.findElement(ElementLocation.java:165)',
            '\tat org.openqa.selenium.remote.ElementLocation.findElement(ElementLocation.java:59)',
            '\tat org.openqa.selenium.remote.RemoteWebDriver.findElement(RemoteWebDriver.java:367)',
            '\tat org.openqa.selenium.remote.RemoteWebDriver.findElement(RemoteWebDriver.java:361)',
            '\tat com.browserstack.BStackDemoTest.addProductToCart(BStackDemoTest.java:18)',
            '\tat java.base/jdk.internal.reflect.DirectMethodHandleAccessor.invoke(DirectMethodHandleAccessor.java:103)',
            '\tat java.base/java.lang.reflect.Method.invoke(Method.java:580)',
            '\tat org.testng.internal.MethodInvocationHelper.invokeMethod(MethodInvocationHelper.java:133)',
            '\tat org.testng.internal.TestInvoker.invokeMethod(TestInvoker.java:598)',
            '\tat org.testng.internal.TestInvoker.invokeTestMethod(TestInvoker.java:173)',
            '\tat org.testng.internal.MethodRunner.runInSequence(MethodRunner.java:46)',
            '\tat org.testng.internal.TestInvoker$MethodInvocationAgent.invoke(TestInvoker.java:824)',
            '\tat org.testng.internal.TestInvoker.invokeTestMethods(TestInvoker.java:146)',
            '\tat org.testng.internal.TestMethodWorker.invokeTestMethods(TestMethodWorker.java:146)',
            '\tat org.testng.internal.TestMethodWorker.run(TestMethodWorker.java:128)',
            '\tat java.base/java.util.ArrayList.forEach(ArrayList.java:1597)',
            '\tat org.testng.TestRunner.privateRun(TestRunner.java:794)',
            '\tat org.testng.TestRunner.run(TestRunner.java:596)',
            '\tat org.testng.SuiteRunner.runTest(SuiteRunner.java:377)',
            '\tat org.testng.SuiteRunner.access$000(SuiteRunner.java:28)',
            '\tat org.testng.SuiteRunner$SuiteWorker.run(SuiteRunner.java:418)',
            '\tat org.testng.internal.thread.ThreadUtil.lambda$execute$0(ThreadUtil.java:64)',
            '\tat java.base/java.util.concurrent.FutureTask.run(FutureTask.java:317)',
            '\tat java.base/java.util.concurrent.ThreadPoolExecutor.runWorker(ThreadPoolExecutor.java:1144)',
            '\tat java.base/java.util.concurrent.ThreadPoolExecutor$Worker.run(ThreadPoolExecutor.java:642)',
            '\tat java.base/java.lang.Thread.run(Thread.java:1570)'
          ]
        }
      ],
      failure_type: 'UnhandledError',
      failure_reason: 'org.openqa.selenium.NoSuchElementException: For documentation on this error, please visit: https://www.selenium.dev/documentation/webdriver/troubleshooting/errors#no-such-element-exception\n' +
        "Build info: version: '4.34.0', revision: '707dcb4246*'\n" +
        "System info: os.name: 'Mac OS X', os.arch: 'aarch64', os.version: '26.5.1', java.version: '22.0.1'\n" +
        'Driver info: org.openqa.selenium.chrome.ChromeDriver\n' +
        'Command: [c714fe1b23cfc4c4efdd28ba36f1f5fe7808aa80, findElement {using=xpath, value=//*[@id="1"]/p}]\n' +
        'Capabilities {acceptInsecureCerts: false, browserName: Safari, browserVersion: 15.6.1, optimalHubUrl: hub-aps.browserstack.com, platformName: mac, safari:automaticInspection: false, safari:automaticProfiling: false, safari:diagnose: false, safari:platformBuildVersion: 21G83, safari:platformVersion: 12.5.1, safari:useSimulator: false, setWindowRect: true, strictFileInteractability: false, webdriver.remote.sessionid: c714fe1b23cfc4c4efdd28ba36f..., webkit:WebRTC: {DisableICECandidateFiltering: false, DisableInsecureMediaCapture: false}}\n' +
        'Session ID: c714fe1b23cfc4c4efdd28ba36f1f5fe7808aa80',
      retry_of: null,
      custom_metadata: {},
      tags: [],
      customRerunParam: { rerun_name: 'BStackDemo-1' },
      hooks: [ 'ca66513a-cf5f-44a6-a156-560f145c2f95' ],
      product_map: {
        observability: true,
        accessibility: false,
        percy: false,
        automate: true,
        app_automate: false,
        lts: false
      }
    },
    logs: []
  },
  {
    event_type: 'CBTSessionCreated',
    test_run: {
      uuid: '3181cda6-3bf9-4833-96f3-6a9ddd519c80',
      integrations: {
        browserstack: {
          product: 'automate',
          session_id: 'c714fe1b23cfc4c4efdd28ba36f1f5fe7808aa80',
          capabilities: {
            acceptInsecureCerts: false,
            browserName: 'Safari',
            browserVersion: '15.6.1',
            optimalHubUrl: 'hub-aps.browserstack.com',
            platformName: 'MAC',
            'safari:automaticInspection': false,
            'safari:automaticProfiling': false,
            'safari:diagnose': false,
            'safari:platformBuildVersion': '21G83',
            'safari:platformVersion': '12.5.1',
            'safari:useSimulator': false,
            setWindowRect: true,
            strictFileInteractability: false,
            'webdriver.remote.sessionid': 'c714fe1b23cfc4c4efdd28ba36f1f5fe7808aa80',
            'webkit:WebRTC': {
              DisableICECandidateFiltering: false,
              DisableInsecureMediaCapture: false
            }
          },
          platform: 'OS X',
          platform_version: 'Monterey',
          browser: 'Safari',
          browser_version: '15.6'
        }
      }
    }
  },
  {
    event_type: 'HookRunStarted',
    hook_run: {
      type: 'hook',
      hook_type: 'AFTER_METHOD',
      framework: 'TestNG',
      uuid: '3181cda6-3bf9-4833-96f3-6a9ddd519c80',
      name: 'tearDown',
      result: 'pending',
      test_run_id: '9e5b9c94-63ef-431f-9f50-abc41c4f8a09',
      body: { lang: 'java', code: null },
      scope: 'Cross-Platform.com.browserstack.BStackDemoTest',
      custom_metadata: {},
      tags: [],
      scopes: [ 'Cross-Platform', 'com.browserstack.BStackDemoTest' ],
      file_name: 'testng-browserstack-master/src/test/java/com/browserstack/BStackDemoTest.java',
      vc_filepath: '',
      location: 'testng-browserstack-master/src/test/java/com/browserstack/BStackDemoTest.java',
      started_at: '2026-08-01T15:30:32.683Z'
    },
    logs: []
  }
] to 28080:0
2026-08-01T15:30:33.582Z CLI info  [xaanhohtdvfsqq0homijoarw9zdhmjr6jcdbq5va]  [d0510953-c0e4-46ee-8742-4adccea646fd]  [PRODUCTION] Making POST request to https://collector-observability.browserstack.com
2026-08-01T15:30:34.620Z CLI info [testhub:request-queue-handler]  [xaanhohtdvfsqq0homijoarw9zdhmjr6jcdbq5va]  [d0510953-c0e4-46ee-8742-4adccea646fd]  Added the event {
  event_type: 'HookRunFinished',
  hook_run: {
    type: 'hook',
    hook_type: 'AFTER_METHOD',
    framework: 'TestNG',
    uuid: '3181cda6-3bf9-4833-96f3-6a9ddd519c80',
    name: 'tearDown',
    result: 'passed',
    test_run_id: '9e5b9c94-63ef-431f-9f50-abc41c4f8a09',
    body: { lang: 'java', code: null },
    scope: 'Cross-Platform.com.browserstack.BStackDemoTest',
    custom_metadata: {},
    tags: [],
    scopes: [ 'Cross-Platform', 'com.browserstack.BStackDemoTest' ],
    file_name: 'testng-browserstack-master/src/test/java/com/browserstack/BStackDemoTest.java',
    vc_filepath: '',
    location: 'testng-browserstack-master/src/test/java/com/browserstack/BStackDemoTest.java',
    started_at: '2026-08-01T15:30:32.683Z',
    finished_at: '2026-08-01T15:30:34.604Z'
  },
  logs: []
} to 28080:0
2026-08-01T15:30:35.582Z CLI info [testhub:request-queue-handler]  [xaanhohtdvfsqq0homijoarw9zdhmjr6jcdbq5va]  [d0510953-c0e4-46ee-8742-4adccea646fd]  Processing batch event [
  {
    event_type: 'HookRunFinished',
    hook_run: {
      type: 'hook',
      hook_type: 'AFTER_METHOD',
      framework: 'TestNG',
      uuid: '3181cda6-3bf9-4833-96f3-6a9ddd519c80',
      name: 'tearDown',
      result: 'passed',
      test_run_id: '9e5b9c94-63ef-431f-9f50-abc41c4f8a09',
      body: { lang: 'java', code: null },
      scope: 'Cross-Platform.com.browserstack.BStackDemoTest',
      custom_metadata: {},
      tags: [],
      scopes: [ 'Cross-Platform', 'com.browserstack.BStackDemoTest' ],
      file_name: 'testng-browserstack-master/src/test/java/com/browserstack/BStackDemoTest.java',
      vc_filepath: '',
      location: 'testng-browserstack-master/src/test/java/com/browserstack/BStackDemoTest.java',
      started_at: '2026-08-01T15:30:32.683Z',
      finished_at: '2026-08-01T15:30:34.604Z'
    },
    logs: []
  }
] to 28080:0
2026-08-01T15:30:35.583Z CLI info  [xaanhohtdvfsqq0homijoarw9zdhmjr6jcdbq5va]  [d0510953-c0e4-46ee-8742-4adccea646fd]  [PRODUCTION] Making POST request to https://collector-observability.browserstack.com
2026-08-01T15:30:36.806Z CLI warn [TEST REPORTING AND ANALYTICS:java:testng]  [xaanhohtdvfsqq0homijoarw9zdhmjr6jcdbq5va]  [d0510953-c0e4-46ee-8742-4adccea646fd]  TestRunFinished: event={"test_hook_last_started":"BEFORE_METHOD","test_failure_type":null,"test_rerun_name":"BStackDemo-0","test_result_at":"2026-08-01T21:00:36.185681","test_scope":"Cross-Platform.com.browserstack.BStackDemoTest","test_framework_name":"TestNG","test_tags":"","cbt_session_created":true,"test_started_at":"2026-08-01T21:00:25.868695","platform_index":0,"test_failure":null,"test_framework_version":"7.4.0","test_logs":[],"test_scopes":["Cross-Platform","com.browserstack.BStackDemoTest"],"test_code":"public void com.browserstack.BStackDemoTest.addProductToCart() throws java.lang.Exception","test_id":"BStackDemo-0@0","test_uuid":"6ba155db-8b69-4442-a51f-48cf48b399be","test_ended_at":"2026-08-01T21:00:36.186312","automate_session_name":"BStackDemo-00","hookAttachStartMs":1785598215617,"test_hook_last_finished":"BEFORE_METHOD","test_session_name":"com.browserstack.BStackDemoTest-addProductToCart","custom_metadata":{},"test_failure_reason":null,"test_location":"src/test/java/com/browserstack/BStackDemoTest.java","test_hooks_started":{"BEFORE_METHOD":[]},"test_file_path":"src/test/java/com/browserstack/BStackDemoTest.java","test_result":"passed","test_hooks_finished":{"BEFORE_METHOD":[{"hook_name":"setUp","hook_result":"passed","test_file_path":"testng-browserstack-master/src/test/java/com/browserstack/BStackDemoTest.java","event_started_at":"2026-08-01T21:00:15.650902","hook_id":"85c2e5d4-6bbd-4c15-9975-e345b1e2cbbc","hook_logs":[],"logs":[],"key":"BEFORE_METHOD","custom_metadata":{},"event_ended_at":"2026-08-01T21:00:25.857467","test_location":"testng-browserstack-master/src/test/java/com/browserstack/BStackDemoTest.java"}]},"hook_id":"85c2e5d4-6bbd-4c15-9975-e345b1e2cbbc","test_meta":{},"isBrowserstackAutomationSession":true,"test_name":"addProductToCart","logs":[]}
2026-08-01T15:30:36.809Z CLI info [testhub:request-queue-handler]  [xaanhohtdvfsqq0homijoarw9zdhmjr6jcdbq5va]  [d0510953-c0e4-46ee-8742-4adccea646fd]  Added the event {
  event_type: 'TestRunFinished',
  test_run: {
    type: 'test',
    framework: 'TestNG',
    uuid: '6ba155db-8b69-4442-a51f-48cf48b399be',
    name: 'addProductToCart',
    body: {
      lang: 'java',
      code: 'public void com.browserstack.BStackDemoTest.addProductToCart() throws java.lang.Exception'
    },
    identifier: 'addProductToCart',
    scope: 'Cross-Platform.com.browserstack.BStackDemoTest',
    scopes: [ 'Cross-Platform', 'com.browserstack.BStackDemoTest' ],
    file_name: 'src/test/java/com/browserstack/BStackDemoTest.java',
    vc_filepath: '',
    location: 'src/test/java/com/browserstack/BStackDemoTest.java',
    meta: {},
    result: 'passed',
    duration_in_ms: 10318,
    started_at: '2026-08-01T15:30:25.868Z',
    finished_at: '2026-08-01T15:30:36.186Z',
    failure: null,
    failure_type: null,
    failure_reason: null,
    retry_of: null,
    custom_metadata: {},
    tags: [],
    customRerunParam: { rerun_name: 'BStackDemo-0' },
    hooks: [ '85c2e5d4-6bbd-4c15-9975-e345b1e2cbbc' ],
    product_map: {
      observability: true,
      accessibility: false,
      percy: false,
      automate: true,
      app_automate: false,
      lts: false
    }
  },
  logs: []
} to 28080:0
2026-08-01T15:30:36.834Z CLI info [testhub:request-queue-handler]  [xaanhohtdvfsqq0homijoarw9zdhmjr6jcdbq5va]  [d0510953-c0e4-46ee-8742-4adccea646fd]  Added the event {
  event_type: 'CBTSessionCreated',
  test_run: {
    uuid: 'f386a0d4-4a1f-4aae-8df4-f42cdca1c0e4',
    integrations: { browserstack: [Object] }
  }
} to 28080:0
2026-08-01T15:30:36.840Z CLI info [testhub:request-queue-handler]  [xaanhohtdvfsqq0homijoarw9zdhmjr6jcdbq5va]  [d0510953-c0e4-46ee-8742-4adccea646fd]  Added the event {
  event_type: 'HookRunStarted',
  hook_run: {
    type: 'hook',
    hook_type: 'AFTER_METHOD',
    framework: 'TestNG',
    uuid: 'f386a0d4-4a1f-4aae-8df4-f42cdca1c0e4',
    name: 'tearDown',
    result: 'pending',
    test_run_id: '6ba155db-8b69-4442-a51f-48cf48b399be',
    body: { lang: 'java', code: null },
    scope: 'Cross-Platform.com.browserstack.BStackDemoTest',
    custom_metadata: {},
    tags: [],
    scopes: [ 'Cross-Platform', 'com.browserstack.BStackDemoTest' ],
    file_name: 'testng-browserstack-master/src/test/java/com/browserstack/BStackDemoTest.java',
    vc_filepath: '',
    location: 'testng-browserstack-master/src/test/java/com/browserstack/BStackDemoTest.java',
    started_at: '2026-08-01T15:30:36.827Z'
  },
  logs: []
} to 28080:0
2026-08-01T15:30:37.580Z CLI info [testhub:request-queue-handler]  [xaanhohtdvfsqq0homijoarw9zdhmjr6jcdbq5va]  [d0510953-c0e4-46ee-8742-4adccea646fd]  Processing batch event [
  {
    event_type: 'TestRunFinished',
    test_run: {
      type: 'test',
      framework: 'TestNG',
      uuid: '6ba155db-8b69-4442-a51f-48cf48b399be',
      name: 'addProductToCart',
      body: {
        lang: 'java',
        code: 'public void com.browserstack.BStackDemoTest.addProductToCart() throws java.lang.Exception'
      },
      identifier: 'addProductToCart',
      scope: 'Cross-Platform.com.browserstack.BStackDemoTest',
      scopes: [ 'Cross-Platform', 'com.browserstack.BStackDemoTest' ],
      file_name: 'src/test/java/com/browserstack/BStackDemoTest.java',
      vc_filepath: '',
      location: 'src/test/java/com/browserstack/BStackDemoTest.java',
      meta: {},
      result: 'passed',
      duration_in_ms: 10318,
      started_at: '2026-08-01T15:30:25.868Z',
      finished_at: '2026-08-01T15:30:36.186Z',
      failure: null,
      failure_type: null,
      failure_reason: null,
      retry_of: null,
      custom_metadata: {},
      tags: [],
      customRerunParam: { rerun_name: 'BStackDemo-0' },
      hooks: [ '85c2e5d4-6bbd-4c15-9975-e345b1e2cbbc' ],
      product_map: {
        observability: true,
        accessibility: false,
        percy: false,
        automate: true,
        app_automate: false,
        lts: false
      }
    },
    logs: []
  },
  {
    event_type: 'CBTSessionCreated',
    test_run: {
      uuid: 'f386a0d4-4a1f-4aae-8df4-f42cdca1c0e4',
      integrations: {
        browserstack: {
          product: 'automate',
          session_id: 'e9de42fb3de6bf5a96f80975561c1029ad3b1dd4',
          capabilities: {
            acceptInsecureCerts: false,
            browserName: 'chrome',
            browserVersion: '148.0.7778.97',
            chrome: {
              chromedriverVersion: '148.0.7778.97 (6b3fa66a923a9442c8ab0bc71b4b41ff24528d3b-refs/branch-heads/7778@{#1905})',
              userDataDir: 'C:\\Windows\\proxy\\scoped_dir10520_993393911'
            },
            'fedcm:accounts': true,
            'goog:chromeOptions': { debuggerAddress: 'localhost:6534' },
            'goog:processID': 5676,
            networkConnectionEnabled: false,
            optimalHubUrl: 'hub-aps.browserstack.com',
            pageLoadStrategy: 'normal',
            platformName: 'WINDOWS',
            proxy: {
              proxyType: 'UNSPECIFIED',
              autodetect: false,
              ftpProxy: null,
              httpProxy: null,
              noProxy: null,
              sslProxy: null,
              socksProxy: null,
              socksVersion: null,
              socksUsername: null,
              socksPassword: null,
              proxyAutoconfigUrl: null
            },
            setWindowRect: true,
            strictFileInteractability: false,
            timeouts: { implicit: 0, pageLoad: 300000, script: 30000 },
            unhandledPromptBehavior: 'dismiss and notify',
            'webauthn:extension:credBlob': true,
            'webauthn:extension:largeBlob': true,
            'webauthn:extension:minPinLength': true,
            'webauthn:extension:prf': true,
            'webauthn:virtualAuthenticators': true,
            'webdriver.remote.sessionid': 'e9de42fb3de6bf5a96f80975561c1029ad3b1dd4'
          },
          platform: 'Windows',
          platform_version: '11',
          browser: 'Chrome',
          browser_version: '148.0'
        }
      }
    }
  },
  {
    event_type: 'HookRunStarted',
    hook_run: {
      type: 'hook',
      hook_type: 'AFTER_METHOD',
      framework: 'TestNG',
      uuid: 'f386a0d4-4a1f-4aae-8df4-f42cdca1c0e4',
      name: 'tearDown',
      result: 'pending',
      test_run_id: '6ba155db-8b69-4442-a51f-48cf48b399be',
      body: { lang: 'java', code: null },
      scope: 'Cross-Platform.com.browserstack.BStackDemoTest',
      custom_metadata: {},
      tags: [],
      scopes: [ 'Cross-Platform', 'com.browserstack.BStackDemoTest' ],
      file_name: 'testng-browserstack-master/src/test/java/com/browserstack/BStackDemoTest.java',
      vc_filepath: '',
      location: 'testng-browserstack-master/src/test/java/com/browserstack/BStackDemoTest.java',
      started_at: '2026-08-01T15:30:36.827Z'
    },
    logs: []
  }
] to 28080:0
2026-08-01T15:30:37.582Z CLI info  [xaanhohtdvfsqq0homijoarw9zdhmjr6jcdbq5va]  [d0510953-c0e4-46ee-8742-4adccea646fd]  [PRODUCTION] Making POST request to https://collector-observability.browserstack.com
2026-08-01T15:30:38.447Z CLI info [testhub:request-queue-handler]  [xaanhohtdvfsqq0homijoarw9zdhmjr6jcdbq5va]  [d0510953-c0e4-46ee-8742-4adccea646fd]  Added the event {
  event_type: 'HookRunFinished',
  hook_run: {
    type: 'hook',
    hook_type: 'AFTER_METHOD',
    framework: 'TestNG',
    uuid: 'f386a0d4-4a1f-4aae-8df4-f42cdca1c0e4',
    name: 'tearDown',
    result: 'passed',
    test_run_id: '6ba155db-8b69-4442-a51f-48cf48b399be',
    body: { lang: 'java', code: null },
    scope: 'Cross-Platform.com.browserstack.BStackDemoTest',
    custom_metadata: {},
    tags: [],
    scopes: [ 'Cross-Platform', 'com.browserstack.BStackDemoTest' ],
    file_name: 'testng-browserstack-master/src/test/java/com/browserstack/BStackDemoTest.java',
    vc_filepath: '',
    location: 'testng-browserstack-master/src/test/java/com/browserstack/BStackDemoTest.java',
    started_at: '2026-08-01T15:30:36.827Z',
    finished_at: '2026-08-01T15:30:38.437Z'
  },
  logs: []
} to 28080:0
2026-08-01T15:30:39.005Z CLI info [ai:module]  [xaanhohtdvfsqq0homijoarw9zdhmjr6jcdbq5va]  [d0510953-c0e4-46ee-8742-4adccea646fd]  beforeSession: d0510953-c0e4-46ee-8742-4adccea646fd
2026-08-01T15:30:39.028Z CLI info [testhub:request-queue-handler]  [xaanhohtdvfsqq0homijoarw9zdhmjr6jcdbq5va]  [d0510953-c0e4-46ee-8742-4adccea646fd]  Added the event {
  event_type: 'HookRunFinished',
  hook_run: {
    type: 'hook',
    hook_type: 'BEFORE_METHOD',
    framework: 'TestNG',
    uuid: '8f8a7125-e775-4b1f-b2cf-ac7ed94fef3d',
    name: 'setUp',
    result: 'passed',
    test_run_id: 'd75a2710-23e1-4834-9d8b-3321ea530c96',
    body: { lang: 'java', code: null },
    scope: 'Cross-Platform.com.browserstack.BStackDemoTest',
    custom_metadata: {},
    tags: [],
    scopes: [ 'Cross-Platform', 'com.browserstack.BStackDemoTest' ],
    file_name: 'testng-browserstack-master/src/test/java/com/browserstack/BStackDemoTest.java',
    vc_filepath: '',
    location: 'testng-browserstack-master/src/test/java/com/browserstack/BStackDemoTest.java',
    started_at: '2026-08-01T15:30:15.650Z',
    finished_at: '2026-08-01T15:30:39.023Z'
  },
  logs: []
} to 28080:0
2026-08-01T15:30:39.040Z CLI info [testhub:request-queue-handler]  [xaanhohtdvfsqq0homijoarw9zdhmjr6jcdbq5va]  [d0510953-c0e4-46ee-8742-4adccea646fd]  Added the event {
  event_type: 'CBTSessionCreated',
  test_run: {
    uuid: 'd75a2710-23e1-4834-9d8b-3321ea530c96',
    integrations: { browserstack: [Object] }
  }
} to 28080:0
2026-08-01T15:30:39.047Z CLI info [testhub:request-queue-handler]  [xaanhohtdvfsqq0homijoarw9zdhmjr6jcdbq5va]  [d0510953-c0e4-46ee-8742-4adccea646fd]  Added the event {
  event_type: 'TestRunStarted',
  test_run: {
    type: 'test',
    framework: 'TestNG',
    uuid: 'd75a2710-23e1-4834-9d8b-3321ea530c96',
    name: 'addProductToCart',
    body: {
      lang: 'java',
      code: 'public void com.browserstack.BStackDemoTest.addProductToCart() throws java.lang.Exception'
    },
    identifier: 'addProductToCart',
    scope: 'Cross-Platform.com.browserstack.BStackDemoTest',
    scopes: [ 'Cross-Platform', 'com.browserstack.BStackDemoTest' ],
    file_name: 'src/test/java/com/browserstack/BStackDemoTest.java',
    vc_filepath: '',
    location: 'src/test/java/com/browserstack/BStackDemoTest.java',
    meta: {},
    result: 'pending',
    duration_in_ms: null,
    started_at: '2026-08-01T15:30:39.036Z',
    failure: undefined,
    failure_type: undefined,
    failure_reason: undefined,
    retry_of: null,
    custom_metadata: {},
    tags: [],
    customRerunParam: { rerun_name: 'BStackDemo-2' },
    hooks: [],
    product_map: {
      observability: true,
      accessibility: false,
      percy: false,
      automate: true,
      app_automate: false,
      lts: false
    },
    integrations: { browserstack: [Object] }
  },
  logs: []
} to 28080:0
2026-08-01T15:30:39.590Z CLI info [testhub:request-queue-handler]  [xaanhohtdvfsqq0homijoarw9zdhmjr6jcdbq5va]  [d0510953-c0e4-46ee-8742-4adccea646fd]  Processing batch event [
  {
    event_type: 'HookRunFinished',
    hook_run: {
      type: 'hook',
      hook_type: 'AFTER_METHOD',
      framework: 'TestNG',
      uuid: 'f386a0d4-4a1f-4aae-8df4-f42cdca1c0e4',
      name: 'tearDown',
      result: 'passed',
      test_run_id: '6ba155db-8b69-4442-a51f-48cf48b399be',
      body: { lang: 'java', code: null },
      scope: 'Cross-Platform.com.browserstack.BStackDemoTest',
      custom_metadata: {},
      tags: [],
      scopes: [ 'Cross-Platform', 'com.browserstack.BStackDemoTest' ],
      file_name: 'testng-browserstack-master/src/test/java/com/browserstack/BStackDemoTest.java',
      vc_filepath: '',
      location: 'testng-browserstack-master/src/test/java/com/browserstack/BStackDemoTest.java',
      started_at: '2026-08-01T15:30:36.827Z',
      finished_at: '2026-08-01T15:30:38.437Z'
    },
    logs: []
  },
  {
    event_type: 'HookRunFinished',
    hook_run: {
      type: 'hook',
      hook_type: 'BEFORE_METHOD',
      framework: 'TestNG',
      uuid: '8f8a7125-e775-4b1f-b2cf-ac7ed94fef3d',
      name: 'setUp',
      result: 'passed',
      test_run_id: 'd75a2710-23e1-4834-9d8b-3321ea530c96',
      body: { lang: 'java', code: null },
      scope: 'Cross-Platform.com.browserstack.BStackDemoTest',
      custom_metadata: {},
      tags: [],
      scopes: [ 'Cross-Platform', 'com.browserstack.BStackDemoTest' ],
      file_name: 'testng-browserstack-master/src/test/java/com/browserstack/BStackDemoTest.java',
      vc_filepath: '',
      location: 'testng-browserstack-master/src/test/java/com/browserstack/BStackDemoTest.java',
      started_at: '2026-08-01T15:30:15.650Z',
      finished_at: '2026-08-01T15:30:39.023Z'
    },
    logs: []
  },
  {
    event_type: 'CBTSessionCreated',
    test_run: {
      uuid: 'd75a2710-23e1-4834-9d8b-3321ea530c96',
      integrations: {
        browserstack: {
          product: 'automate',
          session_id: '036c06f1adb12794a99c2fd050ba16823617d57a',
          capabilities: {
            automationName: 'XCUITest',
            bootstrapPath: '/usr/local/.browserstack/config/wda_derived_data_15_3.3.0.11.0.0_515e29e8-234f-4a0f-a938-5ab844beed3d/Build/Products',
            browserName: 'safari',
            'browserstack.isTargetBased': 'true',
            databaseEnabled: false,
            deviceName: 'iPhone 13',
            deviceOrientation: 'PORTRAIT',
            javascriptEnabled: true,
            keychainPassword: '[REDACTED VALUE]',
            keychainPath: '[REDACTED VALUE]',
            locationContextEnabled: false,
            networkConnectionEnabled: false,
            newCommandTimeout: 0,
            noReset: true,
            optimalHubUrl: 'hub-aps.browserstack.com',
            orientation: 'PORTRAIT',
            platform: 'MAC',
            platformName: 'IOS',
            realMobile: 'true',
            safariIgnoreFraudWarning: true,
            takesScreenshot: true,
            udid: '00008110-001579D01432401E',
            useXctestrunFile: true,
            webStorageEnabled: false
          },
          platform: 'IOS',
          platform_version: '15',
          browser: 'Safari',
          browser_version: undefined,
          device_name: 'iPhone 13'
        }
      }
    }
  },
  {
    event_type: 'TestRunStarted',
    test_run: {
      type: 'test',
      framework: 'TestNG',
      uuid: 'd75a2710-23e1-4834-9d8b-3321ea530c96',
      name: 'addProductToCart',
      body: {
        lang: 'java',
        code: 'public void com.browserstack.BStackDemoTest.addProductToCart() throws java.lang.Exception'
      },
      identifier: 'addProductToCart',
      scope: 'Cross-Platform.com.browserstack.BStackDemoTest',
      scopes: [ 'Cross-Platform', 'com.browserstack.BStackDemoTest' ],
      file_name: 'src/test/java/com/browserstack/BStackDemoTest.java',
      vc_filepath: '',
      location: 'src/test/java/com/browserstack/BStackDemoTest.java',
      meta: {},
      result: 'pending',
      duration_in_ms: null,
      started_at: '2026-08-01T15:30:39.036Z',
      failure: undefined,
      failure_type: undefined,
      failure_reason: undefined,
      retry_of: null,
      custom_metadata: {},
      tags: [],
      customRerunParam: { rerun_name: 'BStackDemo-2' },
      hooks: [],
      product_map: {
        observability: true,
        accessibility: false,
        percy: false,
        automate: true,
        app_automate: false,
        lts: false
      },
      integrations: {
        browserstack: {
          product: 'automate',
          session_id: '036c06f1adb12794a99c2fd050ba16823617d57a',
          capabilities: {
            automationName: 'XCUITest',
            bootstrapPath: '/usr/local/.browserstack/config/wda_derived_data_15_3.3.0.11.0.0_515e29e8-234f-4a0f-a938-5ab844beed3d/Build/Products',
            browserName: 'safari',
            'browserstack.isTargetBased': 'true',
            databaseEnabled: false,
            deviceName: 'iPhone 13',
            deviceOrientation: 'PORTRAIT',
            javascriptEnabled: true,
            keychainPassword: '[REDACTED VALUE]',
            keychainPath: '[REDACTED VALUE]',
            locationContextEnabled: false,
            networkConnectionEnabled: false,
            newCommandTimeout: 0,
            noReset: true,
            optimalHubUrl: 'hub-aps.browserstack.com',
            orientation: 'PORTRAIT',
            platform: 'MAC',
            platformName: 'IOS',
            realMobile: 'true',
            safariIgnoreFraudWarning: true,
            takesScreenshot: true,
            udid: '00008110-001579D01432401E',
            useXctestrunFile: true,
            webStorageEnabled: false
          },
          platform: 'IOS',
          platform_version: '15',
          browser: 'Safari',
          browser_version: undefined,
          device_name: 'iPhone 13'
        }
      }
    },
    logs: []
  }
] to 28080:0
2026-08-01T15:30:39.591Z CLI info  [xaanhohtdvfsqq0homijoarw9zdhmjr6jcdbq5va]  [d0510953-c0e4-46ee-8742-4adccea646fd]  [PRODUCTION] Making POST request to https://collector-observability.browserstack.com
2026-08-01T15:30:41.403Z CLI warn [TEST REPORTING AND ANALYTICS:java:testng]  [xaanhohtdvfsqq0homijoarw9zdhmjr6jcdbq5va]  [d0510953-c0e4-46ee-8742-4adccea646fd]  TestRunFinished: event={"test_hook_last_started":"BEFORE_METHOD","test_failure_type":"AssertionError","test_rerun_name":"BStackDemo-2","test_result_at":"2026-08-01T21:00:40.774016","test_scope":"Cross-Platform.com.browserstack.BStackDemoTest","test_framework_name":"TestNG","test_tags":"","cbt_session_created":true,"test_started_at":"2026-08-01T21:00:39.036764","platform_index":2,"test_failure":[{"backtrace":["java.lang.AssertionError: expected [true] but found [false]","\tat org.testng.Assert.fail(Assert.java:99)","\tat org.testng.Assert.failNotEquals(Assert.java:1037)","\tat org.testng.Assert.assertTrue(Assert.java:45)","\tat org.testng.Assert.assertTrue(Assert.java:55)","\tat com.browserstack.BStackDemoTest.addProductToCart(BStackDemoTest.java:15)","\tat java.base/jdk.internal.reflect.DirectMethodHandleAccessor.invoke(DirectMethodHandleAccessor.java:103)","\tat java.base/java.lang.reflect.Method.invoke(Method.java:580)","\tat org.testng.internal.MethodInvocationHelper.invokeMethod(MethodInvocationHelper.java:133)","\tat org.testng.internal.TestInvoker.invokeMethod(TestInvoker.java:598)","\tat org.testng.internal.TestInvoker.invokeTestMethod(TestInvoker.java:173)","\tat org.testng.internal.MethodRunner.runInSequence(MethodRunner.java:46)","\tat org.testng.internal.TestInvoker$MethodInvocationAgent.invoke(TestInvoker.java:824)","\tat org.testng.internal.TestInvoker.invokeTestMethods(TestInvoker.java:146)","\tat org.testng.internal.TestMethodWorker.invokeTestMethods(TestMethodWorker.java:146)","\tat org.testng.internal.TestMethodWorker.run(TestMethodWorker.java:128)","\tat java.base/java.util.ArrayList.forEach(ArrayList.java:1597)","\tat org.testng.TestRunner.privateRun(TestRunner.java:794)","\tat org.testng.TestRunner.run(TestRunner.java:596)","\tat org.testng.SuiteRunner.runTest(SuiteRunner.java:377)","\tat org.testng.SuiteRunner.access$000(SuiteRunner.java:28)","\tat org.testng.SuiteRunner$SuiteWorker.run(SuiteRunner.java:418)","\tat org.testng.internal.thread.ThreadUtil.lambda$execute$0(ThreadUtil.java:64)","\tat java.base/java.util.concurrent.FutureTask.run(FutureTask.java:317)","\tat java.base/java.util.concurrent.ThreadPoolExecutor.runWorker(ThreadPoolExecutor.java:1144)","\tat java.base/java.util.concurrent.ThreadPoolExecutor$Worker.run(ThreadPoolExecutor.java:642)","\tat java.base/java.lang.Thread.run(Thread.java:1570)"]}],"test_framework_version":"7.4.0","test_logs":[],"test_scopes":["Cross-Platform","com.browserstack.BStackDemoTest"],"test_code":"public void com.browserstack.BStackDemoTest.addProductToCart() throws java.lang.Exception","test_id":"BStackDemo-2@2","test_uuid":"d75a2710-23e1-4834-9d8b-3321ea530c96","test_ended_at":"2026-08-01T21:00:40.775066","automate_session_name":"BStackDemo-22","hookAttachStartMs":1785598215617,"test_hook_last_finished":"BEFORE_METHOD","test_session_name":"com.browserstack.BStackDemoTest-addProductToCart","custom_metadata":{},"test_failure_reason":"java.lang.AssertionError: expected [true] but found [false]","test_location":"src/test/java/com/browserstack/BStackDemoTest.java","test_hooks_started":{"BEFORE_METHOD":[]},"test_file_path":"src/test/java/com/browserstack/BStackDemoTest.java","test_result":"failed","test_hooks_finished":{"BEFORE_METHOD":[{"hook_name":"setUp","hook_result":"passed","test_file_path":"testng-browserstack-master/src/test/java/com/browserstack/BStackDemoTest.java","event_started_at":"2026-08-01T21:00:15.650862","hook_id":"8f8a7125-e775-4b1f-b2cf-ac7ed94fef3d","hook_logs":[],"logs":[],"key":"BEFORE_METHOD","custom_metadata":{},"event_ended_at":"2026-08-01T21:00:39.023941","test_location":"testng-browserstack-master/src/test/java/com/browserstack/BStackDemoTest.java"}]},"hook_id":"8f8a7125-e775-4b1f-b2cf-ac7ed94fef3d","test_meta":{},"isBrowserstackAutomationSession":true,"test_name":"addProductToCart","logs":[]}
2026-08-01T15:30:41.405Z CLI info [testhub:request-queue-handler]  [xaanhohtdvfsqq0homijoarw9zdhmjr6jcdbq5va]  [d0510953-c0e4-46ee-8742-4adccea646fd]  Added the event {
  event_type: 'TestRunFinished',
  test_run: {
    type: 'test',
    framework: 'TestNG',
    uuid: 'd75a2710-23e1-4834-9d8b-3321ea530c96',
    name: 'addProductToCart',
    body: {
      lang: 'java',
      code: 'public void com.browserstack.BStackDemoTest.addProductToCart() throws java.lang.Exception'
    },
    identifier: 'addProductToCart',
    scope: 'Cross-Platform.com.browserstack.BStackDemoTest',
    scopes: [ 'Cross-Platform', 'com.browserstack.BStackDemoTest' ],
    file_name: 'src/test/java/com/browserstack/BStackDemoTest.java',
    vc_filepath: '',
    location: 'src/test/java/com/browserstack/BStackDemoTest.java',
    meta: {},
    result: 'failed',
    duration_in_ms: 1739,
    started_at: '2026-08-01T15:30:39.036Z',
    finished_at: '2026-08-01T15:30:40.775Z',
    failure: [ [Object] ],
    failure_type: 'AssertionError',
    failure_reason: 'java.lang.AssertionError: expected [true] but found [false]',
    retry_of: null,
    custom_metadata: {},
    tags: [],
    customRerunParam: { rerun_name: 'BStackDemo-2' },
    hooks: [ '8f8a7125-e775-4b1f-b2cf-ac7ed94fef3d' ],
    product_map: {
      observability: true,
      accessibility: false,
      percy: false,
      automate: true,
      app_automate: false,
      lts: false
    }
  },
  logs: []
} to 28080:0
2026-08-01T15:30:41.466Z CLI info [testhub:request-queue-handler]  [xaanhohtdvfsqq0homijoarw9zdhmjr6jcdbq5va]  [d0510953-c0e4-46ee-8742-4adccea646fd]  Added the event {
  event_type: 'CBTSessionCreated',
  test_run: {
    uuid: '7be2b44c-476e-4e8e-86f8-5bd14ecf7d6f',
    integrations: { browserstack: [Object] }
  }
} to 28080:0
2026-08-01T15:30:41.482Z CLI info [testhub:request-queue-handler]  [xaanhohtdvfsqq0homijoarw9zdhmjr6jcdbq5va]  [d0510953-c0e4-46ee-8742-4adccea646fd]  Added the event {
  event_type: 'HookRunStarted',
  hook_run: {
    type: 'hook',
    hook_type: 'AFTER_METHOD',
    framework: 'TestNG',
    uuid: '7be2b44c-476e-4e8e-86f8-5bd14ecf7d6f',
    name: 'tearDown',
    result: 'pending',
    test_run_id: 'd75a2710-23e1-4834-9d8b-3321ea530c96',
    body: { lang: 'java', code: null },
    scope: 'Cross-Platform.com.browserstack.BStackDemoTest',
    custom_metadata: {},
    tags: [],
    scopes: [ 'Cross-Platform', 'com.browserstack.BStackDemoTest' ],
    file_name: 'testng-browserstack-master/src/test/java/com/browserstack/BStackDemoTest.java',
    vc_filepath: '',
    location: 'testng-browserstack-master/src/test/java/com/browserstack/BStackDemoTest.java',
    started_at: '2026-08-01T15:30:41.438Z'
  },
  logs: []
} to 28080:0
2026-08-01T15:30:41.590Z CLI info [testhub:request-queue-handler]  [xaanhohtdvfsqq0homijoarw9zdhmjr6jcdbq5va]  [d0510953-c0e4-46ee-8742-4adccea646fd]  Processing batch event [
  {
    event_type: 'TestRunFinished',
    test_run: {
      type: 'test',
      framework: 'TestNG',
      uuid: 'd75a2710-23e1-4834-9d8b-3321ea530c96',
      name: 'addProductToCart',
      body: {
        lang: 'java',
        code: 'public void com.browserstack.BStackDemoTest.addProductToCart() throws java.lang.Exception'
      },
      identifier: 'addProductToCart',
      scope: 'Cross-Platform.com.browserstack.BStackDemoTest',
      scopes: [ 'Cross-Platform', 'com.browserstack.BStackDemoTest' ],
      file_name: 'src/test/java/com/browserstack/BStackDemoTest.java',
      vc_filepath: '',
      location: 'src/test/java/com/browserstack/BStackDemoTest.java',
      meta: {},
      result: 'failed',
      duration_in_ms: 1739,
      started_at: '2026-08-01T15:30:39.036Z',
      finished_at: '2026-08-01T15:30:40.775Z',
      failure: [
        {
          backtrace: [
            'java.lang.AssertionError: expected [true] but found [false]',
            '\tat org.testng.Assert.fail(Assert.java:99)',
            '\tat org.testng.Assert.failNotEquals(Assert.java:1037)',
            '\tat org.testng.Assert.assertTrue(Assert.java:45)',
            '\tat org.testng.Assert.assertTrue(Assert.java:55)',
            '\tat com.browserstack.BStackDemoTest.addProductToCart(BStackDemoTest.java:15)',
            '\tat java.base/jdk.internal.reflect.DirectMethodHandleAccessor.invoke(DirectMethodHandleAccessor.java:103)',
            '\tat java.base/java.lang.reflect.Method.invoke(Method.java:580)',
            '\tat org.testng.internal.MethodInvocationHelper.invokeMethod(MethodInvocationHelper.java:133)',
            '\tat org.testng.internal.TestInvoker.invokeMethod(TestInvoker.java:598)',
            '\tat org.testng.internal.TestInvoker.invokeTestMethod(TestInvoker.java:173)',
            '\tat org.testng.internal.MethodRunner.runInSequence(MethodRunner.java:46)',
            '\tat org.testng.internal.TestInvoker$MethodInvocationAgent.invoke(TestInvoker.java:824)',
            '\tat org.testng.internal.TestInvoker.invokeTestMethods(TestInvoker.java:146)',
            '\tat org.testng.internal.TestMethodWorker.invokeTestMethods(TestMethodWorker.java:146)',
            '\tat org.testng.internal.TestMethodWorker.run(TestMethodWorker.java:128)',
            '\tat java.base/java.util.ArrayList.forEach(ArrayList.java:1597)',
            '\tat org.testng.TestRunner.privateRun(TestRunner.java:794)',
            '\tat org.testng.TestRunner.run(TestRunner.java:596)',
            '\tat org.testng.SuiteRunner.runTest(SuiteRunner.java:377)',
            '\tat org.testng.SuiteRunner.access$000(SuiteRunner.java:28)',
            '\tat org.testng.SuiteRunner$SuiteWorker.run(SuiteRunner.java:418)',
            '\tat org.testng.internal.thread.ThreadUtil.lambda$execute$0(ThreadUtil.java:64)',
            '\tat java.base/java.util.concurrent.FutureTask.run(FutureTask.java:317)',
            '\tat java.base/java.util.concurrent.ThreadPoolExecutor.runWorker(ThreadPoolExecutor.java:1144)',
            '\tat java.base/java.util.concurrent.ThreadPoolExecutor$Worker.run(ThreadPoolExecutor.java:642)',
            '\tat java.base/java.lang.Thread.run(Thread.java:1570)'
          ]
        }
      ],
      failure_type: 'AssertionError',
      failure_reason: 'java.lang.AssertionError: expected [true] but found [false]',
      retry_of: null,
      custom_metadata: {},
      tags: [],
      customRerunParam: { rerun_name: 'BStackDemo-2' },
      hooks: [ '8f8a7125-e775-4b1f-b2cf-ac7ed94fef3d' ],
      product_map: {
        observability: true,
        accessibility: false,
        percy: false,
        automate: true,
        app_automate: false,
        lts: false
      }
    },
    logs: []
  },
  {
    event_type: 'CBTSessionCreated',
    test_run: {
      uuid: '7be2b44c-476e-4e8e-86f8-5bd14ecf7d6f',
      integrations: {
        browserstack: {
          product: 'automate',
          session_id: '036c06f1adb12794a99c2fd050ba16823617d57a',
          capabilities: {
            automationName: 'XCUITest',
            bootstrapPath: '/usr/local/.browserstack/config/wda_derived_data_15_3.3.0.11.0.0_515e29e8-234f-4a0f-a938-5ab844beed3d/Build/Products',
            browserName: 'safari',
            'browserstack.isTargetBased': 'true',
            databaseEnabled: false,
            deviceName: 'iPhone 13',
            deviceOrientation: 'PORTRAIT',
            javascriptEnabled: true,
            keychainPassword: '[REDACTED VALUE]',
            keychainPath: '[REDACTED VALUE]',
            locationContextEnabled: false,
            networkConnectionEnabled: false,
            newCommandTimeout: 0,
            noReset: true,
            optimalHubUrl: 'hub-aps.browserstack.com',
            orientation: 'PORTRAIT',
            platform: 'MAC',
            platformName: 'IOS',
            realMobile: 'true',
            safariIgnoreFraudWarning: true,
            takesScreenshot: true,
            udid: '00008110-001579D01432401E',
            useXctestrunFile: true,
            webStorageEnabled: false
          },
          platform: 'IOS',
          platform_version: '15',
          browser: 'Safari',
          browser_version: undefined,
          device_name: 'iPhone 13'
        }
      }
    }
  },
  {
    event_type: 'HookRunStarted',
    hook_run: {
      type: 'hook',
      hook_type: 'AFTER_METHOD',
      framework: 'TestNG',
      uuid: '7be2b44c-476e-4e8e-86f8-5bd14ecf7d6f',
      name: 'tearDown',
      result: 'pending',
      test_run_id: 'd75a2710-23e1-4834-9d8b-3321ea530c96',
      body: { lang: 'java', code: null },
      scope: 'Cross-Platform.com.browserstack.BStackDemoTest',
      custom_metadata: {},
      tags: [],
      scopes: [ 'Cross-Platform', 'com.browserstack.BStackDemoTest' ],
      file_name: 'testng-browserstack-master/src/test/java/com/browserstack/BStackDemoTest.java',
      vc_filepath: '',
      location: 'testng-browserstack-master/src/test/java/com/browserstack/BStackDemoTest.java',
      started_at: '2026-08-01T15:30:41.438Z'
    },
    logs: []
  }
] to 28080:0
2026-08-01T15:30:41.591Z CLI info  [xaanhohtdvfsqq0homijoarw9zdhmjr6jcdbq5va]  [d0510953-c0e4-46ee-8742-4adccea646fd]  [PRODUCTION] Making POST request to https://collector-observability.browserstack.com
2026-08-01T15:30:43.108Z CLI info [testhub:request-queue-handler]  [xaanhohtdvfsqq0homijoarw9zdhmjr6jcdbq5va]  [d0510953-c0e4-46ee-8742-4adccea646fd]  Added the event {
  event_type: 'HookRunFinished',
  hook_run: {
    type: 'hook',
    hook_type: 'AFTER_METHOD',
    framework: 'TestNG',
    uuid: '7be2b44c-476e-4e8e-86f8-5bd14ecf7d6f',
    name: 'tearDown',
    result: 'passed',
    test_run_id: 'd75a2710-23e1-4834-9d8b-3321ea530c96',
    body: { lang: 'java', code: null },
    scope: 'Cross-Platform.com.browserstack.BStackDemoTest',
    custom_metadata: {},
    tags: [],
    scopes: [ 'Cross-Platform', 'com.browserstack.BStackDemoTest' ],
    file_name: 'testng-browserstack-master/src/test/java/com/browserstack/BStackDemoTest.java',
    vc_filepath: '',
    location: 'testng-browserstack-master/src/test/java/com/browserstack/BStackDemoTest.java',
    started_at: '2026-08-01T15:30:41.438Z',
    finished_at: '2026-08-01T15:30:43.101Z'
  },
  logs: []
} to 28080:0
2026-08-01T15:30:43.591Z CLI info [testhub:request-queue-handler]  [xaanhohtdvfsqq0homijoarw9zdhmjr6jcdbq5va]  [d0510953-c0e4-46ee-8742-4adccea646fd]  Processing batch event [
  {
    event_type: 'HookRunFinished',
    hook_run: {
      type: 'hook',
      hook_type: 'AFTER_METHOD',
      framework: 'TestNG',
      uuid: '7be2b44c-476e-4e8e-86f8-5bd14ecf7d6f',
      name: 'tearDown',
      result: 'passed',
      test_run_id: 'd75a2710-23e1-4834-9d8b-3321ea530c96',
      body: { lang: 'java', code: null },
      scope: 'Cross-Platform.com.browserstack.BStackDemoTest',
      custom_metadata: {},
      tags: [],
      scopes: [ 'Cross-Platform', 'com.browserstack.BStackDemoTest' ],
      file_name: 'testng-browserstack-master/src/test/java/com/browserstack/BStackDemoTest.java',
      vc_filepath: '',
      location: 'testng-browserstack-master/src/test/java/com/browserstack/BStackDemoTest.java',
      started_at: '2026-08-01T15:30:41.438Z',
      finished_at: '2026-08-01T15:30:43.101Z'
    },
    logs: []
  }
] to 28080:0
2026-08-01T15:30:43.592Z CLI info  [xaanhohtdvfsqq0homijoarw9zdhmjr6jcdbq5va]  [d0510953-c0e4-46ee-8742-4adccea646fd]  [PRODUCTION] Making POST request to https://collector-observability.browserstack.com
2026-08-01T15:30:43.657Z CLI info  [xaanhohtdvfsqq0homijoarw9zdhmjr6jcdbq5va]  [d0510953-c0e4-46ee-8742-4adccea646fd]  [PRODUCTION] Making GET request to https://api.browserstack.com
2026-08-01T15:30:44.300Z CLI info  [xaanhohtdvfsqq0homijoarw9zdhmjr6jcdbq5va]  [d0510953-c0e4-46ee-8742-4adccea646fd]  [PRODUCTION] Making PUT request to https://collector-observability.browserstack.com
2026-08-01T15:30:45.480Z CLI info [testhub:module]  [xaanhohtdvfsqq0homijoarw9zdhmjr6jcdbq5va]  [d0510953-c0e4-46ee-8742-4adccea646fd]  stopBuild: xaanhohtdvfsqq0homijoarw9zdhmjr6jcdbq5va request={"finished_at":"2026-08-01T15:30:43.657Z","finished_metadata":[],"custom_metadata":{}} response={"data":""}
2026-08-01T15:30:45.483Z CLI info  [xaanhohtdvfsqq0homijoarw9zdhmjr6jcdbq5va]  [d0510953-c0e4-46ee-8742-4adccea646fd]  [PRODUCTION] Making POST request to https://api.browserstack.com
2026-08-01T15:30:46.337Z CLI info [TEST REPORTING AND ANALYTICS:module]  [xaanhohtdvfsqq0homijoarw9zdhmjr6jcdbq5va]  [d0510953-c0e4-46ee-8742-4adccea646fd]  Visit https://automation.browserstack.com/builds/xaanhohtdvfsqq0homijoarw9zdhmjr6jcdbq5va to view build report, insights, and many more debugging information all at one place!
2026-08-01T15:30:46.337Z CLI info [ai:module]  [xaanhohtdvfsqq0homijoarw9zdhmjr6jcdbq5va]  [d0510953-c0e4-46ee-8742-4adccea646fd]  onStop: d0510953-c0e4-46ee-8742-4adccea646fd
2026-08-01T15:30:46.415Z CLI info [main]  [xaanhohtdvfsqq0homijoarw9zdhmjr6jcdbq5va]  [d0510953-c0e4-46ee-8742-4adccea646fd]  Received graceful signal termination (SIGTERM), performing cleanup
2026-08-01T15:33:45.935Z CLI info [main]    Server listening on port: 5400
2026-08-01T15:33:46.158Z CLI info    Config : {"userName":"[REDACTED]","accessKey":"[REDACTED]","platforms":[{"os":"Windows","osVersion":"11","browserName":"Chrome","browserVersion":"148.0"},{"os":"OS X","osVersion":"Monterey","browserName":"Safari","browserVersion":"15.6"},{"deviceName":"iPhone 13","osVersion":"15","browserName":"Safari","deviceOrientation":"portrait"}],"browserstackLocal":true,"buildName":"browserstack-build-1","projectName":"BrowserStack Sample","selfHeal":true,"aiAuthoring":true,"buildIdentifier":"#${BUILD_NUMBER}","framework":"testng"}
2026-08-01T15:33:46.172Z CLI info    Should start debug utility: undefined
2026-08-01T15:33:46.173Z CLI info [testhub:module]   [21fec8ce-c9ac-4940-a8c4-d1766b3c3ca4]  Starting testhub from 29321:0
2026-08-01T15:33:46.777Z CLI info   [21fec8ce-c9ac-4940-a8c4-d1766b3c3ca4]  [PRODUCTION] Making POST request to https://sdk.browserstack.com
2026-08-01T15:33:46.778Z CLI info   [21fec8ce-c9ac-4940-a8c4-d1766b3c3ca4]  [PRODUCTION] Making GET request to https://hub.browserstack.com
2026-08-01T15:33:46.888Z CLI info   [21fec8ce-c9ac-4940-a8c4-d1766b3c3ca4]  [PRODUCTION] Making GET request to https://hub-aps.browserstack.com
2026-08-01T15:33:46.889Z CLI info   [21fec8ce-c9ac-4940-a8c4-d1766b3c3ca4]  [PRODUCTION] Making GET request to https://hub-euw.browserstack.com
2026-08-01T15:33:46.889Z CLI info   [21fec8ce-c9ac-4940-a8c4-d1766b3c3ca4]  [PRODUCTION] Making GET request to https://hub-apse.browserstack.com
2026-08-01T15:33:47.674Z CLI info [testhub:module]   [21fec8ce-c9ac-4940-a8c4-d1766b3c3ca4]  startBuild: response=rb2dvzhw0oft7cwuk5zdziqohojzp5zqwtz8pjk5
2026-08-01T15:33:47.677Z CLI info  [rb2dvzhw0oft7cwuk5zdziqohojzp5zqwtz8pjk5]  [21fec8ce-c9ac-4940-a8c4-d1766b3c3ca4]  [PRODUCTION] Making POST request to https://api.browserstack.com
2026-08-01T15:33:50.168Z CLI error  [rb2dvzhw0oft7cwuk5zdziqohojzp5zqwtz8pjk5]  [21fec8ce-c9ac-4940-a8c4-d1766b3c3ca4]  error invoking callback for eventName onStart: ENOENT: no such file or directory, mkdir '/snapshot/browserstack-binary/cli/dist/extensions'
2026-08-01T15:33:50.168Z CLI error  [rb2dvzhw0oft7cwuk5zdziqohojzp5zqwtz8pjk5]  [21fec8ce-c9ac-4940-a8c4-d1766b3c3ca4]  Error: ENOENT: no such file or directory, mkdir '/snapshot/browserstack-binary/cli/dist/extensions'
2026-08-01T15:33:54.052Z CLI info  [rb2dvzhw0oft7cwuk5zdziqohojzp5zqwtz8pjk5]  [21fec8ce-c9ac-4940-a8c4-d1766b3c3ca4]  [PRODUCTION] Making POST request to https://api.browserstack.com
2026-08-01T15:33:57.924Z CLI info [testhub:request-queue-handler]  [rb2dvzhw0oft7cwuk5zdziqohojzp5zqwtz8pjk5]  [21fec8ce-c9ac-4940-a8c4-d1766b3c3ca4]  Added the event {
  event_type: 'HookRunStarted',
  hook_run: {
    type: 'hook',
    hook_type: 'BEFORE_METHOD',
    framework: 'TestNG',
    uuid: '4beeb88f-0f73-466c-a6fb-119d70d560e0',
    name: 'setUp',
    result: 'pending',
    test_run_id: '9144d146-963a-4acc-a128-7ac82d2a7f05',
    body: { lang: 'java', code: null },
    scope: 'Cross-Platform.com.browserstack.BStackDemoTest',
    custom_metadata: {},
    tags: [],
    scopes: [ 'Cross-Platform', 'com.browserstack.BStackDemoTest' ],
    file_name: 'testng-browserstack-master/src/test/java/com/browserstack/BStackDemoTest.java',
    vc_filepath: '',
    location: 'testng-browserstack-master/src/test/java/com/browserstack/BStackDemoTest.java',
    started_at: '2026-08-01T15:33:57.905Z'
  },
  logs: []
} to 29321:0
2026-08-01T15:33:57.925Z CLI info [testhub:request-queue-handler]  [rb2dvzhw0oft7cwuk5zdziqohojzp5zqwtz8pjk5]  [21fec8ce-c9ac-4940-a8c4-d1766b3c3ca4]  Added the event {
  event_type: 'HookRunStarted',
  hook_run: {
    type: 'hook',
    hook_type: 'BEFORE_METHOD',
    framework: 'TestNG',
    uuid: 'd7739a6a-791a-453c-a4a7-a0b53a69f2fb',
    name: 'setUp',
    result: 'pending',
    test_run_id: '3ad092d9-7323-4f79-8696-c47954a75e9f',
    body: { lang: 'java', code: null },
    scope: 'Cross-Platform.com.browserstack.BStackDemoTest',
    custom_metadata: {},
    tags: [],
    scopes: [ 'Cross-Platform', 'com.browserstack.BStackDemoTest' ],
    file_name: 'testng-browserstack-master/src/test/java/com/browserstack/BStackDemoTest.java',
    vc_filepath: '',
    location: 'testng-browserstack-master/src/test/java/com/browserstack/BStackDemoTest.java',
    started_at: '2026-08-01T15:33:57.905Z'
  },
  logs: []
} to 29321:0
2026-08-01T15:33:57.925Z CLI info [testhub:request-queue-handler]  [rb2dvzhw0oft7cwuk5zdziqohojzp5zqwtz8pjk5]  [21fec8ce-c9ac-4940-a8c4-d1766b3c3ca4]  Added the event {
  event_type: 'HookRunStarted',
  hook_run: {
    type: 'hook',
    hook_type: 'BEFORE_METHOD',
    framework: 'TestNG',
    uuid: '2b655fa7-4de8-4deb-b44f-d7e8bf629868',
    name: 'setUp',
    result: 'pending',
    test_run_id: '77b19c91-6918-42ca-b84b-561dd93546e5',
    body: { lang: 'java', code: null },
    scope: 'Cross-Platform.com.browserstack.BStackDemoTest',
    custom_metadata: {},
    tags: [],
    scopes: [ 'Cross-Platform', 'com.browserstack.BStackDemoTest' ],
    file_name: 'testng-browserstack-master/src/test/java/com/browserstack/BStackDemoTest.java',
    vc_filepath: '',
    location: 'testng-browserstack-master/src/test/java/com/browserstack/BStackDemoTest.java',
    started_at: '2026-08-01T15:33:57.905Z'
  },
  logs: []
} to 29321:0
2026-08-01T15:33:58.279Z CLI info [ai:module]  [rb2dvzhw0oft7cwuk5zdziqohojzp5zqwtz8pjk5]  [21fec8ce-c9ac-4940-a8c4-d1766b3c3ca4]  initSession: 21fec8ce-c9ac-4940-a8c4-d1766b3c3ca4
2026-08-01T15:33:58.279Z CLI info [sdk:service]  [rb2dvzhw0oft7cwuk5zdziqohojzp5zqwtz8pjk5]  [21fec8ce-c9ac-4940-a8c4-d1766b3c3ca4]  Driver initialized as primary driver: platformIndex=0
2026-08-01T15:33:58.281Z CLI info [ai:module]  [rb2dvzhw0oft7cwuk5zdziqohojzp5zqwtz8pjk5]  [21fec8ce-c9ac-4940-a8c4-d1766b3c3ca4]  initSession: 21fec8ce-c9ac-4940-a8c4-d1766b3c3ca4
2026-08-01T15:33:58.281Z CLI info [sdk:service]  [rb2dvzhw0oft7cwuk5zdziqohojzp5zqwtz8pjk5]  [21fec8ce-c9ac-4940-a8c4-d1766b3c3ca4]  Driver initialized as primary driver: platformIndex=1
2026-08-01T15:33:58.282Z CLI info [ai:module]  [rb2dvzhw0oft7cwuk5zdziqohojzp5zqwtz8pjk5]  [21fec8ce-c9ac-4940-a8c4-d1766b3c3ca4]  initSession: 21fec8ce-c9ac-4940-a8c4-d1766b3c3ca4
2026-08-01T15:33:58.282Z CLI info [sdk:service]  [rb2dvzhw0oft7cwuk5zdziqohojzp5zqwtz8pjk5]  [21fec8ce-c9ac-4940-a8c4-d1766b3c3ca4]  Driver initialized as primary driver: platformIndex=2
2026-08-01T15:33:59.683Z CLI info [testhub:request-queue-handler]  [rb2dvzhw0oft7cwuk5zdziqohojzp5zqwtz8pjk5]  [21fec8ce-c9ac-4940-a8c4-d1766b3c3ca4]  Processing batch event [
  {
    event_type: 'HookRunStarted',
    hook_run: {
      type: 'hook',
      hook_type: 'BEFORE_METHOD',
      framework: 'TestNG',
      uuid: '4beeb88f-0f73-466c-a6fb-119d70d560e0',
      name: 'setUp',
      result: 'pending',
      test_run_id: '9144d146-963a-4acc-a128-7ac82d2a7f05',
      body: { lang: 'java', code: null },
      scope: 'Cross-Platform.com.browserstack.BStackDemoTest',
      custom_metadata: {},
      tags: [],
      scopes: [ 'Cross-Platform', 'com.browserstack.BStackDemoTest' ],
      file_name: 'testng-browserstack-master/src/test/java/com/browserstack/BStackDemoTest.java',
      vc_filepath: '',
      location: 'testng-browserstack-master/src/test/java/com/browserstack/BStackDemoTest.java',
      started_at: '2026-08-01T15:33:57.905Z'
    },
    logs: []
  },
  {
    event_type: 'HookRunStarted',
    hook_run: {
      type: 'hook',
      hook_type: 'BEFORE_METHOD',
      framework: 'TestNG',
      uuid: 'd7739a6a-791a-453c-a4a7-a0b53a69f2fb',
      name: 'setUp',
      result: 'pending',
      test_run_id: '3ad092d9-7323-4f79-8696-c47954a75e9f',
      body: { lang: 'java', code: null },
      scope: 'Cross-Platform.com.browserstack.BStackDemoTest',
      custom_metadata: {},
      tags: [],
      scopes: [ 'Cross-Platform', 'com.browserstack.BStackDemoTest' ],
      file_name: 'testng-browserstack-master/src/test/java/com/browserstack/BStackDemoTest.java',
      vc_filepath: '',
      location: 'testng-browserstack-master/src/test/java/com/browserstack/BStackDemoTest.java',
      started_at: '2026-08-01T15:33:57.905Z'
    },
    logs: []
  },
  {
    event_type: 'HookRunStarted',
    hook_run: {
      type: 'hook',
      hook_type: 'BEFORE_METHOD',
      framework: 'TestNG',
      uuid: '2b655fa7-4de8-4deb-b44f-d7e8bf629868',
      name: 'setUp',
      result: 'pending',
      test_run_id: '77b19c91-6918-42ca-b84b-561dd93546e5',
      body: { lang: 'java', code: null },
      scope: 'Cross-Platform.com.browserstack.BStackDemoTest',
      custom_metadata: {},
      tags: [],
      scopes: [ 'Cross-Platform', 'com.browserstack.BStackDemoTest' ],
      file_name: 'testng-browserstack-master/src/test/java/com/browserstack/BStackDemoTest.java',
      vc_filepath: '',
      location: 'testng-browserstack-master/src/test/java/com/browserstack/BStackDemoTest.java',
      started_at: '2026-08-01T15:33:57.905Z'
    },
    logs: []
  }
] to 29321:0
2026-08-01T15:33:59.684Z CLI info  [rb2dvzhw0oft7cwuk5zdziqohojzp5zqwtz8pjk5]  [21fec8ce-c9ac-4940-a8c4-d1766b3c3ca4]  [PRODUCTION] Making POST request to https://collector-observability.browserstack.com
2026-08-01T15:34:06.625Z CLI info [ai:module]  [rb2dvzhw0oft7cwuk5zdziqohojzp5zqwtz8pjk5]  [21fec8ce-c9ac-4940-a8c4-d1766b3c3ca4]  beforeSession: 21fec8ce-c9ac-4940-a8c4-d1766b3c3ca4
2026-08-01T15:34:06.658Z CLI info [testhub:request-queue-handler]  [rb2dvzhw0oft7cwuk5zdziqohojzp5zqwtz8pjk5]  [21fec8ce-c9ac-4940-a8c4-d1766b3c3ca4]  Added the event {
  event_type: 'HookRunFinished',
  hook_run: {
    type: 'hook',
    hook_type: 'BEFORE_METHOD',
    framework: 'TestNG',
    uuid: 'd7739a6a-791a-453c-a4a7-a0b53a69f2fb',
    name: 'setUp',
    result: 'passed',
    test_run_id: '3ad092d9-7323-4f79-8696-c47954a75e9f',
    body: { lang: 'java', code: null },
    scope: 'Cross-Platform.com.browserstack.BStackDemoTest',
    custom_metadata: {},
    tags: [],
    scopes: [ 'Cross-Platform', 'com.browserstack.BStackDemoTest' ],
    file_name: 'testng-browserstack-master/src/test/java/com/browserstack/BStackDemoTest.java',
    vc_filepath: '',
    location: 'testng-browserstack-master/src/test/java/com/browserstack/BStackDemoTest.java',
    started_at: '2026-08-01T15:33:57.905Z',
    finished_at: '2026-08-01T15:34:06.654Z'
  },
  logs: []
} to 29321:0
2026-08-01T15:34:06.688Z CLI info [testhub:request-queue-handler]  [rb2dvzhw0oft7cwuk5zdziqohojzp5zqwtz8pjk5]  [21fec8ce-c9ac-4940-a8c4-d1766b3c3ca4]  Added the event {
  event_type: 'CBTSessionCreated',
  test_run: {
    uuid: '3ad092d9-7323-4f79-8696-c47954a75e9f',
    integrations: { browserstack: [Object] }
  }
} to 29321:0
2026-08-01T15:34:06.696Z CLI info [testhub:request-queue-handler]  [rb2dvzhw0oft7cwuk5zdziqohojzp5zqwtz8pjk5]  [21fec8ce-c9ac-4940-a8c4-d1766b3c3ca4]  Added the event {
  event_type: 'TestRunStarted',
  test_run: {
    type: 'test',
    framework: 'TestNG',
    uuid: '3ad092d9-7323-4f79-8696-c47954a75e9f',
    name: 'addProductToCart',
    body: {
      lang: 'java',
      code: 'public void com.browserstack.BStackDemoTest.addProductToCart() throws java.lang.Exception'
    },
    identifier: 'addProductToCart',
    scope: 'Cross-Platform.com.browserstack.BStackDemoTest',
    scopes: [ 'Cross-Platform', 'com.browserstack.BStackDemoTest' ],
    file_name: 'src/test/java/com/browserstack/BStackDemoTest.java',
    vc_filepath: '',
    location: 'src/test/java/com/browserstack/BStackDemoTest.java',
    meta: {},
    result: 'pending',
    duration_in_ms: null,
    started_at: '2026-08-01T15:34:06.666Z',
    failure: undefined,
    failure_type: undefined,
    failure_reason: undefined,
    retry_of: null,
    custom_metadata: {},
    tags: [],
    customRerunParam: { rerun_name: 'BStackDemo-1' },
    hooks: [],
    product_map: {
      observability: true,
      accessibility: false,
      percy: false,
      automate: true,
      app_automate: false,
      lts: false
    },
    integrations: { browserstack: [Object] }
  },
  logs: []
} to 29321:0
2026-08-01T15:34:07.688Z CLI info [testhub:request-queue-handler]  [rb2dvzhw0oft7cwuk5zdziqohojzp5zqwtz8pjk5]  [21fec8ce-c9ac-4940-a8c4-d1766b3c3ca4]  Processing batch event [
  {
    event_type: 'HookRunFinished',
    hook_run: {
      type: 'hook',
      hook_type: 'BEFORE_METHOD',
      framework: 'TestNG',
      uuid: 'd7739a6a-791a-453c-a4a7-a0b53a69f2fb',
      name: 'setUp',
      result: 'passed',
      test_run_id: '3ad092d9-7323-4f79-8696-c47954a75e9f',
      body: { lang: 'java', code: null },
      scope: 'Cross-Platform.com.browserstack.BStackDemoTest',
      custom_metadata: {},
      tags: [],
      scopes: [ 'Cross-Platform', 'com.browserstack.BStackDemoTest' ],
      file_name: 'testng-browserstack-master/src/test/java/com/browserstack/BStackDemoTest.java',
      vc_filepath: '',
      location: 'testng-browserstack-master/src/test/java/com/browserstack/BStackDemoTest.java',
      started_at: '2026-08-01T15:33:57.905Z',
      finished_at: '2026-08-01T15:34:06.654Z'
    },
    logs: []
  },
  {
    event_type: 'CBTSessionCreated',
    test_run: {
      uuid: '3ad092d9-7323-4f79-8696-c47954a75e9f',
      integrations: {
        browserstack: {
          product: 'automate',
          session_id: '61e939ce1141cc78eef2f6f914168e9b6745e80e',
          capabilities: {
            acceptInsecureCerts: false,
            browserName: 'Safari',
            browserVersion: '15.6.1',
            optimalHubUrl: 'hub-aps.browserstack.com',
            platformName: 'MAC',
            'safari:automaticInspection': false,
            'safari:automaticProfiling': false,
            'safari:diagnose': false,
            'safari:platformBuildVersion': '21G83',
            'safari:platformVersion': '12.5.1',
            'safari:useSimulator': false,
            setWindowRect: true,
            strictFileInteractability: false,
            'webdriver.remote.sessionid': '61e939ce1141cc78eef2f6f914168e9b6745e80e',
            'webkit:WebRTC': {
              DisableICECandidateFiltering: false,
              DisableInsecureMediaCapture: false
            }
          },
          platform: 'OS X',
          platform_version: 'Monterey',
          browser: 'Safari',
          browser_version: '15.6'
        }
      }
    }
  },
  {
    event_type: 'TestRunStarted',
    test_run: {
      type: 'test',
      framework: 'TestNG',
      uuid: '3ad092d9-7323-4f79-8696-c47954a75e9f',
      name: 'addProductToCart',
      body: {
        lang: 'java',
        code: 'public void com.browserstack.BStackDemoTest.addProductToCart() throws java.lang.Exception'
      },
      identifier: 'addProductToCart',
      scope: 'Cross-Platform.com.browserstack.BStackDemoTest',
      scopes: [ 'Cross-Platform', 'com.browserstack.BStackDemoTest' ],
      file_name: 'src/test/java/com/browserstack/BStackDemoTest.java',
      vc_filepath: '',
      location: 'src/test/java/com/browserstack/BStackDemoTest.java',
      meta: {},
      result: 'pending',
      duration_in_ms: null,
      started_at: '2026-08-01T15:34:06.666Z',
      failure: undefined,
      failure_type: undefined,
      failure_reason: undefined,
      retry_of: null,
      custom_metadata: {},
      tags: [],
      customRerunParam: { rerun_name: 'BStackDemo-1' },
      hooks: [],
      product_map: {
        observability: true,
        accessibility: false,
        percy: false,
        automate: true,
        app_automate: false,
        lts: false
      },
      integrations: {
        browserstack: {
          product: 'automate',
          session_id: '61e939ce1141cc78eef2f6f914168e9b6745e80e',
          capabilities: {
            acceptInsecureCerts: false,
            browserName: 'Safari',
            browserVersion: '15.6.1',
            optimalHubUrl: 'hub-aps.browserstack.com',
            platformName: 'MAC',
            'safari:automaticInspection': false,
            'safari:automaticProfiling': false,
            'safari:diagnose': false,
            'safari:platformBuildVersion': '21G83',
            'safari:platformVersion': '12.5.1',
            'safari:useSimulator': false,
            setWindowRect: true,
            strictFileInteractability: false,
            'webdriver.remote.sessionid': '61e939ce1141cc78eef2f6f914168e9b6745e80e',
            'webkit:WebRTC': {
              DisableICECandidateFiltering: false,
              DisableInsecureMediaCapture: false
            }
          },
          platform: 'OS X',
          platform_version: 'Monterey',
          browser: 'Safari',
          browser_version: '15.6'
        }
      }
    },
    logs: []
  }
] to 29321:0
2026-08-01T15:34:07.690Z CLI info  [rb2dvzhw0oft7cwuk5zdziqohojzp5zqwtz8pjk5]  [21fec8ce-c9ac-4940-a8c4-d1766b3c3ca4]  [PRODUCTION] Making POST request to https://collector-observability.browserstack.com
2026-08-01T15:34:12.076Z CLI info [ai:module]  [rb2dvzhw0oft7cwuk5zdziqohojzp5zqwtz8pjk5]  [21fec8ce-c9ac-4940-a8c4-d1766b3c3ca4]  beforeSession: 21fec8ce-c9ac-4940-a8c4-d1766b3c3ca4
2026-08-01T15:34:12.096Z CLI info [testhub:request-queue-handler]  [rb2dvzhw0oft7cwuk5zdziqohojzp5zqwtz8pjk5]  [21fec8ce-c9ac-4940-a8c4-d1766b3c3ca4]  Added the event {
  event_type: 'HookRunFinished',
  hook_run: {
    type: 'hook',
    hook_type: 'BEFORE_METHOD',
    framework: 'TestNG',
    uuid: '2b655fa7-4de8-4deb-b44f-d7e8bf629868',
    name: 'setUp',
    result: 'passed',
    test_run_id: '77b19c91-6918-42ca-b84b-561dd93546e5',
    body: { lang: 'java', code: null },
    scope: 'Cross-Platform.com.browserstack.BStackDemoTest',
    custom_metadata: {},
    tags: [],
    scopes: [ 'Cross-Platform', 'com.browserstack.BStackDemoTest' ],
    file_name: 'testng-browserstack-master/src/test/java/com/browserstack/BStackDemoTest.java',
    vc_filepath: '',
    location: 'testng-browserstack-master/src/test/java/com/browserstack/BStackDemoTest.java',
    started_at: '2026-08-01T15:33:57.905Z',
    finished_at: '2026-08-01T15:34:12.093Z'
  },
  logs: []
} to 29321:0
2026-08-01T15:34:12.106Z CLI info [testhub:request-queue-handler]  [rb2dvzhw0oft7cwuk5zdziqohojzp5zqwtz8pjk5]  [21fec8ce-c9ac-4940-a8c4-d1766b3c3ca4]  Added the event {
  event_type: 'CBTSessionCreated',
  test_run: {
    uuid: '77b19c91-6918-42ca-b84b-561dd93546e5',
    integrations: { browserstack: [Object] }
  }
} to 29321:0
2026-08-01T15:34:12.111Z CLI info [testhub:request-queue-handler]  [rb2dvzhw0oft7cwuk5zdziqohojzp5zqwtz8pjk5]  [21fec8ce-c9ac-4940-a8c4-d1766b3c3ca4]  Added the event {
  event_type: 'TestRunStarted',
  test_run: {
    type: 'test',
    framework: 'TestNG',
    uuid: '77b19c91-6918-42ca-b84b-561dd93546e5',
    name: 'addProductToCart',
    body: {
      lang: 'java',
      code: 'public void com.browserstack.BStackDemoTest.addProductToCart() throws java.lang.Exception'
    },
    identifier: 'addProductToCart',
    scope: 'Cross-Platform.com.browserstack.BStackDemoTest',
    scopes: [ 'Cross-Platform', 'com.browserstack.BStackDemoTest' ],
    file_name: 'src/test/java/com/browserstack/BStackDemoTest.java',
    vc_filepath: '',
    location: 'src/test/java/com/browserstack/BStackDemoTest.java',
    meta: {},
    result: 'pending',
    duration_in_ms: null,
    started_at: '2026-08-01T15:34:12.102Z',
    failure: undefined,
    failure_type: undefined,
    failure_reason: undefined,
    retry_of: null,
    custom_metadata: {},
    tags: [],
    customRerunParam: { rerun_name: 'BStackDemo-0' },
    hooks: [],
    product_map: {
      observability: true,
      accessibility: false,
      percy: false,
      automate: true,
      app_automate: false,
      lts: false
    },
    integrations: { browserstack: [Object] }
  },
  logs: []
} to 29321:0
2026-08-01T15:34:13.691Z CLI info [testhub:request-queue-handler]  [rb2dvzhw0oft7cwuk5zdziqohojzp5zqwtz8pjk5]  [21fec8ce-c9ac-4940-a8c4-d1766b3c3ca4]  Processing batch event [
  {
    event_type: 'HookRunFinished',
    hook_run: {
      type: 'hook',
      hook_type: 'BEFORE_METHOD',
      framework: 'TestNG',
      uuid: '2b655fa7-4de8-4deb-b44f-d7e8bf629868',
      name: 'setUp',
      result: 'passed',
      test_run_id: '77b19c91-6918-42ca-b84b-561dd93546e5',
      body: { lang: 'java', code: null },
      scope: 'Cross-Platform.com.browserstack.BStackDemoTest',
      custom_metadata: {},
      tags: [],
      scopes: [ 'Cross-Platform', 'com.browserstack.BStackDemoTest' ],
      file_name: 'testng-browserstack-master/src/test/java/com/browserstack/BStackDemoTest.java',
      vc_filepath: '',
      location: 'testng-browserstack-master/src/test/java/com/browserstack/BStackDemoTest.java',
      started_at: '2026-08-01T15:33:57.905Z',
      finished_at: '2026-08-01T15:34:12.093Z'
    },
    logs: []
  },
  {
    event_type: 'CBTSessionCreated',
    test_run: {
      uuid: '77b19c91-6918-42ca-b84b-561dd93546e5',
      integrations: {
        browserstack: {
          product: 'automate',
          session_id: 'cd30103c826eeb8a20a8d46253db653b04c9de2f',
          capabilities: {
            acceptInsecureCerts: false,
            browserName: 'chrome',
            browserVersion: '148.0.7778.97',
            chrome: {
              chromedriverVersion: '148.0.7778.97 (6b3fa66a923a9442c8ab0bc71b4b41ff24528d3b-refs/branch-heads/7778@{#1905})',
              userDataDir: 'C:\\Windows\\proxy\\scoped_dir220_345639724'
            },
            'fedcm:accounts': true,
            'goog:chromeOptions': { debuggerAddress: 'localhost:1757' },
            'goog:processID': 3100,
            networkConnectionEnabled: false,
            optimalHubUrl: 'hub-aps.browserstack.com',
            pageLoadStrategy: 'normal',
            platformName: 'WINDOWS',
            proxy: {
              proxyType: 'UNSPECIFIED',
              autodetect: false,
              ftpProxy: null,
              httpProxy: null,
              noProxy: null,
              sslProxy: null,
              socksProxy: null,
              socksVersion: null,
              socksUsername: null,
              socksPassword: null,
              proxyAutoconfigUrl: null
            },
            setWindowRect: true,
            strictFileInteractability: false,
            timeouts: { implicit: 0, pageLoad: 300000, script: 30000 },
            unhandledPromptBehavior: 'dismiss and notify',
            'webauthn:extension:credBlob': true,
            'webauthn:extension:largeBlob': true,
            'webauthn:extension:minPinLength': true,
            'webauthn:extension:prf': true,
            'webauthn:virtualAuthenticators': true,
            'webdriver.remote.sessionid': 'cd30103c826eeb8a20a8d46253db653b04c9de2f'
          },
          platform: 'Windows',
          platform_version: '11',
          browser: 'Chrome',
          browser_version: '148.0'
        }
      }
    }
  },
  {
    event_type: 'TestRunStarted',
    test_run: {
      type: 'test',
      framework: 'TestNG',
      uuid: '77b19c91-6918-42ca-b84b-561dd93546e5',
      name: 'addProductToCart',
      body: {
        lang: 'java',
        code: 'public void com.browserstack.BStackDemoTest.addProductToCart() throws java.lang.Exception'
      },
      identifier: 'addProductToCart',
      scope: 'Cross-Platform.com.browserstack.BStackDemoTest',
      scopes: [ 'Cross-Platform', 'com.browserstack.BStackDemoTest' ],
      file_name: 'src/test/java/com/browserstack/BStackDemoTest.java',
      vc_filepath: '',
      location: 'src/test/java/com/browserstack/BStackDemoTest.java',
      meta: {},
      result: 'pending',
      duration_in_ms: null,
      started_at: '2026-08-01T15:34:12.102Z',
      failure: undefined,
      failure_type: undefined,
      failure_reason: undefined,
      retry_of: null,
      custom_metadata: {},
      tags: [],
      customRerunParam: { rerun_name: 'BStackDemo-0' },
      hooks: [],
      product_map: {
        observability: true,
        accessibility: false,
        percy: false,
        automate: true,
        app_automate: false,
        lts: false
      },
      integrations: {
        browserstack: {
          product: 'automate',
          session_id: 'cd30103c826eeb8a20a8d46253db653b04c9de2f',
          capabilities: {
            acceptInsecureCerts: false,
            browserName: 'chrome',
            browserVersion: '148.0.7778.97',
            chrome: {
              chromedriverVersion: '148.0.7778.97 (6b3fa66a923a9442c8ab0bc71b4b41ff24528d3b-refs/branch-heads/7778@{#1905})',
              userDataDir: 'C:\\Windows\\proxy\\scoped_dir220_345639724'
            },
            'fedcm:accounts': true,
            'goog:chromeOptions': { debuggerAddress: 'localhost:1757' },
            'goog:processID': 3100,
            networkConnectionEnabled: false,
            optimalHubUrl: 'hub-aps.browserstack.com',
            pageLoadStrategy: 'normal',
            platformName: 'WINDOWS',
            proxy: {
              proxyType: 'UNSPECIFIED',
              autodetect: false,
              ftpProxy: null,
              httpProxy: null,
              noProxy: null,
              sslProxy: null,
              socksProxy: null,
              socksVersion: null,
              socksUsername: null,
              socksPassword: null,
              proxyAutoconfigUrl: null
            },
            setWindowRect: true,
            strictFileInteractability: false,
            timeouts: { implicit: 0, pageLoad: 300000, script: 30000 },
            unhandledPromptBehavior: 'dismiss and notify',
            'webauthn:extension:credBlob': true,
            'webauthn:extension:largeBlob': true,
            'webauthn:extension:minPinLength': true,
            'webauthn:extension:prf': true,
            'webauthn:virtualAuthenticators': true,
            'webdriver.remote.sessionid': 'cd30103c826eeb8a20a8d46253db653b04c9de2f'
          },
          platform: 'Windows',
          platform_version: '11',
          browser: 'Chrome',
          browser_version: '148.0'
        }
      }
    },
    logs: []
  }
] to 29321:0
2026-08-01T15:34:13.693Z CLI info  [rb2dvzhw0oft7cwuk5zdziqohojzp5zqwtz8pjk5]  [21fec8ce-c9ac-4940-a8c4-d1766b3c3ca4]  [PRODUCTION] Making POST request to https://collector-observability.browserstack.com
2026-08-01T15:34:17.269Z CLI info [ai:module]  [rb2dvzhw0oft7cwuk5zdziqohojzp5zqwtz8pjk5]  [21fec8ce-c9ac-4940-a8c4-d1766b3c3ca4]  beforeSession: 21fec8ce-c9ac-4940-a8c4-d1766b3c3ca4
2026-08-01T15:34:17.290Z CLI info [testhub:request-queue-handler]  [rb2dvzhw0oft7cwuk5zdziqohojzp5zqwtz8pjk5]  [21fec8ce-c9ac-4940-a8c4-d1766b3c3ca4]  Added the event {
  event_type: 'HookRunFinished',
  hook_run: {
    type: 'hook',
    hook_type: 'BEFORE_METHOD',
    framework: 'TestNG',
    uuid: '4beeb88f-0f73-466c-a6fb-119d70d560e0',
    name: 'setUp',
    result: 'passed',
    test_run_id: '9144d146-963a-4acc-a128-7ac82d2a7f05',
    body: { lang: 'java', code: null },
    scope: 'Cross-Platform.com.browserstack.BStackDemoTest',
    custom_metadata: {},
    tags: [],
    scopes: [ 'Cross-Platform', 'com.browserstack.BStackDemoTest' ],
    file_name: 'testng-browserstack-master/src/test/java/com/browserstack/BStackDemoTest.java',
    vc_filepath: '',
    location: 'testng-browserstack-master/src/test/java/com/browserstack/BStackDemoTest.java',
    started_at: '2026-08-01T15:33:57.905Z',
    finished_at: '2026-08-01T15:34:17.285Z'
  },
  logs: []
} to 29321:0
2026-08-01T15:34:17.300Z CLI info [testhub:request-queue-handler]  [rb2dvzhw0oft7cwuk5zdziqohojzp5zqwtz8pjk5]  [21fec8ce-c9ac-4940-a8c4-d1766b3c3ca4]  Added the event {
  event_type: 'CBTSessionCreated',
  test_run: {
    uuid: '9144d146-963a-4acc-a128-7ac82d2a7f05',
    integrations: { browserstack: [Object] }
  }
} to 29321:0
2026-08-01T15:34:17.306Z CLI info [testhub:request-queue-handler]  [rb2dvzhw0oft7cwuk5zdziqohojzp5zqwtz8pjk5]  [21fec8ce-c9ac-4940-a8c4-d1766b3c3ca4]  Added the event {
  event_type: 'TestRunStarted',
  test_run: {
    type: 'test',
    framework: 'TestNG',
    uuid: '9144d146-963a-4acc-a128-7ac82d2a7f05',
    name: 'addProductToCart',
    body: {
      lang: 'java',
      code: 'public void com.browserstack.BStackDemoTest.addProductToCart() throws java.lang.Exception'
    },
    identifier: 'addProductToCart',
    scope: 'Cross-Platform.com.browserstack.BStackDemoTest',
    scopes: [ 'Cross-Platform', 'com.browserstack.BStackDemoTest' ],
    file_name: 'src/test/java/com/browserstack/BStackDemoTest.java',
    vc_filepath: '',
    location: 'src/test/java/com/browserstack/BStackDemoTest.java',
    meta: {},
    result: 'pending',
    duration_in_ms: null,
    started_at: '2026-08-01T15:34:17.297Z',
    failure: undefined,
    failure_type: undefined,
    failure_reason: undefined,
    retry_of: null,
    custom_metadata: {},
    tags: [],
    customRerunParam: { rerun_name: 'BStackDemo-2' },
    hooks: [],
    product_map: {
      observability: true,
      accessibility: false,
      percy: false,
      automate: true,
      app_automate: false,
      lts: false
    },
    integrations: { browserstack: [Object] }
  },
  logs: []
} to 29321:0
2026-08-01T15:34:17.693Z CLI info [testhub:request-queue-handler]  [rb2dvzhw0oft7cwuk5zdziqohojzp5zqwtz8pjk5]  [21fec8ce-c9ac-4940-a8c4-d1766b3c3ca4]  Processing batch event [
  {
    event_type: 'HookRunFinished',
    hook_run: {
      type: 'hook',
      hook_type: 'BEFORE_METHOD',
      framework: 'TestNG',
      uuid: '4beeb88f-0f73-466c-a6fb-119d70d560e0',
      name: 'setUp',
      result: 'passed',
      test_run_id: '9144d146-963a-4acc-a128-7ac82d2a7f05',
      body: { lang: 'java', code: null },
      scope: 'Cross-Platform.com.browserstack.BStackDemoTest',
      custom_metadata: {},
      tags: [],
      scopes: [ 'Cross-Platform', 'com.browserstack.BStackDemoTest' ],
      file_name: 'testng-browserstack-master/src/test/java/com/browserstack/BStackDemoTest.java',
      vc_filepath: '',
      location: 'testng-browserstack-master/src/test/java/com/browserstack/BStackDemoTest.java',
      started_at: '2026-08-01T15:33:57.905Z',
      finished_at: '2026-08-01T15:34:17.285Z'
    },
    logs: []
  },
  {
    event_type: 'CBTSessionCreated',
    test_run: {
      uuid: '9144d146-963a-4acc-a128-7ac82d2a7f05',
      integrations: {
        browserstack: {
          product: 'automate',
          session_id: 'e07ddd2a34e0b7a352d09f27e195d6da1a40f223',
          capabilities: {
            automationName: 'XCUITest',
            bootstrapPath: '/usr/local/.browserstack/config/wda_derived_data_15_3.3.0.11.0.0_515e29e8-234f-4a0f-a938-5ab844beed3d/Build/Products',
            browserName: 'safari',
            'browserstack.isTargetBased': 'true',
            databaseEnabled: false,
            deviceName: 'iPhone 13',
            deviceOrientation: 'PORTRAIT',
            javascriptEnabled: true,
            keychainPassword: '[REDACTED VALUE]',
            keychainPath: '[REDACTED VALUE]',
            locationContextEnabled: false,
            networkConnectionEnabled: false,
            newCommandTimeout: 0,
            noReset: true,
            optimalHubUrl: 'hub-aps.browserstack.com',
            orientation: 'PORTRAIT',
            platform: 'MAC',
            platformName: 'IOS',
            realMobile: 'true',
            safariIgnoreFraudWarning: true,
            takesScreenshot: true,
            udid: '00008110-0016388102C2401E',
            useXctestrunFile: true,
            webStorageEnabled: false
          },
          platform: 'IOS',
          platform_version: '15',
          browser: 'Safari',
          browser_version: undefined,
          device_name: 'iPhone 13'
        }
      }
    }
  },
  {
    event_type: 'TestRunStarted',
    test_run: {
      type: 'test',
      framework: 'TestNG',
      uuid: '9144d146-963a-4acc-a128-7ac82d2a7f05',
      name: 'addProductToCart',
      body: {
        lang: 'java',
        code: 'public void com.browserstack.BStackDemoTest.addProductToCart() throws java.lang.Exception'
      },
      identifier: 'addProductToCart',
      scope: 'Cross-Platform.com.browserstack.BStackDemoTest',
      scopes: [ 'Cross-Platform', 'com.browserstack.BStackDemoTest' ],
      file_name: 'src/test/java/com/browserstack/BStackDemoTest.java',
      vc_filepath: '',
      location: 'src/test/java/com/browserstack/BStackDemoTest.java',
      meta: {},
      result: 'pending',
      duration_in_ms: null,
      started_at: '2026-08-01T15:34:17.297Z',
      failure: undefined,
      failure_type: undefined,
      failure_reason: undefined,
      retry_of: null,
      custom_metadata: {},
      tags: [],
      customRerunParam: { rerun_name: 'BStackDemo-2' },
      hooks: [],
      product_map: {
        observability: true,
        accessibility: false,
        percy: false,
        automate: true,
        app_automate: false,
        lts: false
      },
      integrations: {
        browserstack: {
          product: 'automate',
          session_id: 'e07ddd2a34e0b7a352d09f27e195d6da1a40f223',
          capabilities: {
            automationName: 'XCUITest',
            bootstrapPath: '/usr/local/.browserstack/config/wda_derived_data_15_3.3.0.11.0.0_515e29e8-234f-4a0f-a938-5ab844beed3d/Build/Products',
            browserName: 'safari',
            'browserstack.isTargetBased': 'true',
            databaseEnabled: false,
            deviceName: 'iPhone 13',
            deviceOrientation: 'PORTRAIT',
            javascriptEnabled: true,
            keychainPassword: '[REDACTED VALUE]',
            keychainPath: '[REDACTED VALUE]',
            locationContextEnabled: false,
            networkConnectionEnabled: false,
            newCommandTimeout: 0,
            noReset: true,
            optimalHubUrl: 'hub-aps.browserstack.com',
            orientation: 'PORTRAIT',
            platform: 'MAC',
            platformName: 'IOS',
            realMobile: 'true',
            safariIgnoreFraudWarning: true,
            takesScreenshot: true,
            udid: '00008110-0016388102C2401E',
            useXctestrunFile: true,
            webStorageEnabled: false
          },
          platform: 'IOS',
          platform_version: '15',
          browser: 'Safari',
          browser_version: undefined,
          device_name: 'iPhone 13'
        }
      }
    },
    logs: []
  }
] to 29321:0
2026-08-01T15:34:17.696Z CLI info  [rb2dvzhw0oft7cwuk5zdziqohojzp5zqwtz8pjk5]  [21fec8ce-c9ac-4940-a8c4-d1766b3c3ca4]  [PRODUCTION] Making POST request to https://collector-observability.browserstack.com
2026-08-01T15:34:24.807Z CLI warn [TEST REPORTING AND ANALYTICS:java:testng]  [rb2dvzhw0oft7cwuk5zdziqohojzp5zqwtz8pjk5]  [21fec8ce-c9ac-4940-a8c4-d1766b3c3ca4]  TestRunFinished: event={"test_hook_last_started":"BEFORE_METHOD","test_failure_type":null,"test_rerun_name":"BStackDemo-0","test_result_at":"2026-08-01T21:04:24.196079","test_scope":"Cross-Platform.com.browserstack.BStackDemoTest","test_framework_name":"TestNG","test_tags":"","cbt_session_created":true,"test_started_at":"2026-08-01T21:04:12.102158","platform_index":0,"test_failure":null,"test_framework_version":"7.4.0","test_logs":[],"test_scopes":["Cross-Platform","com.browserstack.BStackDemoTest"],"test_code":"public void com.browserstack.BStackDemoTest.addProductToCart() throws java.lang.Exception","test_id":"BStackDemo-0@0","test_uuid":"77b19c91-6918-42ca-b84b-561dd93546e5","test_ended_at":"2026-08-01T21:04:24.196971","automate_session_name":"BStackDemo-00","hookAttachStartMs":1785598437876,"test_hook_last_finished":"BEFORE_METHOD","test_session_name":"com.browserstack.BStackDemoTest-addProductToCart","custom_metadata":{},"test_failure_reason":null,"test_location":"src/test/java/com/browserstack/BStackDemoTest.java","test_hooks_started":{"BEFORE_METHOD":[]},"test_file_path":"src/test/java/com/browserstack/BStackDemoTest.java","test_result":"passed","test_hooks_finished":{"BEFORE_METHOD":[{"hook_name":"setUp","hook_result":"passed","test_file_path":"testng-browserstack-master/src/test/java/com/browserstack/BStackDemoTest.java","event_started_at":"2026-08-01T21:03:57.905625","hook_id":"2b655fa7-4de8-4deb-b44f-d7e8bf629868","hook_logs":[],"logs":[],"key":"BEFORE_METHOD","custom_metadata":{},"event_ended_at":"2026-08-01T21:04:12.093417","test_location":"testng-browserstack-master/src/test/java/com/browserstack/BStackDemoTest.java"}]},"hook_id":"2b655fa7-4de8-4deb-b44f-d7e8bf629868","test_meta":{},"isBrowserstackAutomationSession":true,"test_name":"addProductToCart","logs":[]}
2026-08-01T15:34:24.810Z CLI info [testhub:request-queue-handler]  [rb2dvzhw0oft7cwuk5zdziqohojzp5zqwtz8pjk5]  [21fec8ce-c9ac-4940-a8c4-d1766b3c3ca4]  Added the event {
  event_type: 'TestRunFinished',
  test_run: {
    type: 'test',
    framework: 'TestNG',
    uuid: '77b19c91-6918-42ca-b84b-561dd93546e5',
    name: 'addProductToCart',
    body: {
      lang: 'java',
      code: 'public void com.browserstack.BStackDemoTest.addProductToCart() throws java.lang.Exception'
    },
    identifier: 'addProductToCart',
    scope: 'Cross-Platform.com.browserstack.BStackDemoTest',
    scopes: [ 'Cross-Platform', 'com.browserstack.BStackDemoTest' ],
    file_name: 'src/test/java/com/browserstack/BStackDemoTest.java',
    vc_filepath: '',
    location: 'src/test/java/com/browserstack/BStackDemoTest.java',
    meta: {},
    result: 'passed',
    duration_in_ms: 12094,
    started_at: '2026-08-01T15:34:12.102Z',
    finished_at: '2026-08-01T15:34:24.196Z',
    failure: null,
    failure_type: null,
    failure_reason: null,
    retry_of: null,
    custom_metadata: {},
    tags: [],
    customRerunParam: { rerun_name: 'BStackDemo-0' },
    hooks: [ '2b655fa7-4de8-4deb-b44f-d7e8bf629868' ],
    product_map: {
      observability: true,
      accessibility: false,
      percy: false,
      automate: true,
      app_automate: false,
      lts: false
    }
  },
  logs: []
} to 29321:0
2026-08-01T15:34:24.829Z CLI info [testhub:request-queue-handler]  [rb2dvzhw0oft7cwuk5zdziqohojzp5zqwtz8pjk5]  [21fec8ce-c9ac-4940-a8c4-d1766b3c3ca4]  Added the event {
  event_type: 'CBTSessionCreated',
  test_run: {
    uuid: '40e25e19-a5ee-4744-9ec0-549d9027449d',
    integrations: { browserstack: [Object] }
  }
} to 29321:0
2026-08-01T15:34:24.835Z CLI info [testhub:request-queue-handler]  [rb2dvzhw0oft7cwuk5zdziqohojzp5zqwtz8pjk5]  [21fec8ce-c9ac-4940-a8c4-d1766b3c3ca4]  Added the event {
  event_type: 'HookRunStarted',
  hook_run: {
    type: 'hook',
    hook_type: 'AFTER_METHOD',
    framework: 'TestNG',
    uuid: '40e25e19-a5ee-4744-9ec0-549d9027449d',
    name: 'tearDown',
    result: 'pending',
    test_run_id: '77b19c91-6918-42ca-b84b-561dd93546e5',
    body: { lang: 'java', code: null },
    scope: 'Cross-Platform.com.browserstack.BStackDemoTest',
    custom_metadata: {},
    tags: [],
    scopes: [ 'Cross-Platform', 'com.browserstack.BStackDemoTest' ],
    file_name: 'testng-browserstack-master/src/test/java/com/browserstack/BStackDemoTest.java',
    vc_filepath: '',
    location: 'testng-browserstack-master/src/test/java/com/browserstack/BStackDemoTest.java',
    started_at: '2026-08-01T15:34:24.824Z'
  },
  logs: []
} to 29321:0
2026-08-01T15:34:25.700Z CLI info [testhub:request-queue-handler]  [rb2dvzhw0oft7cwuk5zdziqohojzp5zqwtz8pjk5]  [21fec8ce-c9ac-4940-a8c4-d1766b3c3ca4]  Processing batch event [
  {
    event_type: 'TestRunFinished',
    test_run: {
      type: 'test',
      framework: 'TestNG',
      uuid: '77b19c91-6918-42ca-b84b-561dd93546e5',
      name: 'addProductToCart',
      body: {
        lang: 'java',
        code: 'public void com.browserstack.BStackDemoTest.addProductToCart() throws java.lang.Exception'
      },
      identifier: 'addProductToCart',
      scope: 'Cross-Platform.com.browserstack.BStackDemoTest',
      scopes: [ 'Cross-Platform', 'com.browserstack.BStackDemoTest' ],
      file_name: 'src/test/java/com/browserstack/BStackDemoTest.java',
      vc_filepath: '',
      location: 'src/test/java/com/browserstack/BStackDemoTest.java',
      meta: {},
      result: 'passed',
      duration_in_ms: 12094,
      started_at: '2026-08-01T15:34:12.102Z',
      finished_at: '2026-08-01T15:34:24.196Z',
      failure: null,
      failure_type: null,
      failure_reason: null,
      retry_of: null,
      custom_metadata: {},
      tags: [],
      customRerunParam: { rerun_name: 'BStackDemo-0' },
      hooks: [ '2b655fa7-4de8-4deb-b44f-d7e8bf629868' ],
      product_map: {
        observability: true,
        accessibility: false,
        percy: false,
        automate: true,
        app_automate: false,
        lts: false
      }
    },
    logs: []
  },
  {
    event_type: 'CBTSessionCreated',
    test_run: {
      uuid: '40e25e19-a5ee-4744-9ec0-549d9027449d',
      integrations: {
        browserstack: {
          product: 'automate',
          session_id: 'cd30103c826eeb8a20a8d46253db653b04c9de2f',
          capabilities: {
            acceptInsecureCerts: false,
            browserName: 'chrome',
            browserVersion: '148.0.7778.97',
            chrome: {
              chromedriverVersion: '148.0.7778.97 (6b3fa66a923a9442c8ab0bc71b4b41ff24528d3b-refs/branch-heads/7778@{#1905})',
              userDataDir: 'C:\\Windows\\proxy\\scoped_dir220_345639724'
            },
            'fedcm:accounts': true,
            'goog:chromeOptions': { debuggerAddress: 'localhost:1757' },
            'goog:processID': 3100,
            networkConnectionEnabled: false,
            optimalHubUrl: 'hub-aps.browserstack.com',
            pageLoadStrategy: 'normal',
            platformName: 'WINDOWS',
            proxy: {
              proxyType: 'UNSPECIFIED',
              autodetect: false,
              ftpProxy: null,
              httpProxy: null,
              noProxy: null,
              sslProxy: null,
              socksProxy: null,
              socksVersion: null,
              socksUsername: null,
              socksPassword: null,
              proxyAutoconfigUrl: null
            },
            setWindowRect: true,
            strictFileInteractability: false,
            timeouts: { implicit: 0, pageLoad: 300000, script: 30000 },
            unhandledPromptBehavior: 'dismiss and notify',
            'webauthn:extension:credBlob': true,
            'webauthn:extension:largeBlob': true,
            'webauthn:extension:minPinLength': true,
            'webauthn:extension:prf': true,
            'webauthn:virtualAuthenticators': true,
            'webdriver.remote.sessionid': 'cd30103c826eeb8a20a8d46253db653b04c9de2f'
          },
          platform: 'Windows',
          platform_version: '11',
          browser: 'Chrome',
          browser_version: '148.0'
        }
      }
    }
  },
  {
    event_type: 'HookRunStarted',
    hook_run: {
      type: 'hook',
      hook_type: 'AFTER_METHOD',
      framework: 'TestNG',
      uuid: '40e25e19-a5ee-4744-9ec0-549d9027449d',
      name: 'tearDown',
      result: 'pending',
      test_run_id: '77b19c91-6918-42ca-b84b-561dd93546e5',
      body: { lang: 'java', code: null },
      scope: 'Cross-Platform.com.browserstack.BStackDemoTest',
      custom_metadata: {},
      tags: [],
      scopes: [ 'Cross-Platform', 'com.browserstack.BStackDemoTest' ],
      file_name: 'testng-browserstack-master/src/test/java/com/browserstack/BStackDemoTest.java',
      vc_filepath: '',
      location: 'testng-browserstack-master/src/test/java/com/browserstack/BStackDemoTest.java',
      started_at: '2026-08-01T15:34:24.824Z'
    },
    logs: []
  }
] to 29321:0
2026-08-01T15:34:25.702Z CLI info  [rb2dvzhw0oft7cwuk5zdziqohojzp5zqwtz8pjk5]  [21fec8ce-c9ac-4940-a8c4-d1766b3c3ca4]  [PRODUCTION] Making POST request to https://collector-observability.browserstack.com
2026-08-01T15:34:26.214Z CLI warn [TEST REPORTING AND ANALYTICS:java:testng]  [rb2dvzhw0oft7cwuk5zdziqohojzp5zqwtz8pjk5]  [21fec8ce-c9ac-4940-a8c4-d1766b3c3ca4]  TestRunFinished: event={"test_hook_last_started":"BEFORE_METHOD","test_failure_type":null,"test_rerun_name":"BStackDemo-2","test_result_at":"2026-08-01T21:04:24.691748","test_scope":"Cross-Platform.com.browserstack.BStackDemoTest","test_framework_name":"TestNG","test_tags":"","cbt_session_created":true,"test_started_at":"2026-08-01T21:04:17.297014","platform_index":2,"test_failure":null,"test_framework_version":"7.4.0","test_logs":[],"test_scopes":["Cross-Platform","com.browserstack.BStackDemoTest"],"test_code":"public void com.browserstack.BStackDemoTest.addProductToCart() throws java.lang.Exception","test_id":"BStackDemo-2@2","test_uuid":"9144d146-963a-4acc-a128-7ac82d2a7f05","test_ended_at":"2026-08-01T21:04:24.692318","automate_session_name":"BStackDemo-22","hookAttachStartMs":1785598437876,"test_hook_last_finished":"BEFORE_METHOD","test_session_name":"com.browserstack.BStackDemoTest-addProductToCart","custom_metadata":{},"test_failure_reason":null,"test_location":"src/test/java/com/browserstack/BStackDemoTest.java","test_hooks_started":{"BEFORE_METHOD":[]},"test_file_path":"src/test/java/com/browserstack/BStackDemoTest.java","test_result":"passed","test_hooks_finished":{"BEFORE_METHOD":[{"hook_name":"setUp","hook_result":"passed","test_file_path":"testng-browserstack-master/src/test/java/com/browserstack/BStackDemoTest.java","event_started_at":"2026-08-01T21:03:57.905747","hook_id":"4beeb88f-0f73-466c-a6fb-119d70d560e0","hook_logs":[],"logs":[],"key":"BEFORE_METHOD","custom_metadata":{},"event_ended_at":"2026-08-01T21:04:17.285308","test_location":"testng-browserstack-master/src/test/java/com/browserstack/BStackDemoTest.java"}]},"hook_id":"4beeb88f-0f73-466c-a6fb-119d70d560e0","test_meta":{},"isBrowserstackAutomationSession":true,"test_name":"addProductToCart","logs":[]}
2026-08-01T15:34:26.215Z CLI info [testhub:request-queue-handler]  [rb2dvzhw0oft7cwuk5zdziqohojzp5zqwtz8pjk5]  [21fec8ce-c9ac-4940-a8c4-d1766b3c3ca4]  Added the event {
  event_type: 'TestRunFinished',
  test_run: {
    type: 'test',
    framework: 'TestNG',
    uuid: '9144d146-963a-4acc-a128-7ac82d2a7f05',
    name: 'addProductToCart',
    body: {
      lang: 'java',
      code: 'public void com.browserstack.BStackDemoTest.addProductToCart() throws java.lang.Exception'
    },
    identifier: 'addProductToCart',
    scope: 'Cross-Platform.com.browserstack.BStackDemoTest',
    scopes: [ 'Cross-Platform', 'com.browserstack.BStackDemoTest' ],
    file_name: 'src/test/java/com/browserstack/BStackDemoTest.java',
    vc_filepath: '',
    location: 'src/test/java/com/browserstack/BStackDemoTest.java',
    meta: {},
    result: 'passed',
    duration_in_ms: 7395,
    started_at: '2026-08-01T15:34:17.297Z',
    finished_at: '2026-08-01T15:34:24.692Z',
    failure: null,
    failure_type: null,
    failure_reason: null,
    retry_of: null,
    custom_metadata: {},
    tags: [],
    customRerunParam: { rerun_name: 'BStackDemo-2' },
    hooks: [ '4beeb88f-0f73-466c-a6fb-119d70d560e0' ],
    product_map: {
      observability: true,
      accessibility: false,
      percy: false,
      automate: true,
      app_automate: false,
      lts: false
    }
  },
  logs: []
} to 29321:0
2026-08-01T15:34:26.233Z CLI info [testhub:request-queue-handler]  [rb2dvzhw0oft7cwuk5zdziqohojzp5zqwtz8pjk5]  [21fec8ce-c9ac-4940-a8c4-d1766b3c3ca4]  Added the event {
  event_type: 'CBTSessionCreated',
  test_run: {
    uuid: '5a594a32-42e3-4dcf-9004-a4579869ec2f',
    integrations: { browserstack: [Object] }
  }
} to 29321:0
2026-08-01T15:34:26.240Z CLI info [testhub:request-queue-handler]  [rb2dvzhw0oft7cwuk5zdziqohojzp5zqwtz8pjk5]  [21fec8ce-c9ac-4940-a8c4-d1766b3c3ca4]  Added the event {
  event_type: 'HookRunStarted',
  hook_run: {
    type: 'hook',
    hook_type: 'AFTER_METHOD',
    framework: 'TestNG',
    uuid: '5a594a32-42e3-4dcf-9004-a4579869ec2f',
    name: 'tearDown',
    result: 'pending',
    test_run_id: '9144d146-963a-4acc-a128-7ac82d2a7f05',
    body: { lang: 'java', code: null },
    scope: 'Cross-Platform.com.browserstack.BStackDemoTest',
    custom_metadata: {},
    tags: [],
    scopes: [ 'Cross-Platform', 'com.browserstack.BStackDemoTest' ],
    file_name: 'testng-browserstack-master/src/test/java/com/browserstack/BStackDemoTest.java',
    vc_filepath: '',
    location: 'testng-browserstack-master/src/test/java/com/browserstack/BStackDemoTest.java',
    started_at: '2026-08-01T15:34:26.228Z'
  },
  logs: []
} to 29321:0
2026-08-01T15:34:26.339Z CLI info [testhub:request-queue-handler]  [rb2dvzhw0oft7cwuk5zdziqohojzp5zqwtz8pjk5]  [21fec8ce-c9ac-4940-a8c4-d1766b3c3ca4]  Added the event {
  event_type: 'HookRunFinished',
  hook_run: {
    type: 'hook',
    hook_type: 'AFTER_METHOD',
    framework: 'TestNG',
    uuid: '40e25e19-a5ee-4744-9ec0-549d9027449d',
    name: 'tearDown',
    result: 'passed',
    test_run_id: '77b19c91-6918-42ca-b84b-561dd93546e5',
    body: { lang: 'java', code: null },
    scope: 'Cross-Platform.com.browserstack.BStackDemoTest',
    custom_metadata: {},
    tags: [],
    scopes: [ 'Cross-Platform', 'com.browserstack.BStackDemoTest' ],
    file_name: 'testng-browserstack-master/src/test/java/com/browserstack/BStackDemoTest.java',
    vc_filepath: '',
    location: 'testng-browserstack-master/src/test/java/com/browserstack/BStackDemoTest.java',
    started_at: '2026-08-01T15:34:24.824Z',
    finished_at: '2026-08-01T15:34:26.337Z'
  },
  logs: []
} to 29321:0
2026-08-01T15:34:27.701Z CLI info [testhub:request-queue-handler]  [rb2dvzhw0oft7cwuk5zdziqohojzp5zqwtz8pjk5]  [21fec8ce-c9ac-4940-a8c4-d1766b3c3ca4]  Processing batch event [
  {
    event_type: 'TestRunFinished',
    test_run: {
      type: 'test',
      framework: 'TestNG',
      uuid: '9144d146-963a-4acc-a128-7ac82d2a7f05',
      name: 'addProductToCart',
      body: {
        lang: 'java',
        code: 'public void com.browserstack.BStackDemoTest.addProductToCart() throws java.lang.Exception'
      },
      identifier: 'addProductToCart',
      scope: 'Cross-Platform.com.browserstack.BStackDemoTest',
      scopes: [ 'Cross-Platform', 'com.browserstack.BStackDemoTest' ],
      file_name: 'src/test/java/com/browserstack/BStackDemoTest.java',
      vc_filepath: '',
      location: 'src/test/java/com/browserstack/BStackDemoTest.java',
      meta: {},
      result: 'passed',
      duration_in_ms: 7395,
      started_at: '2026-08-01T15:34:17.297Z',
      finished_at: '2026-08-01T15:34:24.692Z',
      failure: null,
      failure_type: null,
      failure_reason: null,
      retry_of: null,
      custom_metadata: {},
      tags: [],
      customRerunParam: { rerun_name: 'BStackDemo-2' },
      hooks: [ '4beeb88f-0f73-466c-a6fb-119d70d560e0' ],
      product_map: {
        observability: true,
        accessibility: false,
        percy: false,
        automate: true,
        app_automate: false,
        lts: false
      }
    },
    logs: []
  },
  {
    event_type: 'CBTSessionCreated',
    test_run: {
      uuid: '5a594a32-42e3-4dcf-9004-a4579869ec2f',
      integrations: {
        browserstack: {
          product: 'automate',
          session_id: 'e07ddd2a34e0b7a352d09f27e195d6da1a40f223',
          capabilities: {
            automationName: 'XCUITest',
            bootstrapPath: '/usr/local/.browserstack/config/wda_derived_data_15_3.3.0.11.0.0_515e29e8-234f-4a0f-a938-5ab844beed3d/Build/Products',
            browserName: 'safari',
            'browserstack.isTargetBased': 'true',
            databaseEnabled: false,
            deviceName: 'iPhone 13',
            deviceOrientation: 'PORTRAIT',
            javascriptEnabled: true,
            keychainPassword: '[REDACTED VALUE]',
            keychainPath: '[REDACTED VALUE]',
            locationContextEnabled: false,
            networkConnectionEnabled: false,
            newCommandTimeout: 0,
            noReset: true,
            optimalHubUrl: 'hub-aps.browserstack.com',
            orientation: 'PORTRAIT',
            platform: 'MAC',
            platformName: 'IOS',
            realMobile: 'true',
            safariIgnoreFraudWarning: true,
            takesScreenshot: true,
            udid: '00008110-0016388102C2401E',
            useXctestrunFile: true,
            webStorageEnabled: false
          },
          platform: 'IOS',
          platform_version: '15',
          browser: 'Safari',
          browser_version: undefined,
          device_name: 'iPhone 13'
        }
      }
    }
  },
  {
    event_type: 'HookRunStarted',
    hook_run: {
      type: 'hook',
      hook_type: 'AFTER_METHOD',
      framework: 'TestNG',
      uuid: '5a594a32-42e3-4dcf-9004-a4579869ec2f',
      name: 'tearDown',
      result: 'pending',
      test_run_id: '9144d146-963a-4acc-a128-7ac82d2a7f05',
      body: { lang: 'java', code: null },
      scope: 'Cross-Platform.com.browserstack.BStackDemoTest',
      custom_metadata: {},
      tags: [],
      scopes: [ 'Cross-Platform', 'com.browserstack.BStackDemoTest' ],
      file_name: 'testng-browserstack-master/src/test/java/com/browserstack/BStackDemoTest.java',
      vc_filepath: '',
      location: 'testng-browserstack-master/src/test/java/com/browserstack/BStackDemoTest.java',
      started_at: '2026-08-01T15:34:26.228Z'
    },
    logs: []
  },
  {
    event_type: 'HookRunFinished',
    hook_run: {
      type: 'hook',
      hook_type: 'AFTER_METHOD',
      framework: 'TestNG',
      uuid: '40e25e19-a5ee-4744-9ec0-549d9027449d',
      name: 'tearDown',
      result: 'passed',
      test_run_id: '77b19c91-6918-42ca-b84b-561dd93546e5',
      body: { lang: 'java', code: null },
      scope: 'Cross-Platform.com.browserstack.BStackDemoTest',
      custom_metadata: {},
      tags: [],
      scopes: [ 'Cross-Platform', 'com.browserstack.BStackDemoTest' ],
      file_name: 'testng-browserstack-master/src/test/java/com/browserstack/BStackDemoTest.java',
      vc_filepath: '',
      location: 'testng-browserstack-master/src/test/java/com/browserstack/BStackDemoTest.java',
      started_at: '2026-08-01T15:34:24.824Z',
      finished_at: '2026-08-01T15:34:26.337Z'
    },
    logs: []
  }
] to 29321:0
2026-08-01T15:34:27.702Z CLI info  [rb2dvzhw0oft7cwuk5zdziqohojzp5zqwtz8pjk5]  [21fec8ce-c9ac-4940-a8c4-d1766b3c3ca4]  [PRODUCTION] Making POST request to https://collector-observability.browserstack.com
2026-08-01T15:34:27.772Z CLI info [testhub:request-queue-handler]  [rb2dvzhw0oft7cwuk5zdziqohojzp5zqwtz8pjk5]  [21fec8ce-c9ac-4940-a8c4-d1766b3c3ca4]  Added the event {
  event_type: 'HookRunFinished',
  hook_run: {
    type: 'hook',
    hook_type: 'AFTER_METHOD',
    framework: 'TestNG',
    uuid: '5a594a32-42e3-4dcf-9004-a4579869ec2f',
    name: 'tearDown',
    result: 'passed',
    test_run_id: '9144d146-963a-4acc-a128-7ac82d2a7f05',
    body: { lang: 'java', code: null },
    scope: 'Cross-Platform.com.browserstack.BStackDemoTest',
    custom_metadata: {},
    tags: [],
    scopes: [ 'Cross-Platform', 'com.browserstack.BStackDemoTest' ],
    file_name: 'testng-browserstack-master/src/test/java/com/browserstack/BStackDemoTest.java',
    vc_filepath: '',
    location: 'testng-browserstack-master/src/test/java/com/browserstack/BStackDemoTest.java',
    started_at: '2026-08-01T15:34:26.228Z',
    finished_at: '2026-08-01T15:34:27.768Z'
  },
  logs: []
} to 29321:0
2026-08-01T15:34:29.702Z CLI info [testhub:request-queue-handler]  [rb2dvzhw0oft7cwuk5zdziqohojzp5zqwtz8pjk5]  [21fec8ce-c9ac-4940-a8c4-d1766b3c3ca4]  Processing batch event [
  {
    event_type: 'HookRunFinished',
    hook_run: {
      type: 'hook',
      hook_type: 'AFTER_METHOD',
      framework: 'TestNG',
      uuid: '5a594a32-42e3-4dcf-9004-a4579869ec2f',
      name: 'tearDown',
      result: 'passed',
      test_run_id: '9144d146-963a-4acc-a128-7ac82d2a7f05',
      body: { lang: 'java', code: null },
      scope: 'Cross-Platform.com.browserstack.BStackDemoTest',
      custom_metadata: {},
      tags: [],
      scopes: [ 'Cross-Platform', 'com.browserstack.BStackDemoTest' ],
      file_name: 'testng-browserstack-master/src/test/java/com/browserstack/BStackDemoTest.java',
      vc_filepath: '',
      location: 'testng-browserstack-master/src/test/java/com/browserstack/BStackDemoTest.java',
      started_at: '2026-08-01T15:34:26.228Z',
      finished_at: '2026-08-01T15:34:27.768Z'
    },
    logs: []
  }
] to 29321:0
2026-08-01T15:34:29.703Z CLI info  [rb2dvzhw0oft7cwuk5zdziqohojzp5zqwtz8pjk5]  [21fec8ce-c9ac-4940-a8c4-d1766b3c3ca4]  [PRODUCTION] Making POST request to https://collector-observability.browserstack.com
2026-08-01T15:34:40.519Z CLI warn [TEST REPORTING AND ANALYTICS:java:testng]  [rb2dvzhw0oft7cwuk5zdziqohojzp5zqwtz8pjk5]  [21fec8ce-c9ac-4940-a8c4-d1766b3c3ca4]  TestRunFinished: event={"test_hook_last_started":"BEFORE_METHOD","test_failure_type":null,"test_rerun_name":"BStackDemo-1","test_result_at":"2026-08-01T21:04:39.445313","test_scope":"Cross-Platform.com.browserstack.BStackDemoTest","test_framework_name":"TestNG","test_tags":"","cbt_session_created":true,"test_started_at":"2026-08-01T21:04:06.666622","platform_index":1,"test_failure":null,"test_framework_version":"7.4.0","test_logs":[],"test_scopes":["Cross-Platform","com.browserstack.BStackDemoTest"],"test_code":"public void com.browserstack.BStackDemoTest.addProductToCart() throws java.lang.Exception","test_id":"BStackDemo-1@1","test_uuid":"3ad092d9-7323-4f79-8696-c47954a75e9f","test_ended_at":"2026-08-01T21:04:39.445727","automate_session_name":"BStackDemo-11","hookAttachStartMs":1785598437876,"test_hook_last_finished":"BEFORE_METHOD","test_session_name":"com.browserstack.BStackDemoTest-addProductToCart","custom_metadata":{},"test_failure_reason":null,"test_location":"src/test/java/com/browserstack/BStackDemoTest.java","test_hooks_started":{"BEFORE_METHOD":[]},"test_file_path":"src/test/java/com/browserstack/BStackDemoTest.java","test_result":"passed","test_hooks_finished":{"BEFORE_METHOD":[{"hook_name":"setUp","hook_result":"passed","test_file_path":"testng-browserstack-master/src/test/java/com/browserstack/BStackDemoTest.java","event_started_at":"2026-08-01T21:03:57.905761","hook_id":"d7739a6a-791a-453c-a4a7-a0b53a69f2fb","hook_logs":[],"logs":[],"key":"BEFORE_METHOD","custom_metadata":{},"event_ended_at":"2026-08-01T21:04:06.654682","test_location":"testng-browserstack-master/src/test/java/com/browserstack/BStackDemoTest.java"}]},"hook_id":"d7739a6a-791a-453c-a4a7-a0b53a69f2fb","test_meta":{},"isBrowserstackAutomationSession":true,"test_name":"addProductToCart","logs":[]}
2026-08-01T15:34:40.522Z CLI info [testhub:request-queue-handler]  [rb2dvzhw0oft7cwuk5zdziqohojzp5zqwtz8pjk5]  [21fec8ce-c9ac-4940-a8c4-d1766b3c3ca4]  Added the event {
  event_type: 'TestRunFinished',
  test_run: {
    type: 'test',
    framework: 'TestNG',
    uuid: '3ad092d9-7323-4f79-8696-c47954a75e9f',
    name: 'addProductToCart',
    body: {
      lang: 'java',
      code: 'public void com.browserstack.BStackDemoTest.addProductToCart() throws java.lang.Exception'
    },
    identifier: 'addProductToCart',
    scope: 'Cross-Platform.com.browserstack.BStackDemoTest',
    scopes: [ 'Cross-Platform', 'com.browserstack.BStackDemoTest' ],
    file_name: 'src/test/java/com/browserstack/BStackDemoTest.java',
    vc_filepath: '',
    location: 'src/test/java/com/browserstack/BStackDemoTest.java',
    meta: {},
    result: 'passed',
    duration_in_ms: 32779,
    started_at: '2026-08-01T15:34:06.666Z',
    finished_at: '2026-08-01T15:34:39.445Z',
    failure: null,
    failure_type: null,
    failure_reason: null,
    retry_of: null,
    custom_metadata: {},
    tags: [],
    customRerunParam: { rerun_name: 'BStackDemo-1' },
    hooks: [ 'd7739a6a-791a-453c-a4a7-a0b53a69f2fb' ],
    product_map: {
      observability: true,
      accessibility: false,
      percy: false,
      automate: true,
      app_automate: false,
      lts: false
    }
  },
  logs: []
} to 29321:0
2026-08-01T15:34:40.544Z CLI info [testhub:request-queue-handler]  [rb2dvzhw0oft7cwuk5zdziqohojzp5zqwtz8pjk5]  [21fec8ce-c9ac-4940-a8c4-d1766b3c3ca4]  Added the event {
  event_type: 'CBTSessionCreated',
  test_run: {
    uuid: '7f1d5a08-4881-439d-818a-71c69c58f9a3',
    integrations: { browserstack: [Object] }
  }
} to 29321:0
2026-08-01T15:34:40.549Z CLI info [testhub:request-queue-handler]  [rb2dvzhw0oft7cwuk5zdziqohojzp5zqwtz8pjk5]  [21fec8ce-c9ac-4940-a8c4-d1766b3c3ca4]  Added the event {
  event_type: 'HookRunStarted',
  hook_run: {
    type: 'hook',
    hook_type: 'AFTER_METHOD',
    framework: 'TestNG',
    uuid: '7f1d5a08-4881-439d-818a-71c69c58f9a3',
    name: 'tearDown',
    result: 'pending',
    test_run_id: '3ad092d9-7323-4f79-8696-c47954a75e9f',
    body: { lang: 'java', code: null },
    scope: 'Cross-Platform.com.browserstack.BStackDemoTest',
    custom_metadata: {},
    tags: [],
    scopes: [ 'Cross-Platform', 'com.browserstack.BStackDemoTest' ],
    file_name: 'testng-browserstack-master/src/test/java/com/browserstack/BStackDemoTest.java',
    vc_filepath: '',
    location: 'testng-browserstack-master/src/test/java/com/browserstack/BStackDemoTest.java',
    started_at: '2026-08-01T15:34:40.537Z'
  },
  logs: []
} to 29321:0
2026-08-01T15:34:41.707Z CLI info [testhub:request-queue-handler]  [rb2dvzhw0oft7cwuk5zdziqohojzp5zqwtz8pjk5]  [21fec8ce-c9ac-4940-a8c4-d1766b3c3ca4]  Processing batch event [
  {
    event_type: 'TestRunFinished',
    test_run: {
      type: 'test',
      framework: 'TestNG',
      uuid: '3ad092d9-7323-4f79-8696-c47954a75e9f',
      name: 'addProductToCart',
      body: {
        lang: 'java',
        code: 'public void com.browserstack.BStackDemoTest.addProductToCart() throws java.lang.Exception'
      },
      identifier: 'addProductToCart',
      scope: 'Cross-Platform.com.browserstack.BStackDemoTest',
      scopes: [ 'Cross-Platform', 'com.browserstack.BStackDemoTest' ],
      file_name: 'src/test/java/com/browserstack/BStackDemoTest.java',
      vc_filepath: '',
      location: 'src/test/java/com/browserstack/BStackDemoTest.java',
      meta: {},
      result: 'passed',
      duration_in_ms: 32779,
      started_at: '2026-08-01T15:34:06.666Z',
      finished_at: '2026-08-01T15:34:39.445Z',
      failure: null,
      failure_type: null,
      failure_reason: null,
      retry_of: null,
      custom_metadata: {},
      tags: [],
      customRerunParam: { rerun_name: 'BStackDemo-1' },
      hooks: [ 'd7739a6a-791a-453c-a4a7-a0b53a69f2fb' ],
      product_map: {
        observability: true,
        accessibility: false,
        percy: false,
        automate: true,
        app_automate: false,
        lts: false
      }
    },
    logs: []
  },
  {
    event_type: 'CBTSessionCreated',
    test_run: {
      uuid: '7f1d5a08-4881-439d-818a-71c69c58f9a3',
      integrations: {
        browserstack: {
          product: 'automate',
          session_id: '61e939ce1141cc78eef2f6f914168e9b6745e80e',
          capabilities: {
            acceptInsecureCerts: false,
            browserName: 'Safari',
            browserVersion: '15.6.1',
            optimalHubUrl: 'hub-aps.browserstack.com',
            platformName: 'MAC',
            'safari:automaticInspection': false,
            'safari:automaticProfiling': false,
            'safari:diagnose': false,
            'safari:platformBuildVersion': '21G83',
            'safari:platformVersion': '12.5.1',
            'safari:useSimulator': false,
            setWindowRect: true,
            strictFileInteractability: false,
            'webdriver.remote.sessionid': '61e939ce1141cc78eef2f6f914168e9b6745e80e',
            'webkit:WebRTC': {
              DisableICECandidateFiltering: false,
              DisableInsecureMediaCapture: false
            }
          },
          platform: 'OS X',
          platform_version: 'Monterey',
          browser: 'Safari',
          browser_version: '15.6'
        }
      }
    }
  },
  {
    event_type: 'HookRunStarted',
    hook_run: {
      type: 'hook',
      hook_type: 'AFTER_METHOD',
      framework: 'TestNG',
      uuid: '7f1d5a08-4881-439d-818a-71c69c58f9a3',
      name: 'tearDown',
      result: 'pending',
      test_run_id: '3ad092d9-7323-4f79-8696-c47954a75e9f',
      body: { lang: 'java', code: null },
      scope: 'Cross-Platform.com.browserstack.BStackDemoTest',
      custom_metadata: {},
      tags: [],
      scopes: [ 'Cross-Platform', 'com.browserstack.BStackDemoTest' ],
      file_name: 'testng-browserstack-master/src/test/java/com/browserstack/BStackDemoTest.java',
      vc_filepath: '',
      location: 'testng-browserstack-master/src/test/java/com/browserstack/BStackDemoTest.java',
      started_at: '2026-08-01T15:34:40.537Z'
    },
    logs: []
  }
] to 29321:0
2026-08-01T15:34:41.708Z CLI info  [rb2dvzhw0oft7cwuk5zdziqohojzp5zqwtz8pjk5]  [21fec8ce-c9ac-4940-a8c4-d1766b3c3ca4]  [PRODUCTION] Making POST request to https://collector-observability.browserstack.com
2026-08-01T15:34:42.425Z CLI info [testhub:request-queue-handler]  [rb2dvzhw0oft7cwuk5zdziqohojzp5zqwtz8pjk5]  [21fec8ce-c9ac-4940-a8c4-d1766b3c3ca4]  Added the event {
  event_type: 'HookRunFinished',
  hook_run: {
    type: 'hook',
    hook_type: 'AFTER_METHOD',
    framework: 'TestNG',
    uuid: '7f1d5a08-4881-439d-818a-71c69c58f9a3',
    name: 'tearDown',
    result: 'passed',
    test_run_id: '3ad092d9-7323-4f79-8696-c47954a75e9f',
    body: { lang: 'java', code: null },
    scope: 'Cross-Platform.com.browserstack.BStackDemoTest',
    custom_metadata: {},
    tags: [],
    scopes: [ 'Cross-Platform', 'com.browserstack.BStackDemoTest' ],
    file_name: 'testng-browserstack-master/src/test/java/com/browserstack/BStackDemoTest.java',
    vc_filepath: '',
    location: 'testng-browserstack-master/src/test/java/com/browserstack/BStackDemoTest.java',
    started_at: '2026-08-01T15:34:40.537Z',
    finished_at: '2026-08-01T15:34:42.421Z'
  },
  logs: []
} to 29321:0
2026-08-01T15:34:42.950Z CLI info  [rb2dvzhw0oft7cwuk5zdziqohojzp5zqwtz8pjk5]  [21fec8ce-c9ac-4940-a8c4-d1766b3c3ca4]  [PRODUCTION] Making GET request to https://api.browserstack.com
2026-08-01T15:34:42.954Z CLI info  [rb2dvzhw0oft7cwuk5zdziqohojzp5zqwtz8pjk5]  [21fec8ce-c9ac-4940-a8c4-d1766b3c3ca4]  [PRODUCTION] Making POST request to https://collector-observability.browserstack.com
2026-08-01T15:34:43.631Z CLI info  [rb2dvzhw0oft7cwuk5zdziqohojzp5zqwtz8pjk5]  [21fec8ce-c9ac-4940-a8c4-d1766b3c3ca4]  [PRODUCTION] Making PUT request to https://collector-observability.browserstack.com
2026-08-01T15:34:44.299Z CLI info [testhub:module]  [rb2dvzhw0oft7cwuk5zdziqohojzp5zqwtz8pjk5]  [21fec8ce-c9ac-4940-a8c4-d1766b3c3ca4]  stopBuild: rb2dvzhw0oft7cwuk5zdziqohojzp5zqwtz8pjk5 request={"finished_at":"2026-08-01T15:34:42.949Z","finished_metadata":[],"custom_metadata":{}} response={"data":""}
2026-08-01T15:34:44.302Z CLI info  [rb2dvzhw0oft7cwuk5zdziqohojzp5zqwtz8pjk5]  [21fec8ce-c9ac-4940-a8c4-d1766b3c3ca4]  [PRODUCTION] Making POST request to https://api.browserstack.com
2026-08-01T15:34:44.944Z CLI info [TEST REPORTING AND ANALYTICS:module]  [rb2dvzhw0oft7cwuk5zdziqohojzp5zqwtz8pjk5]  [21fec8ce-c9ac-4940-a8c4-d1766b3c3ca4]  Visit https://automation.browserstack.com/builds/rb2dvzhw0oft7cwuk5zdziqohojzp5zqwtz8pjk5 to view build report, insights, and many more debugging information all at one place!
2026-08-01T15:34:44.944Z CLI info [ai:module]  [rb2dvzhw0oft7cwuk5zdziqohojzp5zqwtz8pjk5]  [21fec8ce-c9ac-4940-a8c4-d1766b3c3ca4]  onStop: 21fec8ce-c9ac-4940-a8c4-d1766b3c3ca4
2026-08-01T15:34:45.022Z CLI info [main]  [rb2dvzhw0oft7cwuk5zdziqohojzp5zqwtz8pjk5]  [21fec8ce-c9ac-4940-a8c4-d1766b3c3ca4]  Received graceful signal termination (SIGTERM), performing cleanup
2026-08-01T15:35:37.559Z CLI info [main]    Server listening on port: 5400
2026-08-01T15:35:37.797Z CLI info    Config : {"userName":"[REDACTED]","accessKey":"[REDACTED]","platforms":[{"os":"Windows","osVersion":"11","browserName":"Chrome","browserVersion":"148.0"},{"os":"OS X","osVersion":"Monterey","browserName":"Safari","browserVersion":"15.6"},{"deviceName":"iPhone 13","osVersion":"15","browserName":"Safari","deviceOrientation":"portrait"}],"browserstackLocal":true,"buildName":"browserstack-build-1","projectName":"BrowserStack Sample","selfHeal":true,"aiAuthoring":true,"buildIdentifier":"#${BUILD_NUMBER}","framework":"testng"}
2026-08-01T15:35:37.813Z CLI info    Should start debug utility: undefined
2026-08-01T15:35:37.813Z CLI info [testhub:module]   [af5e4395-f6d1-4725-b3a2-d2dbf924d567]  Starting testhub from 30005:0
2026-08-01T15:35:38.304Z CLI info   [af5e4395-f6d1-4725-b3a2-d2dbf924d567]  [PRODUCTION] Making POST request to https://sdk.browserstack.com
2026-08-01T15:35:38.306Z CLI info   [af5e4395-f6d1-4725-b3a2-d2dbf924d567]  [PRODUCTION] Making GET request to https://hub.browserstack.com
2026-08-01T15:35:38.443Z CLI info   [af5e4395-f6d1-4725-b3a2-d2dbf924d567]  [PRODUCTION] Making GET request to https://hub-aps.browserstack.com
2026-08-01T15:35:38.444Z CLI info   [af5e4395-f6d1-4725-b3a2-d2dbf924d567]  [PRODUCTION] Making GET request to https://hub-euw.browserstack.com
2026-08-01T15:35:38.444Z CLI info   [af5e4395-f6d1-4725-b3a2-d2dbf924d567]  [PRODUCTION] Making GET request to https://hub-apse.browserstack.com
2026-08-01T15:35:39.664Z CLI info [testhub:module]   [af5e4395-f6d1-4725-b3a2-d2dbf924d567]  startBuild: response=mwmv9k7u9kvh0dw8bzertjsxix0onrx7ocgfcf0u
2026-08-01T15:35:39.668Z CLI info  [mwmv9k7u9kvh0dw8bzertjsxix0onrx7ocgfcf0u]  [af5e4395-f6d1-4725-b3a2-d2dbf924d567]  [PRODUCTION] Making POST request to https://api.browserstack.com
2026-08-01T15:35:41.655Z CLI error  [mwmv9k7u9kvh0dw8bzertjsxix0onrx7ocgfcf0u]  [af5e4395-f6d1-4725-b3a2-d2dbf924d567]  error invoking callback for eventName onStart: ENOENT: no such file or directory, mkdir '/snapshot/browserstack-binary/cli/dist/extensions'
2026-08-01T15:35:41.655Z CLI error  [mwmv9k7u9kvh0dw8bzertjsxix0onrx7ocgfcf0u]  [af5e4395-f6d1-4725-b3a2-d2dbf924d567]  Error: ENOENT: no such file or directory, mkdir '/snapshot/browserstack-binary/cli/dist/extensions'
2026-08-01T15:35:45.536Z CLI info  [mwmv9k7u9kvh0dw8bzertjsxix0onrx7ocgfcf0u]  [af5e4395-f6d1-4725-b3a2-d2dbf924d567]  [PRODUCTION] Making POST request to https://api.browserstack.com
2026-08-01T15:35:50.320Z CLI info [testhub:request-queue-handler]  [mwmv9k7u9kvh0dw8bzertjsxix0onrx7ocgfcf0u]  [af5e4395-f6d1-4725-b3a2-d2dbf924d567]  Added the event {
  event_type: 'HookRunStarted',
  hook_run: {
    type: 'hook',
    hook_type: 'BEFORE_METHOD',
    framework: 'TestNG',
    uuid: '4bc72f59-51e2-4660-b592-dfb38e3c2b28',
    name: 'setUp',
    result: 'pending',
    test_run_id: '84024511-ddfc-452f-b980-59fb63f76d40',
    body: { lang: 'java', code: null },
    scope: 'Cross-Platform.com.browserstack.BStackDemoTest',
    custom_metadata: {},
    tags: [],
    scopes: [ 'Cross-Platform', 'com.browserstack.BStackDemoTest' ],
    file_name: 'testng-browserstack-master/src/test/java/com/browserstack/BStackDemoTest.java',
    vc_filepath: '',
    location: 'testng-browserstack-master/src/test/java/com/browserstack/BStackDemoTest.java',
    started_at: '2026-08-01T15:35:50.298Z'
  },
  logs: []
} to 30005:0
2026-08-01T15:35:50.322Z CLI info [testhub:request-queue-handler]  [mwmv9k7u9kvh0dw8bzertjsxix0onrx7ocgfcf0u]  [af5e4395-f6d1-4725-b3a2-d2dbf924d567]  Added the event {
  event_type: 'HookRunStarted',
  hook_run: {
    type: 'hook',
    hook_type: 'BEFORE_METHOD',
    framework: 'TestNG',
    uuid: 'b72d797c-0d73-4891-97b4-f419dd22a7c4',
    name: 'setUp',
    result: 'pending',
    test_run_id: '41f4b9e2-7a93-46a6-97ac-b7b9e035366e',
    body: { lang: 'java', code: null },
    scope: 'Cross-Platform.com.browserstack.BStackDemoTest',
    custom_metadata: {},
    tags: [],
    scopes: [ 'Cross-Platform', 'com.browserstack.BStackDemoTest' ],
    file_name: 'testng-browserstack-master/src/test/java/com/browserstack/BStackDemoTest.java',
    vc_filepath: '',
    location: 'testng-browserstack-master/src/test/java/com/browserstack/BStackDemoTest.java',
    started_at: '2026-08-01T15:35:50.298Z'
  },
  logs: []
} to 30005:0
2026-08-01T15:35:50.323Z CLI info [testhub:request-queue-handler]  [mwmv9k7u9kvh0dw8bzertjsxix0onrx7ocgfcf0u]  [af5e4395-f6d1-4725-b3a2-d2dbf924d567]  Added the event {
  event_type: 'HookRunStarted',
  hook_run: {
    type: 'hook',
    hook_type: 'BEFORE_METHOD',
    framework: 'TestNG',
    uuid: '5df5054f-1415-4aa1-a3ba-38d84947b429',
    name: 'setUp',
    result: 'pending',
    test_run_id: '04b4e171-7792-4e45-92c0-e85cdca042d3',
    body: { lang: 'java', code: null },
    scope: 'Cross-Platform.com.browserstack.BStackDemoTest',
    custom_metadata: {},
    tags: [],
    scopes: [ 'Cross-Platform', 'com.browserstack.BStackDemoTest' ],
    file_name: 'testng-browserstack-master/src/test/java/com/browserstack/BStackDemoTest.java',
    vc_filepath: '',
    location: 'testng-browserstack-master/src/test/java/com/browserstack/BStackDemoTest.java',
    started_at: '2026-08-01T15:35:50.298Z'
  },
  logs: []
} to 30005:0
2026-08-01T15:35:50.723Z CLI info [ai:module]  [mwmv9k7u9kvh0dw8bzertjsxix0onrx7ocgfcf0u]  [af5e4395-f6d1-4725-b3a2-d2dbf924d567]  initSession: af5e4395-f6d1-4725-b3a2-d2dbf924d567
2026-08-01T15:35:50.723Z CLI info [sdk:service]  [mwmv9k7u9kvh0dw8bzertjsxix0onrx7ocgfcf0u]  [af5e4395-f6d1-4725-b3a2-d2dbf924d567]  Driver initialized as primary driver: platformIndex=2
2026-08-01T15:35:50.725Z CLI info [ai:module]  [mwmv9k7u9kvh0dw8bzertjsxix0onrx7ocgfcf0u]  [af5e4395-f6d1-4725-b3a2-d2dbf924d567]  initSession: af5e4395-f6d1-4725-b3a2-d2dbf924d567
2026-08-01T15:35:50.726Z CLI info [sdk:service]  [mwmv9k7u9kvh0dw8bzertjsxix0onrx7ocgfcf0u]  [af5e4395-f6d1-4725-b3a2-d2dbf924d567]  Driver initialized as primary driver: platformIndex=0
2026-08-01T15:35:50.728Z CLI info [ai:module]  [mwmv9k7u9kvh0dw8bzertjsxix0onrx7ocgfcf0u]  [af5e4395-f6d1-4725-b3a2-d2dbf924d567]  initSession: af5e4395-f6d1-4725-b3a2-d2dbf924d567
2026-08-01T15:35:50.728Z CLI info [sdk:service]  [mwmv9k7u9kvh0dw8bzertjsxix0onrx7ocgfcf0u]  [af5e4395-f6d1-4725-b3a2-d2dbf924d567]  Driver initialized as primary driver: platformIndex=1
2026-08-01T15:35:51.672Z CLI info [testhub:request-queue-handler]  [mwmv9k7u9kvh0dw8bzertjsxix0onrx7ocgfcf0u]  [af5e4395-f6d1-4725-b3a2-d2dbf924d567]  Processing batch event [
  {
    event_type: 'HookRunStarted',
    hook_run: {
      type: 'hook',
      hook_type: 'BEFORE_METHOD',
      framework: 'TestNG',
      uuid: '4bc72f59-51e2-4660-b592-dfb38e3c2b28',
      name: 'setUp',
      result: 'pending',
      test_run_id: '84024511-ddfc-452f-b980-59fb63f76d40',
      body: { lang: 'java', code: null },
      scope: 'Cross-Platform.com.browserstack.BStackDemoTest',
      custom_metadata: {},
      tags: [],
      scopes: [ 'Cross-Platform', 'com.browserstack.BStackDemoTest' ],
      file_name: 'testng-browserstack-master/src/test/java/com/browserstack/BStackDemoTest.java',
      vc_filepath: '',
      location: 'testng-browserstack-master/src/test/java/com/browserstack/BStackDemoTest.java',
      started_at: '2026-08-01T15:35:50.298Z'
    },
    logs: []
  },
  {
    event_type: 'HookRunStarted',
    hook_run: {
      type: 'hook',
      hook_type: 'BEFORE_METHOD',
      framework: 'TestNG',
      uuid: 'b72d797c-0d73-4891-97b4-f419dd22a7c4',
      name: 'setUp',
      result: 'pending',
      test_run_id: '41f4b9e2-7a93-46a6-97ac-b7b9e035366e',
      body: { lang: 'java', code: null },
      scope: 'Cross-Platform.com.browserstack.BStackDemoTest',
      custom_metadata: {},
      tags: [],
      scopes: [ 'Cross-Platform', 'com.browserstack.BStackDemoTest' ],
      file_name: 'testng-browserstack-master/src/test/java/com/browserstack/BStackDemoTest.java',
      vc_filepath: '',
      location: 'testng-browserstack-master/src/test/java/com/browserstack/BStackDemoTest.java',
      started_at: '2026-08-01T15:35:50.298Z'
    },
    logs: []
  },
  {
    event_type: 'HookRunStarted',
    hook_run: {
      type: 'hook',
      hook_type: 'BEFORE_METHOD',
      framework: 'TestNG',
      uuid: '5df5054f-1415-4aa1-a3ba-38d84947b429',
      name: 'setUp',
      result: 'pending',
      test_run_id: '04b4e171-7792-4e45-92c0-e85cdca042d3',
      body: { lang: 'java', code: null },
      scope: 'Cross-Platform.com.browserstack.BStackDemoTest',
      custom_metadata: {},
      tags: [],
      scopes: [ 'Cross-Platform', 'com.browserstack.BStackDemoTest' ],
      file_name: 'testng-browserstack-master/src/test/java/com/browserstack/BStackDemoTest.java',
      vc_filepath: '',
      location: 'testng-browserstack-master/src/test/java/com/browserstack/BStackDemoTest.java',
      started_at: '2026-08-01T15:35:50.298Z'
    },
    logs: []
  }
] to 30005:0
2026-08-01T15:35:51.673Z CLI info  [mwmv9k7u9kvh0dw8bzertjsxix0onrx7ocgfcf0u]  [af5e4395-f6d1-4725-b3a2-d2dbf924d567]  [PRODUCTION] Making POST request to https://collector-observability.browserstack.com
2026-08-01T15:36:01.496Z CLI info [ai:module]  [mwmv9k7u9kvh0dw8bzertjsxix0onrx7ocgfcf0u]  [af5e4395-f6d1-4725-b3a2-d2dbf924d567]  beforeSession: af5e4395-f6d1-4725-b3a2-d2dbf924d567
2026-08-01T15:36:01.538Z CLI info [testhub:request-queue-handler]  [mwmv9k7u9kvh0dw8bzertjsxix0onrx7ocgfcf0u]  [af5e4395-f6d1-4725-b3a2-d2dbf924d567]  Added the event {
  event_type: 'HookRunFinished',
  hook_run: {
    type: 'hook',
    hook_type: 'BEFORE_METHOD',
    framework: 'TestNG',
    uuid: '4bc72f59-51e2-4660-b592-dfb38e3c2b28',
    name: 'setUp',
    result: 'passed',
    test_run_id: '84024511-ddfc-452f-b980-59fb63f76d40',
    body: { lang: 'java', code: null },
    scope: 'Cross-Platform.com.browserstack.BStackDemoTest',
    custom_metadata: {},
    tags: [],
    scopes: [ 'Cross-Platform', 'com.browserstack.BStackDemoTest' ],
    file_name: 'testng-browserstack-master/src/test/java/com/browserstack/BStackDemoTest.java',
    vc_filepath: '',
    location: 'testng-browserstack-master/src/test/java/com/browserstack/BStackDemoTest.java',
    started_at: '2026-08-01T15:35:50.298Z',
    finished_at: '2026-08-01T15:36:01.535Z'
  },
  logs: []
} to 30005:0
2026-08-01T15:36:01.571Z CLI info [testhub:request-queue-handler]  [mwmv9k7u9kvh0dw8bzertjsxix0onrx7ocgfcf0u]  [af5e4395-f6d1-4725-b3a2-d2dbf924d567]  Added the event {
  event_type: 'CBTSessionCreated',
  test_run: {
    uuid: '84024511-ddfc-452f-b980-59fb63f76d40',
    integrations: { browserstack: [Object] }
  }
} to 30005:0
2026-08-01T15:36:01.579Z CLI info [testhub:request-queue-handler]  [mwmv9k7u9kvh0dw8bzertjsxix0onrx7ocgfcf0u]  [af5e4395-f6d1-4725-b3a2-d2dbf924d567]  Added the event {
  event_type: 'TestRunStarted',
  test_run: {
    type: 'test',
    framework: 'TestNG',
    uuid: '84024511-ddfc-452f-b980-59fb63f76d40',
    name: 'addProductToCart',
    body: {
      lang: 'java',
      code: 'public void com.browserstack.BStackDemoTest.addProductToCart() throws java.lang.Exception'
    },
    identifier: 'addProductToCart',
    scope: 'Cross-Platform.com.browserstack.BStackDemoTest',
    scopes: [ 'Cross-Platform', 'com.browserstack.BStackDemoTest' ],
    file_name: 'src/test/java/com/browserstack/BStackDemoTest.java',
    vc_filepath: '',
    location: 'src/test/java/com/browserstack/BStackDemoTest.java',
    meta: {},
    result: 'pending',
    duration_in_ms: null,
    started_at: '2026-08-01T15:36:01.548Z',
    failure: undefined,
    failure_type: undefined,
    failure_reason: undefined,
    retry_of: null,
    custom_metadata: {},
    tags: [],
    customRerunParam: { rerun_name: 'BStackDemo-0' },
    hooks: [],
    product_map: {
      observability: true,
      accessibility: false,
      percy: false,
      automate: true,
      app_automate: false,
      lts: false
    },
    integrations: { browserstack: [Object] }
  },
  logs: []
} to 30005:0
2026-08-01T15:36:01.674Z CLI info [testhub:request-queue-handler]  [mwmv9k7u9kvh0dw8bzertjsxix0onrx7ocgfcf0u]  [af5e4395-f6d1-4725-b3a2-d2dbf924d567]  Processing batch event [
  {
    event_type: 'HookRunFinished',
    hook_run: {
      type: 'hook',
      hook_type: 'BEFORE_METHOD',
      framework: 'TestNG',
      uuid: '4bc72f59-51e2-4660-b592-dfb38e3c2b28',
      name: 'setUp',
      result: 'passed',
      test_run_id: '84024511-ddfc-452f-b980-59fb63f76d40',
      body: { lang: 'java', code: null },
      scope: 'Cross-Platform.com.browserstack.BStackDemoTest',
      custom_metadata: {},
      tags: [],
      scopes: [ 'Cross-Platform', 'com.browserstack.BStackDemoTest' ],
      file_name: 'testng-browserstack-master/src/test/java/com/browserstack/BStackDemoTest.java',
      vc_filepath: '',
      location: 'testng-browserstack-master/src/test/java/com/browserstack/BStackDemoTest.java',
      started_at: '2026-08-01T15:35:50.298Z',
      finished_at: '2026-08-01T15:36:01.535Z'
    },
    logs: []
  },
  {
    event_type: 'CBTSessionCreated',
    test_run: {
      uuid: '84024511-ddfc-452f-b980-59fb63f76d40',
      integrations: {
        browserstack: {
          product: 'automate',
          session_id: '953396c87ba9a79c5c6f3b21ee77f6538867fef7',
          capabilities: {
            acceptInsecureCerts: false,
            browserName: 'chrome',
            browserVersion: '148.0.7778.97',
            chrome: {
              chromedriverVersion: '148.0.7778.97 (6b3fa66a923a9442c8ab0bc71b4b41ff24528d3b-refs/branch-heads/7778@{#1905})',
              userDataDir: 'C:\\Windows\\proxy\\scoped_dir7776_935627914'
            },
            'fedcm:accounts': true,
            'goog:chromeOptions': { debuggerAddress: 'localhost:5771' },
            'goog:processID': 12468,
            networkConnectionEnabled: false,
            optimalHubUrl: 'hub-aps.browserstack.com',
            pageLoadStrategy: 'normal',
            platformName: 'WINDOWS',
            proxy: {
              proxyType: 'UNSPECIFIED',
              autodetect: false,
              ftpProxy: null,
              httpProxy: null,
              noProxy: null,
              sslProxy: null,
              socksProxy: null,
              socksVersion: null,
              socksUsername: null,
              socksPassword: null,
              proxyAutoconfigUrl: null
            },
            setWindowRect: true,
            strictFileInteractability: false,
            timeouts: { implicit: 0, pageLoad: 300000, script: 30000 },
            unhandledPromptBehavior: 'dismiss and notify',
            'webauthn:extension:credBlob': true,
            'webauthn:extension:largeBlob': true,
            'webauthn:extension:minPinLength': true,
            'webauthn:extension:prf': true,
            'webauthn:virtualAuthenticators': true,
            'webdriver.remote.sessionid': '953396c87ba9a79c5c6f3b21ee77f6538867fef7'
          },
          platform: 'Windows',
          platform_version: '11',
          browser: 'Chrome',
          browser_version: '148.0'
        }
      }
    }
  },
  {
    event_type: 'TestRunStarted',
    test_run: {
      type: 'test',
      framework: 'TestNG',
      uuid: '84024511-ddfc-452f-b980-59fb63f76d40',
      name: 'addProductToCart',
      body: {
        lang: 'java',
        code: 'public void com.browserstack.BStackDemoTest.addProductToCart() throws java.lang.Exception'
      },
      identifier: 'addProductToCart',
      scope: 'Cross-Platform.com.browserstack.BStackDemoTest',
      scopes: [ 'Cross-Platform', 'com.browserstack.BStackDemoTest' ],
      file_name: 'src/test/java/com/browserstack/BStackDemoTest.java',
      vc_filepath: '',
      location: 'src/test/java/com/browserstack/BStackDemoTest.java',
      meta: {},
      result: 'pending',
      duration_in_ms: null,
      started_at: '2026-08-01T15:36:01.548Z',
      failure: undefined,
      failure_type: undefined,
      failure_reason: undefined,
      retry_of: null,
      custom_metadata: {},
      tags: [],
      customRerunParam: { rerun_name: 'BStackDemo-0' },
      hooks: [],
      product_map: {
        observability: true,
        accessibility: false,
        percy: false,
        automate: true,
        app_automate: false,
        lts: false
      },
      integrations: {
        browserstack: {
          product: 'automate',
          session_id: '953396c87ba9a79c5c6f3b21ee77f6538867fef7',
          capabilities: {
            acceptInsecureCerts: false,
            browserName: 'chrome',
            browserVersion: '148.0.7778.97',
            chrome: {
              chromedriverVersion: '148.0.7778.97 (6b3fa66a923a9442c8ab0bc71b4b41ff24528d3b-refs/branch-heads/7778@{#1905})',
              userDataDir: 'C:\\Windows\\proxy\\scoped_dir7776_935627914'
            },
            'fedcm:accounts': true,
            'goog:chromeOptions': { debuggerAddress: 'localhost:5771' },
            'goog:processID': 12468,
            networkConnectionEnabled: false,
            optimalHubUrl: 'hub-aps.browserstack.com',
            pageLoadStrategy: 'normal',
            platformName: 'WINDOWS',
            proxy: {
              proxyType: 'UNSPECIFIED',
              autodetect: false,
              ftpProxy: null,
              httpProxy: null,
              noProxy: null,
              sslProxy: null,
              socksProxy: null,
              socksVersion: null,
              socksUsername: null,
              socksPassword: null,
              proxyAutoconfigUrl: null
            },
            setWindowRect: true,
            strictFileInteractability: false,
            timeouts: { implicit: 0, pageLoad: 300000, script: 30000 },
            unhandledPromptBehavior: 'dismiss and notify',
            'webauthn:extension:credBlob': true,
            'webauthn:extension:largeBlob': true,
            'webauthn:extension:minPinLength': true,
            'webauthn:extension:prf': true,
            'webauthn:virtualAuthenticators': true,
            'webdriver.remote.sessionid': '953396c87ba9a79c5c6f3b21ee77f6538867fef7'
          },
          platform: 'Windows',
          platform_version: '11',
          browser: 'Chrome',
          browser_version: '148.0'
        }
      }
    },
    logs: []
  }
] to 30005:0
2026-08-01T15:36:01.675Z CLI info  [mwmv9k7u9kvh0dw8bzertjsxix0onrx7ocgfcf0u]  [af5e4395-f6d1-4725-b3a2-d2dbf924d567]  [PRODUCTION] Making POST request to https://collector-observability.browserstack.com
2026-08-01T15:36:04.582Z CLI info [ai:module]  [mwmv9k7u9kvh0dw8bzertjsxix0onrx7ocgfcf0u]  [af5e4395-f6d1-4725-b3a2-d2dbf924d567]  beforeSession: af5e4395-f6d1-4725-b3a2-d2dbf924d567
2026-08-01T15:36:04.605Z CLI info [testhub:request-queue-handler]  [mwmv9k7u9kvh0dw8bzertjsxix0onrx7ocgfcf0u]  [af5e4395-f6d1-4725-b3a2-d2dbf924d567]  Added the event {
  event_type: 'HookRunFinished',
  hook_run: {
    type: 'hook',
    hook_type: 'BEFORE_METHOD',
    framework: 'TestNG',
    uuid: '5df5054f-1415-4aa1-a3ba-38d84947b429',
    name: 'setUp',
    result: 'passed',
    test_run_id: '04b4e171-7792-4e45-92c0-e85cdca042d3',
    body: { lang: 'java', code: null },
    scope: 'Cross-Platform.com.browserstack.BStackDemoTest',
    custom_metadata: {},
    tags: [],
    scopes: [ 'Cross-Platform', 'com.browserstack.BStackDemoTest' ],
    file_name: 'testng-browserstack-master/src/test/java/com/browserstack/BStackDemoTest.java',
    vc_filepath: '',
    location: 'testng-browserstack-master/src/test/java/com/browserstack/BStackDemoTest.java',
    started_at: '2026-08-01T15:35:50.298Z',
    finished_at: '2026-08-01T15:36:04.601Z'
  },
  logs: []
} to 30005:0
2026-08-01T15:36:04.616Z CLI info [testhub:request-queue-handler]  [mwmv9k7u9kvh0dw8bzertjsxix0onrx7ocgfcf0u]  [af5e4395-f6d1-4725-b3a2-d2dbf924d567]  Added the event {
  event_type: 'CBTSessionCreated',
  test_run: {
    uuid: '04b4e171-7792-4e45-92c0-e85cdca042d3',
    integrations: { browserstack: [Object] }
  }
} to 30005:0
2026-08-01T15:36:04.622Z CLI info [testhub:request-queue-handler]  [mwmv9k7u9kvh0dw8bzertjsxix0onrx7ocgfcf0u]  [af5e4395-f6d1-4725-b3a2-d2dbf924d567]  Added the event {
  event_type: 'TestRunStarted',
  test_run: {
    type: 'test',
    framework: 'TestNG',
    uuid: '04b4e171-7792-4e45-92c0-e85cdca042d3',
    name: 'addProductToCart',
    body: {
      lang: 'java',
      code: 'public void com.browserstack.BStackDemoTest.addProductToCart() throws java.lang.Exception'
    },
    identifier: 'addProductToCart',
    scope: 'Cross-Platform.com.browserstack.BStackDemoTest',
    scopes: [ 'Cross-Platform', 'com.browserstack.BStackDemoTest' ],
    file_name: 'src/test/java/com/browserstack/BStackDemoTest.java',
    vc_filepath: '',
    location: 'src/test/java/com/browserstack/BStackDemoTest.java',
    meta: {},
    result: 'pending',
    duration_in_ms: null,
    started_at: '2026-08-01T15:36:04.611Z',
    failure: undefined,
    failure_type: undefined,
    failure_reason: undefined,
    retry_of: null,
    custom_metadata: {},
    tags: [],
    customRerunParam: { rerun_name: 'BStackDemo-1' },
    hooks: [],
    product_map: {
      observability: true,
      accessibility: false,
      percy: false,
      automate: true,
      app_automate: false,
      lts: false
    },
    integrations: { browserstack: [Object] }
  },
  logs: []
} to 30005:0
2026-08-01T15:36:05.676Z CLI info [testhub:request-queue-handler]  [mwmv9k7u9kvh0dw8bzertjsxix0onrx7ocgfcf0u]  [af5e4395-f6d1-4725-b3a2-d2dbf924d567]  Processing batch event [
  {
    event_type: 'HookRunFinished',
    hook_run: {
      type: 'hook',
      hook_type: 'BEFORE_METHOD',
      framework: 'TestNG',
      uuid: '5df5054f-1415-4aa1-a3ba-38d84947b429',
      name: 'setUp',
      result: 'passed',
      test_run_id: '04b4e171-7792-4e45-92c0-e85cdca042d3',
      body: { lang: 'java', code: null },
      scope: 'Cross-Platform.com.browserstack.BStackDemoTest',
      custom_metadata: {},
      tags: [],
      scopes: [ 'Cross-Platform', 'com.browserstack.BStackDemoTest' ],
      file_name: 'testng-browserstack-master/src/test/java/com/browserstack/BStackDemoTest.java',
      vc_filepath: '',
      location: 'testng-browserstack-master/src/test/java/com/browserstack/BStackDemoTest.java',
      started_at: '2026-08-01T15:35:50.298Z',
      finished_at: '2026-08-01T15:36:04.601Z'
    },
    logs: []
  },
  {
    event_type: 'CBTSessionCreated',
    test_run: {
      uuid: '04b4e171-7792-4e45-92c0-e85cdca042d3',
      integrations: {
        browserstack: {
          product: 'automate',
          session_id: '9c2a1342a1dbd8d90c86b53d0e77df8727653514',
          capabilities: {
            acceptInsecureCerts: false,
            browserName: 'Safari',
            browserVersion: '15.6.1',
            optimalHubUrl: 'hub-aps.browserstack.com',
            platformName: 'MAC',
            'safari:automaticInspection': false,
            'safari:automaticProfiling': false,
            'safari:diagnose': false,
            'safari:platformBuildVersion': '21G83',
            'safari:platformVersion': '12.5.1',
            'safari:useSimulator': false,
            setWindowRect: true,
            strictFileInteractability: false,
            'webdriver.remote.sessionid': '9c2a1342a1dbd8d90c86b53d0e77df8727653514',
            'webkit:WebRTC': {
              DisableICECandidateFiltering: false,
              DisableInsecureMediaCapture: false
            }
          },
          platform: 'OS X',
          platform_version: 'Monterey',
          browser: 'Safari',
          browser_version: '15.6'
        }
      }
    }
  },
  {
    event_type: 'TestRunStarted',
    test_run: {
      type: 'test',
      framework: 'TestNG',
      uuid: '04b4e171-7792-4e45-92c0-e85cdca042d3',
      name: 'addProductToCart',
      body: {
        lang: 'java',
        code: 'public void com.browserstack.BStackDemoTest.addProductToCart() throws java.lang.Exception'
      },
      identifier: 'addProductToCart',
      scope: 'Cross-Platform.com.browserstack.BStackDemoTest',
      scopes: [ 'Cross-Platform', 'com.browserstack.BStackDemoTest' ],
      file_name: 'src/test/java/com/browserstack/BStackDemoTest.java',
      vc_filepath: '',
      location: 'src/test/java/com/browserstack/BStackDemoTest.java',
      meta: {},
      result: 'pending',
      duration_in_ms: null,
      started_at: '2026-08-01T15:36:04.611Z',
      failure: undefined,
      failure_type: undefined,
      failure_reason: undefined,
      retry_of: null,
      custom_metadata: {},
      tags: [],
      customRerunParam: { rerun_name: 'BStackDemo-1' },
      hooks: [],
      product_map: {
        observability: true,
        accessibility: false,
        percy: false,
        automate: true,
        app_automate: false,
        lts: false
      },
      integrations: {
        browserstack: {
          product: 'automate',
          session_id: '9c2a1342a1dbd8d90c86b53d0e77df8727653514',
          capabilities: {
            acceptInsecureCerts: false,
            browserName: 'Safari',
            browserVersion: '15.6.1',
            optimalHubUrl: 'hub-aps.browserstack.com',
            platformName: 'MAC',
            'safari:automaticInspection': false,
            'safari:automaticProfiling': false,
            'safari:diagnose': false,
            'safari:platformBuildVersion': '21G83',
            'safari:platformVersion': '12.5.1',
            'safari:useSimulator': false,
            setWindowRect: true,
            strictFileInteractability: false,
            'webdriver.remote.sessionid': '9c2a1342a1dbd8d90c86b53d0e77df8727653514',
            'webkit:WebRTC': {
              DisableICECandidateFiltering: false,
              DisableInsecureMediaCapture: false
            }
          },
          platform: 'OS X',
          platform_version: 'Monterey',
          browser: 'Safari',
          browser_version: '15.6'
        }
      }
    },
    logs: []
  }
] to 30005:0
2026-08-01T15:36:05.678Z CLI info  [mwmv9k7u9kvh0dw8bzertjsxix0onrx7ocgfcf0u]  [af5e4395-f6d1-4725-b3a2-d2dbf924d567]  [PRODUCTION] Making POST request to https://collector-observability.browserstack.com
2026-08-01T15:36:10.357Z CLI info [ai:module]  [mwmv9k7u9kvh0dw8bzertjsxix0onrx7ocgfcf0u]  [af5e4395-f6d1-4725-b3a2-d2dbf924d567]  beforeSession: af5e4395-f6d1-4725-b3a2-d2dbf924d567
2026-08-01T15:36:10.379Z CLI info [testhub:request-queue-handler]  [mwmv9k7u9kvh0dw8bzertjsxix0onrx7ocgfcf0u]  [af5e4395-f6d1-4725-b3a2-d2dbf924d567]  Added the event {
  event_type: 'HookRunFinished',
  hook_run: {
    type: 'hook',
    hook_type: 'BEFORE_METHOD',
    framework: 'TestNG',
    uuid: 'b72d797c-0d73-4891-97b4-f419dd22a7c4',
    name: 'setUp',
    result: 'passed',
    test_run_id: '41f4b9e2-7a93-46a6-97ac-b7b9e035366e',
    body: { lang: 'java', code: null },
    scope: 'Cross-Platform.com.browserstack.BStackDemoTest',
    custom_metadata: {},
    tags: [],
    scopes: [ 'Cross-Platform', 'com.browserstack.BStackDemoTest' ],
    file_name: 'testng-browserstack-master/src/test/java/com/browserstack/BStackDemoTest.java',
    vc_filepath: '',
    location: 'testng-browserstack-master/src/test/java/com/browserstack/BStackDemoTest.java',
    started_at: '2026-08-01T15:35:50.298Z',
    finished_at: '2026-08-01T15:36:10.376Z'
  },
  logs: []
} to 30005:0
2026-08-01T15:36:10.388Z CLI info [testhub:request-queue-handler]  [mwmv9k7u9kvh0dw8bzertjsxix0onrx7ocgfcf0u]  [af5e4395-f6d1-4725-b3a2-d2dbf924d567]  Added the event {
  event_type: 'CBTSessionCreated',
  test_run: {
    uuid: '41f4b9e2-7a93-46a6-97ac-b7b9e035366e',
    integrations: { browserstack: [Object] }
  }
} to 30005:0
2026-08-01T15:36:10.395Z CLI info [testhub:request-queue-handler]  [mwmv9k7u9kvh0dw8bzertjsxix0onrx7ocgfcf0u]  [af5e4395-f6d1-4725-b3a2-d2dbf924d567]  Added the event {
  event_type: 'TestRunStarted',
  test_run: {
    type: 'test',
    framework: 'TestNG',
    uuid: '41f4b9e2-7a93-46a6-97ac-b7b9e035366e',
    name: 'addProductToCart',
    body: {
      lang: 'java',
      code: 'public void com.browserstack.BStackDemoTest.addProductToCart() throws java.lang.Exception'
    },
    identifier: 'addProductToCart',
    scope: 'Cross-Platform.com.browserstack.BStackDemoTest',
    scopes: [ 'Cross-Platform', 'com.browserstack.BStackDemoTest' ],
    file_name: 'src/test/java/com/browserstack/BStackDemoTest.java',
    vc_filepath: '',
    location: 'src/test/java/com/browserstack/BStackDemoTest.java',
    meta: {},
    result: 'pending',
    duration_in_ms: null,
    started_at: '2026-08-01T15:36:10.384Z',
    failure: undefined,
    failure_type: undefined,
    failure_reason: undefined,
    retry_of: null,
    custom_metadata: {},
    tags: [],
    customRerunParam: { rerun_name: 'BStackDemo-2' },
    hooks: [],
    product_map: {
      observability: true,
      accessibility: false,
      percy: false,
      automate: true,
      app_automate: false,
      lts: false
    },
    integrations: { browserstack: [Object] }
  },
  logs: []
} to 30005:0
2026-08-01T15:36:11.683Z CLI info [testhub:request-queue-handler]  [mwmv9k7u9kvh0dw8bzertjsxix0onrx7ocgfcf0u]  [af5e4395-f6d1-4725-b3a2-d2dbf924d567]  Processing batch event [
  {
    event_type: 'HookRunFinished',
    hook_run: {
      type: 'hook',
      hook_type: 'BEFORE_METHOD',
      framework: 'TestNG',
      uuid: 'b72d797c-0d73-4891-97b4-f419dd22a7c4',
      name: 'setUp',
      result: 'passed',
      test_run_id: '41f4b9e2-7a93-46a6-97ac-b7b9e035366e',
      body: { lang: 'java', code: null },
      scope: 'Cross-Platform.com.browserstack.BStackDemoTest',
      custom_metadata: {},
      tags: [],
      scopes: [ 'Cross-Platform', 'com.browserstack.BStackDemoTest' ],
      file_name: 'testng-browserstack-master/src/test/java/com/browserstack/BStackDemoTest.java',
      vc_filepath: '',
      location: 'testng-browserstack-master/src/test/java/com/browserstack/BStackDemoTest.java',
      started_at: '2026-08-01T15:35:50.298Z',
      finished_at: '2026-08-01T15:36:10.376Z'
    },
    logs: []
  },
  {
    event_type: 'CBTSessionCreated',
    test_run: {
      uuid: '41f4b9e2-7a93-46a6-97ac-b7b9e035366e',
      integrations: {
        browserstack: {
          product: 'automate',
          session_id: '95dafebfe099a289825e5efdd481e99688b7f337',
          capabilities: {
            automationName: 'XCUITest',
            bootstrapPath: '/usr/local/.browserstack/config/wda_derived_data_15_3.3.0.11.0.0_515e29e8-234f-4a0f-a938-5ab844beed3d/Build/Products',
            browserName: 'safari',
            'browserstack.isTargetBased': 'true',
            databaseEnabled: false,
            deviceName: 'iPhone 13',
            deviceOrientation: 'PORTRAIT',
            javascriptEnabled: true,
            keychainPassword: '[REDACTED VALUE]',
            keychainPath: '[REDACTED VALUE]',
            locationContextEnabled: false,
            networkConnectionEnabled: false,
            newCommandTimeout: 0,
            noReset: true,
            optimalHubUrl: 'hub-aps.browserstack.com',
            orientation: 'PORTRAIT',
            platform: 'MAC',
            platformName: 'IOS',
            realMobile: 'true',
            safariIgnoreFraudWarning: true,
            takesScreenshot: true,
            udid: '00008110-001E2841227B801E',
            useXctestrunFile: true,
            webStorageEnabled: false
          },
          platform: 'IOS',
          platform_version: '15',
          browser: 'Safari',
          browser_version: undefined,
          device_name: 'iPhone 13'
        }
      }
    }
  },
  {
    event_type: 'TestRunStarted',
    test_run: {
      type: 'test',
      framework: 'TestNG',
      uuid: '41f4b9e2-7a93-46a6-97ac-b7b9e035366e',
      name: 'addProductToCart',
      body: {
        lang: 'java',
        code: 'public void com.browserstack.BStackDemoTest.addProductToCart() throws java.lang.Exception'
      },
      identifier: 'addProductToCart',
      scope: 'Cross-Platform.com.browserstack.BStackDemoTest',
      scopes: [ 'Cross-Platform', 'com.browserstack.BStackDemoTest' ],
      file_name: 'src/test/java/com/browserstack/BStackDemoTest.java',
      vc_filepath: '',
      location: 'src/test/java/com/browserstack/BStackDemoTest.java',
      meta: {},
      result: 'pending',
      duration_in_ms: null,
      started_at: '2026-08-01T15:36:10.384Z',
      failure: undefined,
      failure_type: undefined,
      failure_reason: undefined,
      retry_of: null,
      custom_metadata: {},
      tags: [],
      customRerunParam: { rerun_name: 'BStackDemo-2' },
      hooks: [],
      product_map: {
        observability: true,
        accessibility: false,
        percy: false,
        automate: true,
        app_automate: false,
        lts: false
      },
      integrations: {
        browserstack: {
          product: 'automate',
          session_id: '95dafebfe099a289825e5efdd481e99688b7f337',
          capabilities: {
            automationName: 'XCUITest',
            bootstrapPath: '/usr/local/.browserstack/config/wda_derived_data_15_3.3.0.11.0.0_515e29e8-234f-4a0f-a938-5ab844beed3d/Build/Products',
            browserName: 'safari',
            'browserstack.isTargetBased': 'true',
            databaseEnabled: false,
            deviceName: 'iPhone 13',
            deviceOrientation: 'PORTRAIT',
            javascriptEnabled: true,
            keychainPassword: '[REDACTED VALUE]',
            keychainPath: '[REDACTED VALUE]',
            locationContextEnabled: false,
            networkConnectionEnabled: false,
            newCommandTimeout: 0,
            noReset: true,
            optimalHubUrl: 'hub-aps.browserstack.com',
            orientation: 'PORTRAIT',
            platform: 'MAC',
            platformName: 'IOS',
            realMobile: 'true',
            safariIgnoreFraudWarning: true,
            takesScreenshot: true,
            udid: '00008110-001E2841227B801E',
            useXctestrunFile: true,
            webStorageEnabled: false
          },
          platform: 'IOS',
          platform_version: '15',
          browser: 'Safari',
          browser_version: undefined,
          device_name: 'iPhone 13'
        }
      }
    },
    logs: []
  }
] to 30005:0
2026-08-01T15:36:11.687Z CLI info  [mwmv9k7u9kvh0dw8bzertjsxix0onrx7ocgfcf0u]  [af5e4395-f6d1-4725-b3a2-d2dbf924d567]  [PRODUCTION] Making POST request to https://collector-observability.browserstack.com
2026-08-01T15:36:11.829Z CLI warn [TEST REPORTING AND ANALYTICS:java:testng]  [mwmv9k7u9kvh0dw8bzertjsxix0onrx7ocgfcf0u]  [af5e4395-f6d1-4725-b3a2-d2dbf924d567]  TestRunFinished: event={"test_hook_last_started":"BEFORE_METHOD","test_failure_type":null,"test_rerun_name":"BStackDemo-0","test_result_at":"2026-08-01T21:06:11.243932","test_scope":"Cross-Platform.com.browserstack.BStackDemoTest","test_framework_name":"TestNG","test_tags":"","cbt_session_created":true,"test_started_at":"2026-08-01T21:06:01.548748","platform_index":0,"test_failure":null,"test_framework_version":"7.4.0","test_logs":[],"test_scopes":["Cross-Platform","com.browserstack.BStackDemoTest"],"test_code":"public void com.browserstack.BStackDemoTest.addProductToCart() throws java.lang.Exception","test_id":"BStackDemo-0@0","test_uuid":"84024511-ddfc-452f-b980-59fb63f76d40","test_ended_at":"2026-08-01T21:06:11.245020","automate_session_name":"BStackDemo-00","hookAttachStartMs":1785598550263,"test_hook_last_finished":"BEFORE_METHOD","test_session_name":"com.browserstack.BStackDemoTest-addProductToCart","custom_metadata":{},"test_failure_reason":null,"test_location":"src/test/java/com/browserstack/BStackDemoTest.java","test_hooks_started":{"BEFORE_METHOD":[]},"test_file_path":"src/test/java/com/browserstack/BStackDemoTest.java","test_result":"passed","test_hooks_finished":{"BEFORE_METHOD":[{"hook_name":"setUp","hook_result":"passed","test_file_path":"testng-browserstack-master/src/test/java/com/browserstack/BStackDemoTest.java","event_started_at":"2026-08-01T21:05:50.298159","hook_id":"4bc72f59-51e2-4660-b592-dfb38e3c2b28","hook_logs":[],"logs":[],"key":"BEFORE_METHOD","custom_metadata":{},"event_ended_at":"2026-08-01T21:06:01.535030","test_location":"testng-browserstack-master/src/test/java/com/browserstack/BStackDemoTest.java"}]},"hook_id":"4bc72f59-51e2-4660-b592-dfb38e3c2b28","test_meta":{},"isBrowserstackAutomationSession":true,"test_name":"addProductToCart","logs":[]}
2026-08-01T15:36:11.830Z CLI info [testhub:request-queue-handler]  [mwmv9k7u9kvh0dw8bzertjsxix0onrx7ocgfcf0u]  [af5e4395-f6d1-4725-b3a2-d2dbf924d567]  Added the event {
  event_type: 'TestRunFinished',
  test_run: {
    type: 'test',
    framework: 'TestNG',
    uuid: '84024511-ddfc-452f-b980-59fb63f76d40',
    name: 'addProductToCart',
    body: {
      lang: 'java',
      code: 'public void com.browserstack.BStackDemoTest.addProductToCart() throws java.lang.Exception'
    },
    identifier: 'addProductToCart',
    scope: 'Cross-Platform.com.browserstack.BStackDemoTest',
    scopes: [ 'Cross-Platform', 'com.browserstack.BStackDemoTest' ],
    file_name: 'src/test/java/com/browserstack/BStackDemoTest.java',
    vc_filepath: '',
    location: 'src/test/java/com/browserstack/BStackDemoTest.java',
    meta: {},
    result: 'passed',
    duration_in_ms: 9697,
    started_at: '2026-08-01T15:36:01.548Z',
    finished_at: '2026-08-01T15:36:11.245Z',
    failure: null,
    failure_type: null,
    failure_reason: null,
    retry_of: null,
    custom_metadata: {},
    tags: [],
    customRerunParam: { rerun_name: 'BStackDemo-0' },
    hooks: [ '4bc72f59-51e2-4660-b592-dfb38e3c2b28' ],
    product_map: {
      observability: true,
      accessibility: false,
      percy: false,
      automate: true,
      app_automate: false,
      lts: false
    }
  },
  logs: []
} to 30005:0
2026-08-01T15:36:11.860Z CLI info [testhub:request-queue-handler]  [mwmv9k7u9kvh0dw8bzertjsxix0onrx7ocgfcf0u]  [af5e4395-f6d1-4725-b3a2-d2dbf924d567]  Added the event {
  event_type: 'CBTSessionCreated',
  test_run: {
    uuid: '69f9dc0e-82fe-4fe3-8a33-1c8d72983c3a',
    integrations: { browserstack: [Object] }
  }
} to 30005:0
2026-08-01T15:36:11.868Z CLI info [testhub:request-queue-handler]  [mwmv9k7u9kvh0dw8bzertjsxix0onrx7ocgfcf0u]  [af5e4395-f6d1-4725-b3a2-d2dbf924d567]  Added the event {
  event_type: 'HookRunStarted',
  hook_run: {
    type: 'hook',
    hook_type: 'AFTER_METHOD',
    framework: 'TestNG',
    uuid: '69f9dc0e-82fe-4fe3-8a33-1c8d72983c3a',
    name: 'tearDown',
    result: 'pending',
    test_run_id: '84024511-ddfc-452f-b980-59fb63f76d40',
    body: { lang: 'java', code: null },
    scope: 'Cross-Platform.com.browserstack.BStackDemoTest',
    custom_metadata: {},
    tags: [],
    scopes: [ 'Cross-Platform', 'com.browserstack.BStackDemoTest' ],
    file_name: 'testng-browserstack-master/src/test/java/com/browserstack/BStackDemoTest.java',
    vc_filepath: '',
    location: 'testng-browserstack-master/src/test/java/com/browserstack/BStackDemoTest.java',
    started_at: '2026-08-01T15:36:11.852Z'
  },
  logs: []
} to 30005:0
2026-08-01T15:36:13.435Z CLI info [testhub:request-queue-handler]  [mwmv9k7u9kvh0dw8bzertjsxix0onrx7ocgfcf0u]  [af5e4395-f6d1-4725-b3a2-d2dbf924d567]  Added the event {
  event_type: 'HookRunFinished',
  hook_run: {
    type: 'hook',
    hook_type: 'AFTER_METHOD',
    framework: 'TestNG',
    uuid: '69f9dc0e-82fe-4fe3-8a33-1c8d72983c3a',
    name: 'tearDown',
    result: 'passed',
    test_run_id: '84024511-ddfc-452f-b980-59fb63f76d40',
    body: { lang: 'java', code: null },
    scope: 'Cross-Platform.com.browserstack.BStackDemoTest',
    custom_metadata: {},
    tags: [],
    scopes: [ 'Cross-Platform', 'com.browserstack.BStackDemoTest' ],
    file_name: 'testng-browserstack-master/src/test/java/com/browserstack/BStackDemoTest.java',
    vc_filepath: '',
    location: 'testng-browserstack-master/src/test/java/com/browserstack/BStackDemoTest.java',
    started_at: '2026-08-01T15:36:11.852Z',
    finished_at: '2026-08-01T15:36:13.430Z'
  },
  logs: []
} to 30005:0
2026-08-01T15:36:13.682Z CLI info [testhub:request-queue-handler]  [mwmv9k7u9kvh0dw8bzertjsxix0onrx7ocgfcf0u]  [af5e4395-f6d1-4725-b3a2-d2dbf924d567]  Processing batch event [
  {
    event_type: 'TestRunFinished',
    test_run: {
      type: 'test',
      framework: 'TestNG',
      uuid: '84024511-ddfc-452f-b980-59fb63f76d40',
      name: 'addProductToCart',
      body: {
        lang: 'java',
        code: 'public void com.browserstack.BStackDemoTest.addProductToCart() throws java.lang.Exception'
      },
      identifier: 'addProductToCart',
      scope: 'Cross-Platform.com.browserstack.BStackDemoTest',
      scopes: [ 'Cross-Platform', 'com.browserstack.BStackDemoTest' ],
      file_name: 'src/test/java/com/browserstack/BStackDemoTest.java',
      vc_filepath: '',
      location: 'src/test/java/com/browserstack/BStackDemoTest.java',
      meta: {},
      result: 'passed',
      duration_in_ms: 9697,
      started_at: '2026-08-01T15:36:01.548Z',
      finished_at: '2026-08-01T15:36:11.245Z',
      failure: null,
      failure_type: null,
      failure_reason: null,
      retry_of: null,
      custom_metadata: {},
      tags: [],
      customRerunParam: { rerun_name: 'BStackDemo-0' },
      hooks: [ '4bc72f59-51e2-4660-b592-dfb38e3c2b28' ],
      product_map: {
        observability: true,
        accessibility: false,
        percy: false,
        automate: true,
        app_automate: false,
        lts: false
      }
    },
    logs: []
  },
  {
    event_type: 'CBTSessionCreated',
    test_run: {
      uuid: '69f9dc0e-82fe-4fe3-8a33-1c8d72983c3a',
      integrations: {
        browserstack: {
          product: 'automate',
          session_id: '953396c87ba9a79c5c6f3b21ee77f6538867fef7',
          capabilities: {
            acceptInsecureCerts: false,
            browserName: 'chrome',
            browserVersion: '148.0.7778.97',
            chrome: {
              chromedriverVersion: '148.0.7778.97 (6b3fa66a923a9442c8ab0bc71b4b41ff24528d3b-refs/branch-heads/7778@{#1905})',
              userDataDir: 'C:\\Windows\\proxy\\scoped_dir7776_935627914'
            },
            'fedcm:accounts': true,
            'goog:chromeOptions': { debuggerAddress: 'localhost:5771' },
            'goog:processID': 12468,
            networkConnectionEnabled: false,
            optimalHubUrl: 'hub-aps.browserstack.com',
            pageLoadStrategy: 'normal',
            platformName: 'WINDOWS',
            proxy: {
              proxyType: 'UNSPECIFIED',
              autodetect: false,
              ftpProxy: null,
              httpProxy: null,
              noProxy: null,
              sslProxy: null,
              socksProxy: null,
              socksVersion: null,
              socksUsername: null,
              socksPassword: null,
              proxyAutoconfigUrl: null
            },
            setWindowRect: true,
            strictFileInteractability: false,
            timeouts: { implicit: 0, pageLoad: 300000, script: 30000 },
            unhandledPromptBehavior: 'dismiss and notify',
            'webauthn:extension:credBlob': true,
            'webauthn:extension:largeBlob': true,
            'webauthn:extension:minPinLength': true,
            'webauthn:extension:prf': true,
            'webauthn:virtualAuthenticators': true,
            'webdriver.remote.sessionid': '953396c87ba9a79c5c6f3b21ee77f6538867fef7'
          },
          platform: 'Windows',
          platform_version: '11',
          browser: 'Chrome',
          browser_version: '148.0'
        }
      }
    }
  },
  {
    event_type: 'HookRunStarted',
    hook_run: {
      type: 'hook',
      hook_type: 'AFTER_METHOD',
      framework: 'TestNG',
      uuid: '69f9dc0e-82fe-4fe3-8a33-1c8d72983c3a',
      name: 'tearDown',
      result: 'pending',
      test_run_id: '84024511-ddfc-452f-b980-59fb63f76d40',
      body: { lang: 'java', code: null },
      scope: 'Cross-Platform.com.browserstack.BStackDemoTest',
      custom_metadata: {},
      tags: [],
      scopes: [ 'Cross-Platform', 'com.browserstack.BStackDemoTest' ],
      file_name: 'testng-browserstack-master/src/test/java/com/browserstack/BStackDemoTest.java',
      vc_filepath: '',
      location: 'testng-browserstack-master/src/test/java/com/browserstack/BStackDemoTest.java',
      started_at: '2026-08-01T15:36:11.852Z'
    },
    logs: []
  },
  {
    event_type: 'HookRunFinished',
    hook_run: {
      type: 'hook',
      hook_type: 'AFTER_METHOD',
      framework: 'TestNG',
      uuid: '69f9dc0e-82fe-4fe3-8a33-1c8d72983c3a',
      name: 'tearDown',
      result: 'passed',
      test_run_id: '84024511-ddfc-452f-b980-59fb63f76d40',
      body: { lang: 'java', code: null },
      scope: 'Cross-Platform.com.browserstack.BStackDemoTest',
      custom_metadata: {},
      tags: [],
      scopes: [ 'Cross-Platform', 'com.browserstack.BStackDemoTest' ],
      file_name: 'testng-browserstack-master/src/test/java/com/browserstack/BStackDemoTest.java',
      vc_filepath: '',
      location: 'testng-browserstack-master/src/test/java/com/browserstack/BStackDemoTest.java',
      started_at: '2026-08-01T15:36:11.852Z',
      finished_at: '2026-08-01T15:36:13.430Z'
    },
    logs: []
  }
] to 30005:0
2026-08-01T15:36:13.683Z CLI info  [mwmv9k7u9kvh0dw8bzertjsxix0onrx7ocgfcf0u]  [af5e4395-f6d1-4725-b3a2-d2dbf924d567]  [PRODUCTION] Making POST request to https://collector-observability.browserstack.com
2026-08-01T15:36:14.742Z CLI warn [TEST REPORTING AND ANALYTICS:java:testng]  [mwmv9k7u9kvh0dw8bzertjsxix0onrx7ocgfcf0u]  [af5e4395-f6d1-4725-b3a2-d2dbf924d567]  TestRunFinished: event={"test_hook_last_started":"BEFORE_METHOD","test_failure_type":null,"test_rerun_name":"BStackDemo-1","test_result_at":"2026-08-01T21:06:14.162418","test_scope":"Cross-Platform.com.browserstack.BStackDemoTest","test_framework_name":"TestNG","test_tags":"","cbt_session_created":true,"test_started_at":"2026-08-01T21:06:04.611687","platform_index":1,"test_failure":null,"test_framework_version":"7.4.0","test_logs":[],"test_scopes":["Cross-Platform","com.browserstack.BStackDemoTest"],"test_code":"public void com.browserstack.BStackDemoTest.addProductToCart() throws java.lang.Exception","test_id":"BStackDemo-1@1","test_uuid":"04b4e171-7792-4e45-92c0-e85cdca042d3","test_ended_at":"2026-08-01T21:06:14.163144","automate_session_name":"BStackDemo-11","hookAttachStartMs":1785598550264,"test_hook_last_finished":"BEFORE_METHOD","test_session_name":"com.browserstack.BStackDemoTest-addProductToCart","custom_metadata":{},"test_failure_reason":null,"test_location":"src/test/java/com/browserstack/BStackDemoTest.java","test_hooks_started":{"BEFORE_METHOD":[]},"test_file_path":"src/test/java/com/browserstack/BStackDemoTest.java","test_result":"passed","test_hooks_finished":{"BEFORE_METHOD":[{"hook_name":"setUp","hook_result":"passed","test_file_path":"testng-browserstack-master/src/test/java/com/browserstack/BStackDemoTest.java","event_started_at":"2026-08-01T21:05:50.298490","hook_id":"5df5054f-1415-4aa1-a3ba-38d84947b429","hook_logs":[],"logs":[],"key":"BEFORE_METHOD","custom_metadata":{},"event_ended_at":"2026-08-01T21:06:04.601920","test_location":"testng-browserstack-master/src/test/java/com/browserstack/BStackDemoTest.java"}]},"hook_id":"5df5054f-1415-4aa1-a3ba-38d84947b429","test_meta":{},"isBrowserstackAutomationSession":true,"test_name":"addProductToCart","logs":[]}
2026-08-01T15:36:14.743Z CLI info [testhub:request-queue-handler]  [mwmv9k7u9kvh0dw8bzertjsxix0onrx7ocgfcf0u]  [af5e4395-f6d1-4725-b3a2-d2dbf924d567]  Added the event {
  event_type: 'TestRunFinished',
  test_run: {
    type: 'test',
    framework: 'TestNG',
    uuid: '04b4e171-7792-4e45-92c0-e85cdca042d3',
    name: 'addProductToCart',
    body: {
      lang: 'java',
      code: 'public void com.browserstack.BStackDemoTest.addProductToCart() throws java.lang.Exception'
    },
    identifier: 'addProductToCart',
    scope: 'Cross-Platform.com.browserstack.BStackDemoTest',
    scopes: [ 'Cross-Platform', 'com.browserstack.BStackDemoTest' ],
    file_name: 'src/test/java/com/browserstack/BStackDemoTest.java',
    vc_filepath: '',
    location: 'src/test/java/com/browserstack/BStackDemoTest.java',
    meta: {},
    result: 'passed',
    duration_in_ms: 9552,
    started_at: '2026-08-01T15:36:04.611Z',
    finished_at: '2026-08-01T15:36:14.163Z',
    failure: null,
    failure_type: null,
    failure_reason: null,
    retry_of: null,
    custom_metadata: {},
    tags: [],
    customRerunParam: { rerun_name: 'BStackDemo-1' },
    hooks: [ '5df5054f-1415-4aa1-a3ba-38d84947b429' ],
    product_map: {
      observability: true,
      accessibility: false,
      percy: false,
      automate: true,
      app_automate: false,
      lts: false
    }
  },
  logs: []
} to 30005:0
2026-08-01T15:36:14.768Z CLI info [testhub:request-queue-handler]  [mwmv9k7u9kvh0dw8bzertjsxix0onrx7ocgfcf0u]  [af5e4395-f6d1-4725-b3a2-d2dbf924d567]  Added the event {
  event_type: 'CBTSessionCreated',
  test_run: {
    uuid: '6d7a55f0-97f6-42b3-81c7-9dc9d2ffe1cd',
    integrations: { browserstack: [Object] }
  }
} to 30005:0
2026-08-01T15:36:14.774Z CLI info [testhub:request-queue-handler]  [mwmv9k7u9kvh0dw8bzertjsxix0onrx7ocgfcf0u]  [af5e4395-f6d1-4725-b3a2-d2dbf924d567]  Added the event {
  event_type: 'HookRunStarted',
  hook_run: {
    type: 'hook',
    hook_type: 'AFTER_METHOD',
    framework: 'TestNG',
    uuid: '6d7a55f0-97f6-42b3-81c7-9dc9d2ffe1cd',
    name: 'tearDown',
    result: 'pending',
    test_run_id: '04b4e171-7792-4e45-92c0-e85cdca042d3',
    body: { lang: 'java', code: null },
    scope: 'Cross-Platform.com.browserstack.BStackDemoTest',
    custom_metadata: {},
    tags: [],
    scopes: [ 'Cross-Platform', 'com.browserstack.BStackDemoTest' ],
    file_name: 'testng-browserstack-master/src/test/java/com/browserstack/BStackDemoTest.java',
    vc_filepath: '',
    location: 'testng-browserstack-master/src/test/java/com/browserstack/BStackDemoTest.java',
    started_at: '2026-08-01T15:36:14.761Z'
  },
  logs: []
} to 30005:0
2026-08-01T15:36:15.683Z CLI info [testhub:request-queue-handler]  [mwmv9k7u9kvh0dw8bzertjsxix0onrx7ocgfcf0u]  [af5e4395-f6d1-4725-b3a2-d2dbf924d567]  Processing batch event [
  {
    event_type: 'TestRunFinished',
    test_run: {
      type: 'test',
      framework: 'TestNG',
      uuid: '04b4e171-7792-4e45-92c0-e85cdca042d3',
      name: 'addProductToCart',
      body: {
        lang: 'java',
        code: 'public void com.browserstack.BStackDemoTest.addProductToCart() throws java.lang.Exception'
      },
      identifier: 'addProductToCart',
      scope: 'Cross-Platform.com.browserstack.BStackDemoTest',
      scopes: [ 'Cross-Platform', 'com.browserstack.BStackDemoTest' ],
      file_name: 'src/test/java/com/browserstack/BStackDemoTest.java',
      vc_filepath: '',
      location: 'src/test/java/com/browserstack/BStackDemoTest.java',
      meta: {},
      result: 'passed',
      duration_in_ms: 9552,
      started_at: '2026-08-01T15:36:04.611Z',
      finished_at: '2026-08-01T15:36:14.163Z',
      failure: null,
      failure_type: null,
      failure_reason: null,
      retry_of: null,
      custom_metadata: {},
      tags: [],
      customRerunParam: { rerun_name: 'BStackDemo-1' },
      hooks: [ '5df5054f-1415-4aa1-a3ba-38d84947b429' ],
      product_map: {
        observability: true,
        accessibility: false,
        percy: false,
        automate: true,
        app_automate: false,
        lts: false
      }
    },
    logs: []
  },
  {
    event_type: 'CBTSessionCreated',
    test_run: {
      uuid: '6d7a55f0-97f6-42b3-81c7-9dc9d2ffe1cd',
      integrations: {
        browserstack: {
          product: 'automate',
          session_id: '9c2a1342a1dbd8d90c86b53d0e77df8727653514',
          capabilities: {
            acceptInsecureCerts: false,
            browserName: 'Safari',
            browserVersion: '15.6.1',
            optimalHubUrl: 'hub-aps.browserstack.com',
            platformName: 'MAC',
            'safari:automaticInspection': false,
            'safari:automaticProfiling': false,
            'safari:diagnose': false,
            'safari:platformBuildVersion': '21G83',
            'safari:platformVersion': '12.5.1',
            'safari:useSimulator': false,
            setWindowRect: true,
            strictFileInteractability: false,
            'webdriver.remote.sessionid': '9c2a1342a1dbd8d90c86b53d0e77df8727653514',
            'webkit:WebRTC': {
              DisableICECandidateFiltering: false,
              DisableInsecureMediaCapture: false
            }
          },
          platform: 'OS X',
          platform_version: 'Monterey',
          browser: 'Safari',
          browser_version: '15.6'
        }
      }
    }
  },
  {
    event_type: 'HookRunStarted',
    hook_run: {
      type: 'hook',
      hook_type: 'AFTER_METHOD',
      framework: 'TestNG',
      uuid: '6d7a55f0-97f6-42b3-81c7-9dc9d2ffe1cd',
      name: 'tearDown',
      result: 'pending',
      test_run_id: '04b4e171-7792-4e45-92c0-e85cdca042d3',
      body: { lang: 'java', code: null },
      scope: 'Cross-Platform.com.browserstack.BStackDemoTest',
      custom_metadata: {},
      tags: [],
      scopes: [ 'Cross-Platform', 'com.browserstack.BStackDemoTest' ],
      file_name: 'testng-browserstack-master/src/test/java/com/browserstack/BStackDemoTest.java',
      vc_filepath: '',
      location: 'testng-browserstack-master/src/test/java/com/browserstack/BStackDemoTest.java',
      started_at: '2026-08-01T15:36:14.761Z'
    },
    logs: []
  }
] to 30005:0
2026-08-01T15:36:15.683Z CLI info  [mwmv9k7u9kvh0dw8bzertjsxix0onrx7ocgfcf0u]  [af5e4395-f6d1-4725-b3a2-d2dbf924d567]  [PRODUCTION] Making POST request to https://collector-observability.browserstack.com
2026-08-01T15:36:16.444Z CLI info [testhub:request-queue-handler]  [mwmv9k7u9kvh0dw8bzertjsxix0onrx7ocgfcf0u]  [af5e4395-f6d1-4725-b3a2-d2dbf924d567]  Added the event {
  event_type: 'HookRunFinished',
  hook_run: {
    type: 'hook',
    hook_type: 'AFTER_METHOD',
    framework: 'TestNG',
    uuid: '6d7a55f0-97f6-42b3-81c7-9dc9d2ffe1cd',
    name: 'tearDown',
    result: 'passed',
    test_run_id: '04b4e171-7792-4e45-92c0-e85cdca042d3',
    body: { lang: 'java', code: null },
    scope: 'Cross-Platform.com.browserstack.BStackDemoTest',
    custom_metadata: {},
    tags: [],
    scopes: [ 'Cross-Platform', 'com.browserstack.BStackDemoTest' ],
    file_name: 'testng-browserstack-master/src/test/java/com/browserstack/BStackDemoTest.java',
    vc_filepath: '',
    location: 'testng-browserstack-master/src/test/java/com/browserstack/BStackDemoTest.java',
    started_at: '2026-08-01T15:36:14.761Z',
    finished_at: '2026-08-01T15:36:16.439Z'
  },
  logs: []
} to 30005:0
2026-08-01T15:36:17.683Z CLI info [testhub:request-queue-handler]  [mwmv9k7u9kvh0dw8bzertjsxix0onrx7ocgfcf0u]  [af5e4395-f6d1-4725-b3a2-d2dbf924d567]  Processing batch event [
  {
    event_type: 'HookRunFinished',
    hook_run: {
      type: 'hook',
      hook_type: 'AFTER_METHOD',
      framework: 'TestNG',
      uuid: '6d7a55f0-97f6-42b3-81c7-9dc9d2ffe1cd',
      name: 'tearDown',
      result: 'passed',
      test_run_id: '04b4e171-7792-4e45-92c0-e85cdca042d3',
      body: { lang: 'java', code: null },
      scope: 'Cross-Platform.com.browserstack.BStackDemoTest',
      custom_metadata: {},
      tags: [],
      scopes: [ 'Cross-Platform', 'com.browserstack.BStackDemoTest' ],
      file_name: 'testng-browserstack-master/src/test/java/com/browserstack/BStackDemoTest.java',
      vc_filepath: '',
      location: 'testng-browserstack-master/src/test/java/com/browserstack/BStackDemoTest.java',
      started_at: '2026-08-01T15:36:14.761Z',
      finished_at: '2026-08-01T15:36:16.439Z'
    },
    logs: []
  }
] to 30005:0
2026-08-01T15:36:17.684Z CLI info  [mwmv9k7u9kvh0dw8bzertjsxix0onrx7ocgfcf0u]  [af5e4395-f6d1-4725-b3a2-d2dbf924d567]  [PRODUCTION] Making POST request to https://collector-observability.browserstack.com
2026-08-01T15:36:19.055Z CLI warn [TEST REPORTING AND ANALYTICS:java:testng]  [mwmv9k7u9kvh0dw8bzertjsxix0onrx7ocgfcf0u]  [af5e4395-f6d1-4725-b3a2-d2dbf924d567]  TestRunFinished: event={"test_hook_last_started":"BEFORE_METHOD","test_failure_type":null,"test_rerun_name":"BStackDemo-2","test_result_at":"2026-08-01T21:06:18.454636","test_scope":"Cross-Platform.com.browserstack.BStackDemoTest","test_framework_name":"TestNG","test_tags":"","cbt_session_created":true,"test_started_at":"2026-08-01T21:06:10.384931","platform_index":2,"test_failure":null,"test_framework_version":"7.4.0","test_logs":[],"test_scopes":["Cross-Platform","com.browserstack.BStackDemoTest"],"test_code":"public void com.browserstack.BStackDemoTest.addProductToCart() throws java.lang.Exception","test_id":"BStackDemo-2@2","test_uuid":"41f4b9e2-7a93-46a6-97ac-b7b9e035366e","test_ended_at":"2026-08-01T21:06:18.454974","automate_session_name":"BStackDemo-22","hookAttachStartMs":1785598550264,"test_hook_last_finished":"BEFORE_METHOD","test_session_name":"com.browserstack.BStackDemoTest-addProductToCart","custom_metadata":{},"test_failure_reason":null,"test_location":"src/test/java/com/browserstack/BStackDemoTest.java","test_hooks_started":{"BEFORE_METHOD":[]},"test_file_path":"src/test/java/com/browserstack/BStackDemoTest.java","test_result":"passed","test_hooks_finished":{"BEFORE_METHOD":[{"hook_name":"setUp","hook_result":"passed","test_file_path":"testng-browserstack-master/src/test/java/com/browserstack/BStackDemoTest.java","event_started_at":"2026-08-01T21:05:50.298155","hook_id":"b72d797c-0d73-4891-97b4-f419dd22a7c4","hook_logs":[],"logs":[],"key":"BEFORE_METHOD","custom_metadata":{},"event_ended_at":"2026-08-01T21:06:10.376426","test_location":"testng-browserstack-master/src/test/java/com/browserstack/BStackDemoTest.java"}]},"hook_id":"b72d797c-0d73-4891-97b4-f419dd22a7c4","test_meta":{},"isBrowserstackAutomationSession":true,"test_name":"addProductToCart","logs":[]}
2026-08-01T15:36:19.057Z CLI info [testhub:request-queue-handler]  [mwmv9k7u9kvh0dw8bzertjsxix0onrx7ocgfcf0u]  [af5e4395-f6d1-4725-b3a2-d2dbf924d567]  Added the event {
  event_type: 'TestRunFinished',
  test_run: {
    type: 'test',
    framework: 'TestNG',
    uuid: '41f4b9e2-7a93-46a6-97ac-b7b9e035366e',
    name: 'addProductToCart',
    body: {
      lang: 'java',
      code: 'public void com.browserstack.BStackDemoTest.addProductToCart() throws java.lang.Exception'
    },
    identifier: 'addProductToCart',
    scope: 'Cross-Platform.com.browserstack.BStackDemoTest',
    scopes: [ 'Cross-Platform', 'com.browserstack.BStackDemoTest' ],
    file_name: 'src/test/java/com/browserstack/BStackDemoTest.java',
    vc_filepath: '',
    location: 'src/test/java/com/browserstack/BStackDemoTest.java',
    meta: {},
    result: 'passed',
    duration_in_ms: 8070,
    started_at: '2026-08-01T15:36:10.384Z',
    finished_at: '2026-08-01T15:36:18.454Z',
    failure: null,
    failure_type: null,
    failure_reason: null,
    retry_of: null,
    custom_metadata: {},
    tags: [],
    customRerunParam: { rerun_name: 'BStackDemo-2' },
    hooks: [ 'b72d797c-0d73-4891-97b4-f419dd22a7c4' ],
    product_map: {
      observability: true,
      accessibility: false,
      percy: false,
      automate: true,
      app_automate: false,
      lts: false
    }
  },
  logs: []
} to 30005:0
2026-08-01T15:36:19.080Z CLI info [testhub:request-queue-handler]  [mwmv9k7u9kvh0dw8bzertjsxix0onrx7ocgfcf0u]  [af5e4395-f6d1-4725-b3a2-d2dbf924d567]  Added the event {
  event_type: 'CBTSessionCreated',
  test_run: {
    uuid: '900648ea-2212-4798-8841-f64b7d50eaf3',
    integrations: { browserstack: [Object] }
  }
} to 30005:0
2026-08-01T15:36:19.087Z CLI info [testhub:request-queue-handler]  [mwmv9k7u9kvh0dw8bzertjsxix0onrx7ocgfcf0u]  [af5e4395-f6d1-4725-b3a2-d2dbf924d567]  Added the event {
  event_type: 'HookRunStarted',
  hook_run: {
    type: 'hook',
    hook_type: 'AFTER_METHOD',
    framework: 'TestNG',
    uuid: '900648ea-2212-4798-8841-f64b7d50eaf3',
    name: 'tearDown',
    result: 'pending',
    test_run_id: '41f4b9e2-7a93-46a6-97ac-b7b9e035366e',
    body: { lang: 'java', code: null },
    scope: 'Cross-Platform.com.browserstack.BStackDemoTest',
    custom_metadata: {},
    tags: [],
    scopes: [ 'Cross-Platform', 'com.browserstack.BStackDemoTest' ],
    file_name: 'testng-browserstack-master/src/test/java/com/browserstack/BStackDemoTest.java',
    vc_filepath: '',
    location: 'testng-browserstack-master/src/test/java/com/browserstack/BStackDemoTest.java',
    started_at: '2026-08-01T15:36:19.075Z'
  },
  logs: []
} to 30005:0
2026-08-01T15:36:19.685Z CLI info [testhub:request-queue-handler]  [mwmv9k7u9kvh0dw8bzertjsxix0onrx7ocgfcf0u]  [af5e4395-f6d1-4725-b3a2-d2dbf924d567]  Processing batch event [
  {
    event_type: 'TestRunFinished',
    test_run: {
      type: 'test',
      framework: 'TestNG',
      uuid: '41f4b9e2-7a93-46a6-97ac-b7b9e035366e',
      name: 'addProductToCart',
      body: {
        lang: 'java',
        code: 'public void com.browserstack.BStackDemoTest.addProductToCart() throws java.lang.Exception'
      },
      identifier: 'addProductToCart',
      scope: 'Cross-Platform.com.browserstack.BStackDemoTest',
      scopes: [ 'Cross-Platform', 'com.browserstack.BStackDemoTest' ],
      file_name: 'src/test/java/com/browserstack/BStackDemoTest.java',
      vc_filepath: '',
      location: 'src/test/java/com/browserstack/BStackDemoTest.java',
      meta: {},
      result: 'passed',
      duration_in_ms: 8070,
      started_at: '2026-08-01T15:36:10.384Z',
      finished_at: '2026-08-01T15:36:18.454Z',
      failure: null,
      failure_type: null,
      failure_reason: null,
      retry_of: null,
      custom_metadata: {},
      tags: [],
      customRerunParam: { rerun_name: 'BStackDemo-2' },
      hooks: [ 'b72d797c-0d73-4891-97b4-f419dd22a7c4' ],
      product_map: {
        observability: true,
        accessibility: false,
        percy: false,
        automate: true,
        app_automate: false,
        lts: false
      }
    },
    logs: []
  },
  {
    event_type: 'CBTSessionCreated',
    test_run: {
      uuid: '900648ea-2212-4798-8841-f64b7d50eaf3',
      integrations: {
        browserstack: {
          product: 'automate',
          session_id: '95dafebfe099a289825e5efdd481e99688b7f337',
          capabilities: {
            automationName: 'XCUITest',
            bootstrapPath: '/usr/local/.browserstack/config/wda_derived_data_15_3.3.0.11.0.0_515e29e8-234f-4a0f-a938-5ab844beed3d/Build/Products',
            browserName: 'safari',
            'browserstack.isTargetBased': 'true',
            databaseEnabled: false,
            deviceName: 'iPhone 13',
            deviceOrientation: 'PORTRAIT',
            javascriptEnabled: true,
            keychainPassword: '[REDACTED VALUE]',
            keychainPath: '[REDACTED VALUE]',
            locationContextEnabled: false,
            networkConnectionEnabled: false,
            newCommandTimeout: 0,
            noReset: true,
            optimalHubUrl: 'hub-aps.browserstack.com',
            orientation: 'PORTRAIT',
            platform: 'MAC',
            platformName: 'IOS',
            realMobile: 'true',
            safariIgnoreFraudWarning: true,
            takesScreenshot: true,
            udid: '00008110-001E2841227B801E',
            useXctestrunFile: true,
            webStorageEnabled: false
          },
          platform: 'IOS',
          platform_version: '15',
          browser: 'Safari',
          browser_version: undefined,
          device_name: 'iPhone 13'
        }
      }
    }
  },
  {
    event_type: 'HookRunStarted',
    hook_run: {
      type: 'hook',
      hook_type: 'AFTER_METHOD',
      framework: 'TestNG',
      uuid: '900648ea-2212-4798-8841-f64b7d50eaf3',
      name: 'tearDown',
      result: 'pending',
      test_run_id: '41f4b9e2-7a93-46a6-97ac-b7b9e035366e',
      body: { lang: 'java', code: null },
      scope: 'Cross-Platform.com.browserstack.BStackDemoTest',
      custom_metadata: {},
      tags: [],
      scopes: [ 'Cross-Platform', 'com.browserstack.BStackDemoTest' ],
      file_name: 'testng-browserstack-master/src/test/java/com/browserstack/BStackDemoTest.java',
      vc_filepath: '',
      location: 'testng-browserstack-master/src/test/java/com/browserstack/BStackDemoTest.java',
      started_at: '2026-08-01T15:36:19.075Z'
    },
    logs: []
  }
] to 30005:0
2026-08-01T15:36:19.686Z CLI info  [mwmv9k7u9kvh0dw8bzertjsxix0onrx7ocgfcf0u]  [af5e4395-f6d1-4725-b3a2-d2dbf924d567]  [PRODUCTION] Making POST request to https://collector-observability.browserstack.com
2026-08-01T15:36:20.763Z CLI info [testhub:request-queue-handler]  [mwmv9k7u9kvh0dw8bzertjsxix0onrx7ocgfcf0u]  [af5e4395-f6d1-4725-b3a2-d2dbf924d567]  Added the event {
  event_type: 'HookRunFinished',
  hook_run: {
    type: 'hook',
    hook_type: 'AFTER_METHOD',
    framework: 'TestNG',
    uuid: '900648ea-2212-4798-8841-f64b7d50eaf3',
    name: 'tearDown',
    result: 'passed',
    test_run_id: '41f4b9e2-7a93-46a6-97ac-b7b9e035366e',
    body: { lang: 'java', code: null },
    scope: 'Cross-Platform.com.browserstack.BStackDemoTest',
    custom_metadata: {},
    tags: [],
    scopes: [ 'Cross-Platform', 'com.browserstack.BStackDemoTest' ],
    file_name: 'testng-browserstack-master/src/test/java/com/browserstack/BStackDemoTest.java',
    vc_filepath: '',
    location: 'testng-browserstack-master/src/test/java/com/browserstack/BStackDemoTest.java',
    started_at: '2026-08-01T15:36:19.075Z',
    finished_at: '2026-08-01T15:36:20.757Z'
  },
  logs: []
} to 30005:0
2026-08-01T15:36:21.270Z CLI info  [mwmv9k7u9kvh0dw8bzertjsxix0onrx7ocgfcf0u]  [af5e4395-f6d1-4725-b3a2-d2dbf924d567]  [PRODUCTION] Making GET request to https://api.browserstack.com
2026-08-01T15:36:21.273Z CLI info  [mwmv9k7u9kvh0dw8bzertjsxix0onrx7ocgfcf0u]  [af5e4395-f6d1-4725-b3a2-d2dbf924d567]  [PRODUCTION] Making POST request to https://collector-observability.browserstack.com
2026-08-01T15:36:21.938Z CLI info  [mwmv9k7u9kvh0dw8bzertjsxix0onrx7ocgfcf0u]  [af5e4395-f6d1-4725-b3a2-d2dbf924d567]  [PRODUCTION] Making PUT request to https://collector-observability.browserstack.com
2026-08-01T15:36:22.608Z CLI info [testhub:module]  [mwmv9k7u9kvh0dw8bzertjsxix0onrx7ocgfcf0u]  [af5e4395-f6d1-4725-b3a2-d2dbf924d567]  stopBuild: mwmv9k7u9kvh0dw8bzertjsxix0onrx7ocgfcf0u request={"finished_at":"2026-08-01T15:36:21.269Z","finished_metadata":[],"custom_metadata":{}} response={"data":""}
2026-08-01T15:36:22.610Z CLI info  [mwmv9k7u9kvh0dw8bzertjsxix0onrx7ocgfcf0u]  [af5e4395-f6d1-4725-b3a2-d2dbf924d567]  [PRODUCTION] Making POST request to https://api.browserstack.com
2026-08-01T15:36:23.252Z CLI info [TEST REPORTING AND ANALYTICS:module]  [mwmv9k7u9kvh0dw8bzertjsxix0onrx7ocgfcf0u]  [af5e4395-f6d1-4725-b3a2-d2dbf924d567]  Visit https://automation.browserstack.com/builds/mwmv9k7u9kvh0dw8bzertjsxix0onrx7ocgfcf0u to view build report, insights, and many more debugging information all at one place!
2026-08-01T15:36:23.252Z CLI info [ai:module]  [mwmv9k7u9kvh0dw8bzertjsxix0onrx7ocgfcf0u]  [af5e4395-f6d1-4725-b3a2-d2dbf924d567]  onStop: af5e4395-f6d1-4725-b3a2-d2dbf924d567
2026-08-01T15:36:23.325Z CLI info [main]  [mwmv9k7u9kvh0dw8bzertjsxix0onrx7ocgfcf0u]  [af5e4395-f6d1-4725-b3a2-d2dbf924d567]  Received graceful signal termination (SIGTERM), performing cleanup
